ECG,RSP
0.000763,5.9961
-0.00061,5.9906
0.000763,5.9909
0.002289,5.9857
0.005341,5.9818
0.008087,5.9814
0.010376,5.976
0.011444,5.9723
0.010834,5.9717
0.010376,5.9662
0.01297,5.9616
0.013123,5.9619
0.01297,5.9564
0.01297,5.9515
0.010376,5.9521
0.017853,5.9467
0.027618,5.9421
0.057831,5.9412
0.056763,5.9375
0.053864,5.9329
0.055847,5.9329
0.009613,5.9277
-0.014191,5.9253
-0.013885,5.9229
-0.004272,5.918
-0.009003,5.9186
-0.015259,5.9131
-0.014954,5.9134
-0.011597,5.9085
-0.00885,5.9088
-0.006256,5.9033
-0.003967,5.9036
-0.003967,5.8984
-0.003815,5.8939
-0.046844,5.8932
-0.066528,5.889
0.066071,5.8884
0.545197,5.8859
1.094513,5.8841
0.451508,5.8829
-0.21698,5.8789
-0.458374,5.8783
-0.369263,5.8737
-0.194397,5.8734
-0.108185,5.8691
-0.077515,5.8688
-0.058899,5.867
-0.046082,5.8643
-0.033569,5.8646
-0.023499,5.8591
-0.013428,5.8588
-0.002747,5.8545
0.007935,5.8536
0.019073,5.8542
0.027618,5.8496
0.037231,5.8502
0.048523,5.8502
0.063171,5.8447
0.078735,5.8441
0.099487,5.8401
0.122833,5.8392
0.144501,5.8353
0.160828,5.835
0.174103,5.8301
0.176544,5.8252
0.158081,5.8206
0.109558,5.8154
0.029449,5.8105
-0.055237,5.8008
-0.127411,5.7962
-0.174103,5.791
-0.202026,5.7816
-0.210724,5.7773
-0.209351,5.7666
-0.197296,5.762
-0.177612,5.7523
-0.161896,5.7474
-0.146027,5.7373
-0.128784,5.7327
-0.113983,5.7227
-0.097198,5.7178
-0.083466,5.7123
-0.070343,5.7031
-0.059052,5.6985
-0.051727,5.6937
-0.04303,5.6882
-0.040741,5.6836
-0.035553,5.679
-0.030823,5.6784
-0.028534,5.6735
-0.026093,5.6686
-0.023804,5.6683
-0.02121,5.6686
-0.02121,5.6647
-0.021362,5.6644
-0.018616,5.6644
-0.018616,5.6641
-0.018616,5.6693
-0.013885,5.6693
-0.013885,5.6741
-0.011597,5.679
-0.009308,5.6827
-0.011444,5.6888
-0.009003,5.6943
-0.003662,5.7016
-0.003815,5.7086
-0.001526,5.7178
0.000916,5.7275
0.001068,5.7376
0.003662,5.7477
0.00061,5.7605
0.005951,5.7718
0.005646,5.7855
0.003204,5.7962
0.005798,5.8105
0.00351,5.8246
0.007629,5.8371
0.010529,5.8502
0.010681,5.8643
0.011902,5.8789
0.013123,5.8932
0.010834,5.9103
0.012817,5.9247
0.00824,5.9418
0.010681,5.9564
0.007172,5.9717
0.008087,5.9863
0.015564,6.0013
0.028839,6.015
0.052948,6.0297
0.042419,6.0446
0.051422,6.0596
0.036469,6.0764
-0.005951,6.0907
-0.021057,6.1053
-0.007629,6.1206
-0.00885,6.1346
-0.022278,6.1487
-0.026093,6.1646
-0.018768,6.1768
-0.018768,6.1908
-0.014038,6.2054
-0.011749,6.2207
-0.011292,6.2323
-0.011444,6.2451
-0.024414,6.2585
-0.079803,6.2689
-0.04715,6.2836
0.181274,6.2936
0.864868,6.3028
0.850372,6.3162
0.198669,6.3272
-0.297241,6.3373
-0.449982,6.3474
-0.338898,6.3574
-0.183258,6.3663
-0.110474,6.3736
-0.075378,6.3806
-0.052643,6.3913
-0.039368,6.4014
-0.031738,6.4102
-0.02243,6.4157
-0.013885,6.4258
-0.006256,6.4346
0.003662,6.4395
0.013275,6.4496
0.020447,6.456
0.030365,6.4645
0.037231,6.4688
0.050964,6.4795
0.06546,6.4835
0.084991,6.4908
0.106812,6.4987
0.127563,6.503
0.138855,6.5073
0.1474,6.5137
0.149841,6.5176
0.132751,6.5231
0.084076,6.528
0.015717,6.5302
-0.057678,6.5326
-0.115051,6.5381
-0.158386,6.5414
-0.17746,6.543
-0.178986,6.5472
-0.171661,6.5475
-0.159454,6.5527
-0.141754,6.553
-0.125275,6.5567
-0.110321,6.5573
-0.096893,6.557
-0.079956,6.5622
-0.070496,6.5622
-0.065155,6.5619
-0.058899,6.5619
-0.049133,6.5628
-0.040588,6.5665
-0.036774,6.5671
-0.033112,6.5662
-0.026093,6.5668
-0.021362,6.5674
-0.021515,6.5625
-0.021057,6.5625
-0.018616,6.5616
-0.016174,6.5616
-0.016174,6.5573
-0.010529,6.557
-0.011139,6.5576
-0.006409,6.5549
-0.006714,6.5527
-0.006409,6.5527
-0.00412,6.5479
-0.003662,6.5482
-0.001526,6.5427
0.000916,6.543
0.005646,6.5424
0.005798,6.5381
0.005493,6.5384
0.005798,6.5323
0.005646,6.5329
0.008087,6.5286
0.010529,6.5277
0.020142,6.5274
0.033569,6.5225
0.064087,6.5225
0.05661,6.5186
0.061035,6.5143
0.050659,6.5143
0.004883,6.5085
-0.016479,6.5088
-0.011139,6.5033
-0.003967,6.4993
-0.011444,6.4938
-0.016022,6.4896
-0.016174,6.4883
-0.013885,6.4835
-0.007172,6.4786
-0.006104,6.474
-0.006561,6.4691
-0.001068,6.4642
0.005798,6.4594
-0.018616,6.4551
-0.065002,6.4493
0.006256,6.4453
0.343018,6.4404
1.049652,6.4346
0.710144,6.4301
-0.008087,6.4249
-0.410004,6.42
-0.415649,6.4108
-0.249481,6.4056
-0.128021,6.4014
-0.080109,6.3956
-0.062408,6.3864
-0.045624,6.3815
-0.033417,6.373
-0.019073,6.3672
-0.011444,6.3571
-0.004425,6.3522
0.003357,6.3419
0.012054,6.3361
0.020599,6.3284
0.031738,6.3184
0.041962,6.308
0.059357,6.3013
0.073547,6.2943
0.095825,6.2836
0.117798,6.2744
0.138855,6.2625
0.157166,6.2503
0.170593,6.2399
0.178223,6.2308
0.166779,6.2158
0.124664,6.2036
0.054626,6.1911
-0.035706,6.1771
-0.117188,6.1624
-0.17395,6.1508
-0.206757,6.1377
-0.218964,6.1234
-0.21698,6.1084
-0.202179,6.0938
-0.187531,6.0791
-0.171509,6.0669
-0.154114,6.0547
-0.137482,6.0391
-0.12146,6.0251
-0.10437,6.0114
-0.08606,6.0013
-0.074921,5.9863
-0.06546,5.9738
-0.055237,5.9616
-0.045471,5.9497
-0.038452,5.9372
-0.030975,5.9271
-0.02594,5.9177
-0.026245,5.9085
-0.023804,5.8981
-0.023651,5.8884
-0.023956,5.8789
-0.023499,5.8691
-0.023651,5.8594
-0.018768,5.8548
-0.018616,5.8447
-0.016174,5.8398
-0.013885,5.8328
-0.01236,5.8252
-0.008698,5.8197
-0.006409,5.8151
-0.00412,5.8105
-0.001526,5.8057
0.00351,5.8011
0.000763,5.7959
0.001068,5.7953
0.004578,5.7913
0.005493,5.7864
0.005646,5.7858
0.003357,5.7812
0.005493,5.7812
0.007782,5.7761
0.007935,5.7764
0.008545,5.7721
0.010834,5.7718
0.00824,5.7718
0.00946,5.7721
0.00824,5.7715
0.005646,5.7666
0.010986,5.7666
0.016174,5.7666
0.045319,5.7669
0.063782,5.7672
0.057068,5.7663
0.064392,5.7657
0.031738,5.7669
-0.002899,5.7666
-0.018921,5.766
-0.009155,5.7669
-0.010223,5.7715
-0.021057,5.7712
-0.021057,5.7715
-0.018311,5.7715
-0.016327,5.7718
-0.011749,5.7715
-0.010986,5.7715
-0.004272,5.7761
-0.001526,5.777
-0.012512,5.7767
-0.067444,5.7764
-0.022888,5.7764
0.251465,5.7767
0.959473,5.7812
0.818024,5.7812
0.051422,5.7806
-0.404205,5.7809
-0.430298,5.7806
-0.270386,5.7852
-0.136108,5.7858
-0.08606,5.7861
-0.06134,5.7861
-0.045471,5.791
-0.033569,5.7904
-0.02121,5.7904
-0.014191,5.7913
-0.006714,5.7956
0.001984,5.7956
0.008087,5.7962
0.015869,5.8005
0.028992,5.8008
0.042114,5.8008
0.055389,5.8057
0.066528,5.8051
0.076294,5.8051
0.095825,5.8109
0.119019,5.8102
0.138702,5.8102
0.15686,5.8102
0.15976,5.8157
0.155029,5.8154
0.133972,5.8151
0.068359,5.8215
-0.009918,5.8197
-0.087128,5.8203
-0.151672,5.8252
-0.191345,5.8249
-0.202026,5.8304
-0.202484,5.8304
-0.197449,5.835
-0.190735,5.834
-0.170746,5.8401
-0.147247,5.845
-0.138855,5.8484
-0.116882,5.8496
-0.104218,5.8542
-0.094604,5.8597
-0.076294,5.8643
-0.058899,5.8728
-0.055237,5.8786
-0.045624,5.8838
-0.045624,5.8881
-0.037994,5.8984
-0.027313,5.9036
-0.023651,5.9116
-0.025787,5.918
-0.026093,5.9268
-0.014191,5.9366
-0.016174,5.9421
-0.018921,5.9521
-0.028381,5.9625
-0.020905,5.9756
-0.021057,5.9863
-0.013733,5.9964
-0.008698,6.0086
-0.006409,6.0199
-0.011292,6.0345
-0.003815,6.0449
0.004425,6.0553
0.013275,6.0742
0.000916,6.0889
-0.002899,6.1035
-0.021057,6.1179
-0.012817,6.1316
0.015106,6.1453
0.013275,6.1594
0.017548,6.1725
0.013123,6.1859
0.059357,6.2006
0.003662,6.2158
0.006866,6.2299
0.032654,6.2445
0.035248,6.2585
0.050507,6.2738
0.048218,6.2836
-0.018616,6.2988
-0.028687,6.311
-0.025787,6.3174
-0.022278,6.3376
-0.012817,6.3513
-0.013428,6.3623
-0.031128,6.3754
-0.026245,6.3861
-0.016174,6.3959
-0.024872,6.4105
0.000763,6.4212
-0.000458,6.4307
-0.003967,6.4441
-0.056152,6.4548
-0.083313,6.4648
0.062714,6.4737
0.570221,6.4832
0.975342,6.4984
0.415344,6.5079
-0.142212,6.5176
-0.436249,6.5283
-0.397034,6.5372
-0.233917,6.5469
-0.116577,6.5567
-0.092468,6.5659
-0.065308,6.5738
-0.054169,6.5848
-0.024719,6.5921
-0.009308,6.6006
-0.006561,6.6113
0.006714,6.6211
0.015106,6.6302
0.022888,6.6409
0.030212,6.6495
0.034943,6.6592
0.041199,6.6693
0.056305,6.6797
0.063934,6.6861
0.076447,6.6937
0.090942,6.7035
0.106659,6.7133
0.117798,6.7209
0.122833,6.7279
0.122986,6.7377
0.114288,6.7429
0.077667,6.7526
0.010681,6.7596
-0.062866,6.7667
-0.122375,6.7737
-0.157776,6.781
-0.175323,6.7868
-0.177765,6.7963
-0.170288,6.8011
-0.156097,6.8103
-0.142365,6.8149
-0.123901,6.821
-0.109406,6.8301
-0.094452,6.8344
-0.07843,6.8402
-0.061798,6.8497
-0.054321,6.8542
-0.045624,6.8597
-0.036011,6.8643
-0.03067,6.8643
-0.021362,6.8652
-0.016327,6.8646
-0.013733,6.8643
-0.011444,6.8646
-0.004883,6.8646
-0.001831,6.8646
-0.001373,6.8646
0.000305,6.8646
0.003357,6.8649
0.005798,6.8643
0.008087,6.8637
0.010376,6.9131
0.003204,6.918
0.00351,6.9235
0.005951,6.9281
0.005341,6.9327
0.005646,6.9373
0.008087,6.9424
0.015869,6.9467
0.026855,6.9528
0.053101,6.9568
0.052032,6.962
0.053101,6.9666
0.055847,6.9717
0.012054,6.9763
-0.013885,6.9815
-0.011444,6.9867
-0.001373,6.9861
-0.011292,6.9919
-0.016327,6.9958
-0.013428,7.0013
-0.011139,7.0032
-0.004272,7.0062
-0.001678,7.0105
-0.001678,7.0151
0.000458,7.0166
0.000763,7.0209
-0.04303,7.0206
-0.061646,7.0255
0.063171,7.03
0.485382,7.0303
1.040344,7.0361
0.547791,7.0355
-0.061798,7.0407
-0.403137,7.0401
-0.394745,7.0447
-0.241089,7.0447
-0.133057,7.0499
-0.086365,7.0502
-0.062561,7.0547
-0.046692,7.0547
-0.035706,7.059
-0.028992,7.0593
-0.016479,7.0645
-0.006409,7.0645
-0.001678,7.0645
0.003357,7.0691
0.013123,7.0694
0.026398,7.0697
0.037689,7.0691
0.049286,7.0691
0.06424,7.0697
0.083618,7.0688
0.106812,7.0691
0.129395,7.0691
0.144501,7.0691
0.152283,7.0648
0.149841,7.0645
0.139008,7.0599
0.102386,7.0541
0.032196,7.0551
-0.048828,7.0502
-0.11261,7.045
-0.152283,7.0404
-0.176544,7.0319
-0.185394,7.0258
-0.180359,7.0206
-0.16861,7.0111
-0.153198,7.0062
-0.136108,6.9971
-0.119019,6.9867
-0.103149,6.9772
-0.089874,6.9702
-0.073853,6.9601
-0.063019,6.9504
-0.055389,6.9385
-0.048065,6.9275
-0.038605,6.9186
-0.035706,6.9086
-0.033112,6.8945
-0.026245,6.8848
-0.02121,6.8744
-0.021362,6.8604
-0.023956,6.8506
-0.02121,6.835
-0.021057,6.8253
-0.016327,6.8106
-0.018768,6.7969
-0.010986,6.7871
-0.011597,6.7712
-0.011139,6.7575
-0.009308,6.7438
-0.006561,6.7334
-0.003815,6.7188
-0.001221,6.7032
0.000763,6.6888
0.000916,6.6736
0.000916,6.6623
0.000916,6.6504
0.001068,6.6351
0.010681,6.6211
0.021973,6.6061
0.053864,6.5918
0.056763,6.5811
0.057068,6.5671
0.050812,6.553
0.007019,6.5427
-0.018311,6.5283
-0.019226,6.5143
-0.006561,6.5039
-0.013733,6.4893
-0.023651,6.4789
-0.021515,6.4642
-0.012665,6.4548
-0.006561,6.4404
-0.00412,6.4301
0.000763,6.416
0.00351,6.4059
0.001068,6.3959
-0.046387,6.3837
-0.046997,6.3715
0.122833,6.3617
0.665436,6.3525
1.094208,6.3422
0.381165,6.3327
-0.254669,6.3229
-0.463562,6.3135
-0.35614,6.3034
-0.180969,6.2939
-0.105896,6.2833
-0.038757,6.2735
-0.029297,6.264
-0.063477,6.2543
-0.080109,6.2448
-0.049591,6.235
-0.012665,6.2256
-0.006561,6.2161
0.064545,6.2079
0.049896,6.2009
0.057831,6.1908
0.013275,6.1816
0.032349,6.1719
0.079498,6.1621
0.106964,6.152
0.114136,6.1426
0.16449,6.1328
0.133057,6.1185
0.110474,6.1081
0.13855,6.0931
0.167847,6.0815
0.136566,6.069
0.110931,6.0547
0.057068,6.0397
-0.111847,6.0248
-0.177612,6.0104
-0.196838,5.9961
-0.230103,5.9821
-0.215759,5.9659
-0.16449,5.9521
-0.151672,5.9369
-0.214386,5.9204
-0.185089,5.9042
-0.145111,5.8893
-0.11673,5.8737
-0.100555,5.8594
-0.086975,5.845
-0.079803,5.8298
-0.06546,5.8154
-0.050659,5.8002
-0.045776,5.7864
-0.040588,5.7718
-0.035858,5.7568
-0.030823,5.7449
-0.033264,5.733
-0.028229,5.7181
-0.026398,5.7083
-0.023651,5.6964
-0.020905,5.6839
-0.018616,5.6741
-0.023651,5.6647
-0.023956,5.6503
-0.018616,5.64
-0.018616,5.6299
-0.014801,5.6195
-0.011292,5.6107
-0.003967,5.5991
-0.00885,5.5865
-0.008698,5.5768
-0.006409,5.5673
-0.002289,5.5573
-0.003967,5.5466
-0.006561,5.5374
-0.003815,5.5273
-0.000458,5.513
0.003357,5.5035
0.005798,5.4938
0.003204,5.4837
0.003357,5.4742
0.005646,5.4636
0.008392,5.4544
0.010681,5.4446
0.010681,5.4349
0.01297,5.4245
0.020599,5.4156
0.032196,5.4102
0.066681,5.4007
0.061798,5.3903
0.067596,5.3864
0.067749,5.3763
0.014648,5.3717
-0.01358,5.3619
-0.016479,5.3564
-0.009003,5.3491
-0.014038,5.3424
-0.019836,5.3375
-0.019836,5.3323
-0.011444,5.3278
-0.00885,5.3223
-0.003662,5.318
-0.001526,5.3131
-0.001221,5.3088
-0.007629,5.3079
-0.066223,5.3036
-0.053558,5.2985
0.163727,5.2985
0.798035,5.2933
1.00769,5.2939
0.217133,5.2884
-0.358124,5.2884
-0.451813,5.2881
-0.303345,5.2835
-0.153656,5.2838
-0.100555,5.2841
-0.077667,5.2835
-0.059204,5.2786
-0.045624,5.2783
-0.033264,5.2789
-0.022125,5.2786
-0.009003,5.2786
0.003357,5.2786
0.01297,5.2835
0.022736,5.2838
0.034943,5.2835
0.044861,5.2832
0.055847,5.2835
0.070496,5.2835
0.08728,5.2838
0.105133,5.2835
0.125275,5.2841
0.143585,5.2838
0.159149,5.278
0.16922,5.2789
0.169067,5.2734
0.146027,5.2689
0.085449,5.2637
0.002594,5.2594
-0.080719,5.2493
-0.144501,5.2441
-0.183716,5.2347
-0.204315,5.2295
-0.207062,5.22
-0.199738,5.2109
-0.184937,5.2048
-0.168457,5.1959
-0.151215,5.1852
-0.13382,5.1782
-0.120239,5.1709
-0.106964,5.1614
-0.091248,5.1569
-0.078735,5.1468
-0.067444,5.1419
-0.057983,5.1321
-0.052795,5.1279
-0.046082,5.1221
-0.0383,5.1151
-0.033417,5.1083
-0.028534,5.1028
-0.028534,5.0983
-0.028839,5.0958
-0.026093,5.0931
-0.021515,5.0876
-0.018768,5.0839
-0.018921,5.0836
-0.016174,5.079
-0.013733,5.0787
-0.011597,5.0745
-0.009155,5.0748
-0.006866,5.0745
-0.006561,5.0696
-0.001984,5.0693
0.000458,5.0699
0.00351,5.0696
0.005798,5.0693
0.005646,5.0696
0.007782,5.0693
-0.001068,5.0742
0.003357,5.0742
0.003204,5.0748
0.00946,5.079
0.013275,5.079
0.008545,5.0836
0.005493,5.0836
0.010681,5.0879
0.010681,5.0885
0.011902,5.0931
0.01297,5.098
0.018158,5.098
0.031281,5.1028
0.060272,5.1077
0.056458,5.1114
0.059052,5.1126
0.058136,5.1172
0.012054,5.1233
-0.011292,5.1273
-0.011597,5.1279
-0.00412,5.1324
-0.011597,5.137
-0.020905,5.1416
-0.021057,5.1465
-0.016174,5.1471
-0.016174,5.1514
-0.011444,5.1562
-0.006409,5.1614
-0.009003,5.1666
-0.019989,5.1669
-0.081482,5.1715
-0.057068,5.1761
0.202332,5.1807
0.919189,5.1859
0.895081,5.191
0.126343,5.1953
-0.377045,5.2008
-0.450745,5.2054
-0.306091,5.2103
-0.160828,5.2155
-0.104675,5.2231
-0.077515,5.2301
-0.057983,5.235
-0.044403,5.2396
-0.031128,5.2451
-0.023499,5.2496
-0.018616,5.2585
-0.004883,5.264
0.005493,5.2689
0.015259,5.2786
0.022736,5.2832
0.031586,5.2933
0.040894,5.2979
0.052948,5.3082
0.070343,5.3131
0.089569,5.3229
0.1091,5.3278
0.127411,5.3372
0.142212,5.3418
0.154572,5.3525
0.154877,5.3574
0.131683,5.3668
0.075073,5.3717
0.000153,5.3799
-0.070953,5.3864
-0.132294,5.3952
-0.167999,5.4001
-0.182648,5.4108
-0.180511,5.4175
-0.172729,5.4248
-0.161896,5.4352
-0.147247,5.4446
-0.1297,5.455
-0.114441,5.4642
-0.102844,5.4742
-0.088501,5.4837
-0.077515,5.4959
-0.067596,5.5084
-0.062714,5.5179
-0.052948,5.5301
-0.04364,5.5426
-0.039368,5.5573
-0.033569,5.5658
-0.02594,5.5814
-0.023804,5.5951
-0.021362,5.6088
-0.018921,5.6204
-0.020752,5.6351
-0.018768,5.6485
-0.018616,5.6641
-0.018616,5.6781
-0.014038,5.6934
-0.013885,5.7083
-0.013885,5.7233
-0.005188,5.7373
-0.006409,5.7547
-0.00412,5.769
-0.003967,5.7855
-0.001678,5.8002
-0.001373,5.8151
0.000763,5.8301
0.001068,5.8441
0.000763,5.8588
0.00824,5.8743
0.010681,5.8881
0.015564,5.903
0.028839,5.9183
0.052032,5.9326
0.04715,5.9476
0.061798,5.9616
0.045776,5.9766
0.005798,5.9909
-0.016327,6.0062
-0.010986,6.0205
-0.011749,6.0345
-0.011444,6.0443
-0.011444,6.0596
-0.010986,6.0739
-0.011139,6.0883
-0.011444,6.0983
-0.011444,6.1133
-0.011139,6.1261
-0.011444,6.1374
-0.011444,6.152
-0.011444,6.1621
-0.011597,6.1716
-0.102844,6.1865
0.511322,6.1966
0.617523,6.2054
-0.00824,6.2155
-0.507507,6.2256
-0.6633,6.2354
-0.546722,6.2442
-0.365448,6.2549
-0.267181,6.2631
-0.223083,6.2698
-0.186005,6.2784
-0.154572,6.2839
-0.148621,6.2885
-0.106964,6.2939
-0.101929,6.3016
-0.066376,6.3028
-0.063019,6.308
-0.034332,6.3138
-0.033417,6.3184
-0.00885,6.3181
-0.009003,6.3208
-0.009003,6.3235
-0.009003,6.3229
-0.009003,6.3232
-0.009003,6.3232
-0.009155,6.3181
-0.009155,6.3181
-0.009003,6.3129
-0.009003,6.3086
-0.009003,6.3034
-0.009003,6.2991
-0.008698,6.2888
-0.009308,6.2793
-0.008698,6.2744
-0.009155,6.2619
-0.00885,6.25
-0.00885,6.2408
-0.00885,6.2274
-0.00885,6.2155
0.046844,6.2012
0.283813,6.1887
0.298767,6.1774
0.280762,6.1624
0.26123,6.1478
0.241241,6.1322
0.220795,6.1151
0.199127,6.0992
0.179901,6.084
0.164795,6.069
0.147095,6.055
0.130005,6.0361
0.112915,6.0208
0.098572,6.0056
0.086212,5.9912
0.077362,5.9738
0.067139,5.957
0.059052,5.9421
0.048218,5.9277
0.039368,5.9131
0.035095,5.8984
0.030518,5.8835
0.02533,5.8691
0.022736,5.8542
0.023041,5.8401
0.020294,5.8252
0.0177,5.8105
0.01297,5.798
0.009155,5.7861
0.008392,5.7724
0.005798,5.7617
0.003204,5.7471
0.003357,5.737
0.001678,5.7278
0.000916,5.7129
0.000763,5.7028
0.000916,5.6934
0.000763,5.6796
-0.001678,5.6693
-0.003967,5.6595
0.000916,5.6497
0.007019,5.64
0.020142,5.6274
0.049133,5.6177
0.041046,5.6064
0.050659,5.5981
0.031586,5.5881
-0.010986,5.5814
-0.031128,5.5704
-0.02594,5.5615
-0.02121,5.5518
-0.030975,5.5466
-0.038452,5.5374
-0.035858,5.5276
-0.033112,5.5228
-0.030975,5.5139
-0.028229,5.5078
-0.023193,5.5032
-0.021057,5.4932
-0.034485,5.4892
-0.089722,5.4837
-0.059662,5.4791
0.198517,5.4694
0.89859,5.4639
0.895538,5.4593
0.119324,5.4538
-0.388184,5.4495
-0.444641,5.4446
-0.294647,5.4395
-0.155182,5.4373
-0.10437,5.4349
-0.076141,5.43
-0.058899,5.4251
-0.044403,5.4196
-0.036163,5.4199
-0.02594,5.4156
-0.016479,5.4105
-0.006256,5.4105
0.005798,5.4056
0.015717,5.401
0.029907,5.4007
0.039825,5.3958
0.049438,5.3934
0.062561,5.3912
0.07782,5.3857
0.095825,5.3812
0.11673,5.3717
0.139923,5.3665
0.15686,5.3558
0.164642,5.3473
0.16449,5.3375
0.136261,5.3275
0.069122,5.3131
-0.016022,5.3027
-0.100098,5.2902
-0.161438,5.278
-0.193787,5.2649
-0.206757,5.2545
-0.209503,5.2399
-0.198517,5.2301
-0.180206,5.2158
-0.163269,5.2048
-0.146027,5.1907
-0.128937,5.1816
-0.119019,5.1666
-0.105286,5.1566
-0.090637,5.1468
-0.075378,5.1373
-0.062714,5.1273
-0.053253,5.1178
-0.046844,5.108
-0.040894,5.098
-0.035706,5.0931
-0.030975,5.0839
-0.026245,5.079
-0.026093,5.0742
-0.026093,5.0665
-0.023651,5.0607
-0.023651,5.0571
-0.023804,5.0546
-0.020905,5.0504
-0.017395,5.0455
-0.013885,5.0446
-0.011444,5.04
-0.010071,5.0403
-0.009003,5.0406
-0.00885,5.0354
-0.006561,5.0351
-0.003967,5.0354
-0.001678,5.0354
-0.001678,5.0403
-0.001373,5.04
0.00351,5.0403
0.003357,5.0446
0.003204,5.0452
0.003357,5.0455
0.005798,5.0507
0.007935,5.0522
0.00351,5.0549
0.005646,5.0595
0.008392,5.0592
0.013275,5.065
0.015259,5.0693
0.013123,5.0696
0.015564,5.0742
0.013123,5.079
0.015564,5.0836
0.015411,5.0836
0.021667,5.0888
0.036163,5.0937
0.063629,5.0986
0.050659,5.1035
0.056763,5.1086
0.043488,5.1132
0.001373,5.1181
-0.020294,5.1218
-0.013885,5.1276
-0.006409,5.1328
-0.017395,5.1376
-0.023499,5.1422
-0.021057,5.1471
-0.018463,5.1517
-0.016174,5.1572
-0.016327,5.1611
-0.012512,5.1666
-0.009308,5.1752
-0.019989,5.1813
-0.076294,5.1862
-0.046997,5.191
0.218811,5.2008
0.940857,5.2063
0.847626,5.2106
0.102081,5.2203
-0.373535,5.2255
-0.441132,5.2341
-0.32547,5.2426
-0.152588,5.2493
-0.100555,5.2585
-0.071259,5.267
-0.057831,5.274
-0.045776,5.2826
-0.033417,5.293
-0.024109,5.3027
-0.01358,5.3131
-0.003052,5.3223
0.003357,5.3323
0.013123,5.3461
0.02243,5.3568
0.032654,5.3668
0.039978,5.3812
0.049438,5.3912
0.068817,5.4047
0.088654,5.4156
0.115204,5.4297
0.134888,5.4422
0.144806,5.4541
0.151825,5.4688
0.149689,5.4788
0.11673,5.4932
0.050812,5.5029
-0.026855,5.5182
-0.077362,5.5322
-0.132141,5.5423
-0.167694,5.5576
-0.180206,5.5713
-0.1828,5.5865
-0.175323,5.6003
-0.16571,5.6152
-0.148926,5.6293
-0.133514,5.6439
-0.11673,5.6592
-0.099792,5.6741
-0.089569,5.6885
-0.079956,5.7037
-0.069733,5.7205
-0.057831,5.7373
-0.051117,5.752
-0.043182,5.7703
-0.038452,5.7864
-0.033569,5.8044
-0.030823,5.8206
-0.023346,5.8405
-0.021362,5.8548
-0.019073,5.874
-0.014038,5.8911
-0.016327,5.9076
-0.018616,5.9262
-0.019836,5.9421
-0.018311,5.9604
-0.016174,5.9772
-0.016479,5.9955
-0.01358,6.0107
-0.013885,6.0281
-0.009003,6.0452
-0.00885,6.0583
-0.00412,6.076
-0.00412,6.0928
-0.001526,6.1087
-0.001831,6.1234
-0.001526,6.1371
-0.001678,6.1517
0.003204,6.1667
0.005646,6.1819
0.003357,6.1951
0.005188,6.21
0.007935,6.221
0.00824,6.2354
0.017853,6.25
0.027924,6.2634
0.04715,6.2735
0.042267,6.2888
0.055695,6.3034
0.045929,6.3135
0.004272,6.3269
-0.013733,6.3373
-0.009155,6.3525
0.001068,6.3617
-0.010071,6.3757
-0.014038,6.387
-0.016022,6.3956
-0.009003,6.4084
-0.006409,6.42
-0.006409,6.4307
-0.00061,6.4401
0.000763,6.4502
-0.001526,6.459
-0.061493,6.4688
-0.054474,6.4792
0.111847,6.488
0.674286,6.4929
0.978241,6.5033
0.388031,6.5131
-0.164795,6.5179
-0.424347,6.5274
-0.367889,6.5332
-0.203857,6.5433
-0.11322,6.5479
-0.081177,6.5555
-0.056458,6.5619
-0.040894,6.5674
-0.028839,6.572
-0.019836,6.579
-0.00885,6.586
-0.001831,6.5909
0.005798,6.5964
0.015411,6.601
0.023193,6.6052
0.032501,6.6064
0.03952,6.6107
0.048065,6.6153
0.063934,6.6162
0.084991,6.6205
0.105743,6.6205
0.126495,6.6205
0.142517,6.6202
0.151672,6.6205
0.155792,6.6202
0.141449,6.6208
0.094757,6.6214
0.023193,6.6156
-0.051575,6.6156
-0.110168,6.611
-0.153809,6.6104
-0.174866,6.6061
-0.180206,6.6013
-0.172729,6.5955
-0.158234,6.5909
-0.143585,6.5863
-0.13092,6.5814
-0.111389,6.5765
-0.097046,6.5723
-0.08255,6.5668
-0.067596,6.5582
-0.057983,6.5521
-0.048065,6.5479
-0.041809,6.5369
-0.036011,6.5329
-0.028534,6.5237
-0.030518,6.5186
-0.028534,6.5079
-0.023956,6.4987
-0.018921,6.4935
-0.018768,6.4838
-0.018463,6.4746
-0.018768,6.4642
-0.018921,6.4545
-0.016479,6.445
-0.016327,6.4346
-0.013733,6.4258
-0.014038,6.4157
-0.009003,6.4062
-0.006256,6.3962
-0.003967,6.3861
0.001068,6.3718
0.000916,6.3629
0.00473,6.3519
0.005951,6.3373
0.005798,6.3278
0.005798,6.3138
0.008087,6.3037
0.008087,6.2891
0.008087,6.2769
0.009155,6.264
0.008392,6.2503
0.005798,6.2378
0.008087,6.2259
0.008087,6.2115
0.008087,6.1981
0.008392,6.1859
0.010223,6.1719
0.015869,6.1578
0.027466,6.1472
0.056763,6.1334
0.050812,6.1179
0.059204,6.1041
0.045776,6.091
-0.000305,6.0782
-0.018616,6.0645
-0.016479,6.0498
-0.013733,6.0345
-0.02121,6.0214
-0.027161,6.0062
-0.023804,5.994
-0.018768,5.9811
-0.016632,5.9671
-0.013428,5.9521
-0.009003,5.9375
-0.006561,5.9235
-0.015717,5.9131
-0.069885,5.8984
-0.0383,5.8841
0.21225,5.874
0.887299,5.8597
0.899963,5.8499
0.133514,5.835
-0.374603,5.8255
-0.440979,5.8154
-0.29068,5.8008
-0.16098,5.791
-0.098419,5.7812
-0.07019,5.7697
-0.05188,5.7571
-0.040741,5.7471
-0.03067,5.737
-0.020905,5.7281
-0.010223,5.7184
0.000458,5.708
0.009308,5.6955
0.020294,5.6845
0.029602,5.6747
0.037689,5.665
0.049438,5.6549
0.066223,5.6445
0.083771,5.6354
0.102081,5.6232
0.126495,5.6097
0.146942,5.6006
0.161896,5.5859
0.172729,5.5716
0.167999,5.5597
0.141296,5.5475
0.082855,5.5328
-0.003662,5.5176
-0.088196,5.5029
-0.152588,5.4883
-0.19455,5.4736
-0.215607,5.4599
-0.216827,5.4437
-0.209808,5.4309
-0.197601,5.4153
-0.180359,5.4004
-0.163269,5.386
-0.148315,5.372
-0.131378,5.3613
-0.114288,5.3467
-0.095825,5.3348
-0.080261,5.3226
-0.07019,5.3125
-0.060425,5.2991
-0.048065,5.2884
-0.040741,5.2783
-0.035706,5.2695
-0.03067,5.2588
-0.031128,5.2515
-0.02594,5.2444
-0.023193,5.2353
-0.022125,5.2301
-0.02121,5.2255
-0.023651,5.2176
-0.021362,5.2103
-0.018311,5.206
-0.016327,5.2017
-0.016174,5.2008
-0.01358,5.1956
-0.011444,5.1907
-0.011292,5.1904
-0.009308,5.1859
-0.006714,5.1859
-0.00412,5.1807
-0.001526,5.1813
-0.00412,5.1816
-0.002594,5.177
0.001068,5.1758
0.00351,5.1764
0.003357,5.1767
0.00351,5.1761
0.005646,5.1761
0.00824,5.1767
0.00824,5.1761
0.010681,5.1761
0.010681,5.1764
0.010529,5.1807
0.010529,5.1816
0.012817,5.1813
0.013123,5.181
0.015717,5.1813
0.015411,5.1859
0.013123,5.1862
0.01297,5.1862
0.01297,5.1907
0.010681,5.1904
0.010681,5.1913
0.014191,5.1959
0.025024,5.1962
0.053253,5.1956
0.054169,5.2005
0.049286,5.2008
0.054474,5.2005
0.010986,5.2054
-0.013733,5.2054
-0.018921,5.2057
-0.00885,5.2103
-0.01358,5.2106
-0.021057,5.2106
-0.023956,5.2151
-0.018768,5.2155
-0.016327,5.2151
-0.013885,5.2203
-0.010071,5.2197
-0.006409,5.2203
-0.006409,5.2252
-0.057831,5.2249
-0.071259,5.2258
0.084839,5.2252
0.644684,5.2307
1.08429,5.2295
0.378113,5.2301
-0.263062,5.2295
-0.454102,5.2347
-0.346375,5.235
-0.183411,5.235
-0.110931,5.2371
-0.079956,5.2402
-0.060883,5.2399
-0.046692,5.2402
-0.036011,5.2451
-0.02594,5.2448
-0.014038,5.2448
-0.001221,5.2496
0.014496,5.2493
0.022888,5.2542
0.027313,5.2542
0.032654,5.2594
0.043488,5.2618
0.054169,5.2637
0.071259,5.2689
0.090942,5.2692
0.112915,5.274
0.140076,5.2789
0.154572,5.2789
0.163269,5.2835
0.168915,5.2884
0.153503,5.2884
0.102081,5.2933
0.023499,5.2979
-0.063324,5.2982
-0.134735,5.3033
-0.177765,5.3082
-0.209045,5.3076
-0.214233,5.3125
-0.207367,5.3183
-0.197144,5.3229
-0.17807,5.3278
-0.157928,5.3314
-0.139923,5.3375
-0.123901,5.3421
-0.109406,5.3476
-0.097504,5.3525
-0.082092,5.3571
-0.072479,5.3662
-0.057983,5.3717
-0.055542,5.3766
-0.048065,5.3864
-0.038452,5.3906
-0.033417,5.401
-0.028687,5.4102
-0.026093,5.4196
-0.018768,5.4303
-0.016174,5.4398
-0.016174,5.4523
-0.018616,5.4645
-0.016327,5.4739
-0.016632,5.4886
-0.016174,5.5026
-0.018768,5.5154
-0.013733,5.5307
-0.010223,5.5444
-0.00412,5.5606
-0.006561,5.5762
-0.00412,5.5911
-0.001526,5.6061
0.000763,5.6253
0.001373,5.64
-0.001678,5.6583
0.000916,5.6738
0.000763,5.6934
0.003662,5.7104
0.003052,5.7281
0.003357,5.7471
0.000916,5.7669
0.010681,5.7858
0.007935,5.8035
0.013123,5.8231
0.01297,5.8401
0.015564,5.8591
0.013123,5.8789
0.015564,5.8981
0.013428,5.918
0.010681,5.9375
0.010529,5.9564
0.015564,5.975
0.027466,5.9937
0.046082,6.0104
0.057831,6.0294
0.046997,6.0492
0.061646,6.0666
0.024414,6.084
-0.006104,6.1026
-0.013733,6.1182
-0.000305,6.1353
-0.006409,6.1523
-0.0177,6.1673
-0.018921,6.1813
-0.016327,6.199
-0.013733,6.2143
-0.006866,6.2299
-0.001678,6.2445
0.000916,6.2585
-0.003815,6.2738
-0.053558,6.2878
-0.066528,6.3004
0.066071,6.3126
0.567932,6.3281
1.009064,6.3416
0.463867,6.3522
-0.105133,6.3666
-0.413055,6.3763
-0.389862,6.3885
-0.235748,6.4014
-0.132599,6.4102
-0.090942,6.4203
-0.068817,6.4346
-0.053711,6.4441
-0.040741,6.4551
-0.031281,6.4642
-0.02121,6.4746
-0.01236,6.4838
-0.001831,6.4935
0.005646,6.5012
0.015564,6.5079
0.022583,6.5182
0.03006,6.5274
0.042114,6.5323
0.056915,6.5427
0.071411,6.5479
0.090485,6.5576
0.110474,6.5622
0.127716,6.5668
0.138855,6.5762
0.144958,6.5811
0.140991,6.5863
0.109253,6.5912
0.049133,6.5955
-0.024567,6.5979
-0.085754,6.6019
-0.134735,6.6061
-0.162964,6.6104
-0.174103,6.6107
-0.170288,6.6165
-0.159302,6.6153
-0.146179,6.6199
-0.133667,6.6202
-0.119171,6.6257
-0.09964,6.6251
-0.084686,6.6254
-0.0737,6.6296
-0.061646,6.6309
-0.052795,6.6302
-0.045776,6.6312
-0.040894,6.6299
-0.036011,6.6299
-0.033112,6.6299
-0.028381,6.6351
-0.021057,6.6348
-0.023804,6.6354
-0.021515,6.6351
-0.018768,6.6348
-0.016022,6.6348
-0.013733,6.6354
-0.013733,6.6306
-0.013885,6.6302
-0.011444,6.6306
-0.00885,6.6312
-0.006409,6.6299
-0.003967,6.6302
-0.00412,6.6299
-0.006104,6.6296
-0.003662,6.6302
-0.001373,6.6254
0.00061,6.626
0.000763,6.6254
0.000763,6.6254
0.000916,6.6251
0.003357,6.6211
0.00824,6.6211
0.00824,6.6205
0.00946,6.6208
0.010529,6.6159
0.010681,6.6162
0.010681,6.6153
0.01297,6.611
0.014343,6.6113
0.020447,6.6107
0.036163,6.6107
0.061188,6.6058
0.049591,6.6058
0.063019,6.6022
0.039825,6.6016
-0.001526,6.6006
-0.016327,6.5961
-0.008087,6.5961
-0.006409,6.5967
-0.016327,6.5912
-0.018311,6.5912
-0.016022,6.586
-0.011292,6.5872
-0.009308,6.5811
-0.006561,6.5811
-0.001526,6.5759
0.000763,6.5765
-0.007629,6.572
-0.065155,6.5698
-0.048065,6.5671
0.167999,6.5616
0.808258,6.5616
0.941162,6.5567
0.225525,6.5518
-0.307465,6.5482
-0.444489,6.5479
-0.324402,6.5424
-0.168304,6.5378
-0.103455,6.5375
-0.07782,6.5332
-0.055542,6.5277
-0.042114,6.5283
-0.026093,6.5228
-0.016327,6.5231
-0.00885,6.5186
0.003357,6.5179
0.013123,6.5137
0.023041,6.5134
0.035248,6.5128
0.044708,6.5088
0.054626,6.5082
0.069122,6.5036
0.08606,6.5033
0.107727,6.5039
0.131378,6.4981
0.153656,6.4984
0.166626,6.4926
0.171814,6.4929
0.172729,6.4896
0.146179,6.4883
0.083923,6.4844
-0.001221,6.4792
-0.084229,6.4746
-0.149536,6.4746
-0.192261,6.4685
-0.213776,6.4645
-0.21698,6.4572
-0.211945,6.4499
-0.195007,6.4441
-0.185089,6.4395
-0.15976,6.4349
-0.139923,6.4249
-0.124969,6.4203
-0.10437,6.4111
-0.09201,6.4059
-0.079803,6.3962
-0.070648,6.391
-0.058289,6.3815
-0.04837,6.3721
-0.045776,6.3663
-0.041809,6.3571
-0.036011,6.3519
-0.029602,6.3419
-0.026093,6.3379
-0.021515,6.3272
-0.018768,6.3242
-0.018768,6.3177
-0.021057,6.3135
-0.020905,6.308
-0.016174,6.3031
-0.018616,6.2982
-0.015106,6.2933
-0.014038,6.2891
-0.011444,6.2885
-0.006409,6.2836
-0.003815,6.2808
-0.004272,6.2787
-0.001678,6.2793
0.001068,6.2741
0.003357,6.2738
0.003357,6.2744
0.005646,6.2735
0.008392,6.2741
0.008087,6.2689
0.00824,6.2692
0.008392,6.2695
0.008087,6.2692
0.010681,6.2695
0.010834,6.2747
0.010681,6.2741
0.012817,6.2735
0.013123,6.2744
0.012817,6.2738
0.015564,6.2738
0.015717,6.2741
0.015717,6.2784
0.018158,6.2787
0.016022,6.2781
0.015564,6.2787
0.013275,6.2839
0.015717,6.2836
0.024414,6.2839
0.040894,6.286
0.071716,6.2891
0.056915,6.2878
0.066833,6.2885
0.046082,6.2891
0.002136,6.2933
-0.016174,6.2936
-0.009155,6.2943
-0.009003,6.2891
-0.020142,6.2885
-0.028229,6.2881
-0.028381,6.2894
-0.023499,6.2836
-0.020752,6.2839
-0.016022,6.279
-0.011292,6.2744
-0.006409,6.2698
-0.019684,6.2695
-0.077515,6.265
-0.034637,6.2592
0.235748,6.2552
0.925293,6.2497
0.851288,6.2448
0.053406,6.2399
-0.412292,6.2311
-0.417786,6.2259
-0.248871,6.2198
-0.128784,6.2103
-0.087433,6.2061
-0.067596,6.1963
-0.04837,6.1893
-0.0383,6.181
-0.031281,6.1707
-0.023499,6.1621
-0.011597,6.1514
-0.000763,6.1429
0.010681,6.1285
0.019684,6.1185
0.030212,6.1087
0.042419,6.0968
0.05661,6.0843
0.071716,6.0742
0.089874,6.0596
0.110779,6.0449
0.13382,6.0306
0.154572,6.0162
0.170746,6.0004
0.18158,5.986
0.179138,5.9717
0.148621,5.9521
0.08255,5.9378
-0.007477,5.9186
-0.094757,5.899
-0.160675,5.8835
-0.199738,5.8646
-0.219421,5.845
-0.224152,5.8264
-0.216675,5.8066
-0.200348,5.7889
-0.185242,5.769
-0.167847,5.7495
-0.150909,5.733
-0.134735,5.7135
-0.116577,5.694
-0.102081,5.6738
-0.082397,5.6558
-0.06546,5.6375
-0.058899,5.6201
-0.05188,5.6006
-0.043182,5.5859
-0.035706,5.5664
-0.030975,5.5521
-0.028381,5.5353
-0.030823,5.5197
-0.028534,5.5042
-0.026093,5.4895
-0.023651,5.4767
-0.018921,5.4645
-0.016174,5.4489
-0.016174,5.4395
-0.011444,5.4242
-0.008698,5.415
-0.013733,5.4056
-0.006561,5.3964
-0.00412,5.386
-0.001373,5.3766
-0.001831,5.3665
0.000916,5.3568
0.005951,5.3519
0.00824,5.3415
0.005646,5.3375
0.000763,5.3329
0.002289,5.3229
0.005493,5.318
0.005493,5.3128
0.005493,5.3082
0.005951,5.3036
0.005646,5.3033
0.007935,5.2988
0.008087,5.2936
0.008545,5.2936
0.008392,5.2884
0.012817,5.2829
0.012665,5.2835
0.012817,5.2832
0.015564,5.2783
0.015411,5.2792
0.01297,5.2786
0.010681,5.2734
0.00824,5.2737
0.010986,5.2737
0.008087,5.2737
0.014801,5.2737
0.028992,5.2728
0.060577,5.2734
0.05661,5.2734
0.06073,5.2737
0.052948,5.2737
0.00412,5.274
-0.018463,5.2737
-0.018921,5.2728
-0.011139,5.274
-0.019226,5.2789
-0.025787,5.2789
-0.023651,5.2786
-0.02121,5.2786
-0.018768,5.2783
-0.016174,5.2838
-0.013733,5.2832
-0.013733,5.2838
-0.021057,5.2844
-0.083618,5.2881
-0.067749,5.289
0.177612,5.2881
0.882721,5.2884
0.929413,5.2933
0.160522,5.2942
-0.366669,5.2942
-0.44342,5.2951
-0.296783,5.2982
-0.155029,5.2985
-0.105286,5.2985
-0.07782,5.3
-0.06012,5.303
-0.048065,5.3027
-0.038147,5.303
-0.02594,5.3036
-0.017242,5.3027
-0.006866,5.3079
0.003357,5.3082
0.015411,5.3079
0.025177,5.3085
0.036774,5.3076
0.046997,5.3088
0.061798,5.3073
0.079041,5.3079
0.100555,5.303
0.125122,5.3033
0.1474,5.2982
0.163574,5.2933
0.174408,5.2844
0.176849,5.2762
0.155487,5.2667
0.097046,5.2542
0.011597,5.2444
-0.076141,5.2301
-0.146332,5.2155
-0.192261,5.2017
-0.214233,5.1892
-0.218964,5.1743
-0.212097,5.1611
-0.197144,5.1471
-0.180969,5.1321
-0.164032,5.119
-0.146942,5.108
-0.126953,5.0943
-0.111542,5.0836
-0.097198,5.0742
-0.084991,5.0644
-0.072632,5.0562
-0.06546,5.05
-0.056152,5.0446
-0.047913,5.0351
-0.043182,5.0311
-0.036163,5.0302
-0.032043,5.0256
-0.026093,5.0253
-0.026093,5.0253
-0.023499,5.0256
-0.018616,5.0253
-0.018616,5.0262
-0.014038,5.0302
-0.016479,5.0354
-0.013733,5.04
-0.013885,5.0452
-0.011292,5.0497
-0.00885,5.0592
-0.008698,5.069
-0.009003,5.0742
-0.006256,5.0833
-0.003967,5.0958
0.000916,5.1077
0.000916,5.1181
0.003357,5.1324
0.005798,5.1437
0.005951,5.1566
0.008087,5.1715
0.008545,5.1883
0.010529,5.2048
0.013275,5.22
0.013275,5.235
0.015717,5.2542
0.014648,5.2704
0.013123,5.2887
0.01297,5.3076
0.015259,5.3262
0.015564,5.3439
0.013428,5.3632
0.015411,5.383
0.015564,5.4041
0.015564,5.4245
0.015869,5.4446
0.020294,5.4645
0.028229,5.4877
0.043945,5.5081
0.059357,5.5273
0.054474,5.5511
0.074158,5.571
0.047913,5.593
0.005798,5.6155
-0.01358,5.6345
-0.00412,5.6589
-0.010986,5.679
-0.02121,5.6982
-0.021057,5.7196
-0.018768,5.741
-0.016632,5.7602
-0.011292,5.7812
-0.011292,5.8008
-0.009155,5.8212
-0.006256,5.8395
-0.048828,5.8582
-0.079651,5.8752
0.022278,5.8926
0.469971,5.9134
1.056061,5.9311
0.549927,5.9464
-0.06485,5.9656
-0.412292,5.9814
-0.40741,5.9976
-0.24826,6.0147
-0.132446,6.0294
-0.087128,6.044
-0.062561,6.059
-0.045471,6.0742
-0.032959,6.0846
-0.020752,6.0986
-0.011292,6.1105
-0.004883,6.1224
0.003357,6.1331
0.012817,6.1447
0.020447,6.1563
0.03006,6.1661
0.039368,6.1734
0.047455,6.1816
0.058899,6.1905
0.078888,6.1978
0.098267,6.2064
0.120544,6.2109
0.14267,6.2158
0.157166,6.2201
0.164795,6.2256
0.161896,6.2296
0.128479,6.2305
0.066986,6.2357
-0.01709,6.2357
-0.0914,6.2354
-0.145111,6.2396
-0.179291,6.2399
-0.192566,6.235
-0.190125,6.235
-0.180206,6.2347
-0.163727,6.2329
-0.149078,6.2305
-0.132446,6.2262
-0.113831,6.225
-0.097656,6.2207
-0.084991,6.2155
-0.072784,6.2158
-0.062561,6.2106
-0.052643,6.2064
-0.045471,6.2015
-0.043335,6.1963
-0.038147,6.1911
-0.033417,6.1862
-0.030518,6.1807
-0.028534,6.1761
-0.02594,6.1679
-0.021362,6.1615
-0.020905,6.1572
-0.018616,6.153
-0.018921,6.1475
-0.016174,6.1404
-0.013733,6.1322
-0.011292,6.1279
-0.009003,6.1234
-0.006409,6.1182
-0.001984,6.1118
-0.001373,6.1035
0.000763,6.0983
0.000763,6.0934
0.000763,6.0886
0.00061,6.0788
0.003357,6.0745
0.00824,6.0693
0.00824,6.0593
0.008087,6.055
0.00824,6.0474
0.010681,6.0397
0.010681,6.0306
0.010834,6.0251
0.010529,6.0156
0.007935,6.0059
0.010834,5.9958
0.010986,5.9869
0.01297,5.9778
0.010223,5.9677
0.008087,5.9573
0.008392,5.9482
0.008087,5.9378
0.00824,5.9277
0.00824,5.9183
0.010376,5.9082
0.00824,5.8984
0.008392,5.889
0.006104,5.8798
0.016937,5.8679
0.046387,5.8572
0.059204,5.8456
0.055847,5.8359
0.071716,5.8252
0.028381,5.8157
-0.00351,5.8066
-0.015869,5.7965
-0.011444,5.787
-0.018768,5.7797
-0.028229,5.7693
-0.028229,5.762
-0.023499,5.7513
-0.021057,5.7425
-0.018768,5.7324
-0.016174,5.723
-0.013885,5.7129
-0.013275,5.7037
-0.062103,5.6979
-0.077209,5.6882
0.077972,5.6787
0.627594,5.6705
1.087646,5.6635
0.103149,5.6543
-0.358124,5.6494
-0.452728,5.6393
-0.316467,5.6348
-0.164185,5.6253
-0.104523,5.6204
-0.076904,5.611
-0.058441,5.6052
-0.043335,5.6006
-0.031891,5.5911
-0.021057,5.5869
-0.011444,5.5817
-0.001373,5.5762
0.010834,5.5713
0.020447,5.5667
0.029449,5.5618
0.039368,5.5573
0.05127,5.5524
0.065918,5.5475
0.081482,5.5399
0.102692,5.5325
0.125275,5.528
0.147858,5.5176
0.164337,5.509
0.171967,5.4996
0.174408,5.4886
0.15213,5.4788
0.093994,5.4694
0.011597,5.4547
-0.076447,5.4449
-0.147705,5.4303
-0.194244,5.4166
-0.214691,5.4059
-0.22171,5.3912
-0.216827,5.3772
-0.204163,5.3665
-0.187531,5.3519
-0.169983,5.3384
-0.153046,5.3275
-0.13382,5.3125
-0.117188,5.3033
-0.101166,5.2884
-0.087433,5.2795
-0.075378,5.267
-0.067596,5.2545
-0.061035,5.2448
-0.055084,5.2353
-0.045929,5.2255
-0.0383,5.2158
-0.033569,5.2054
-0.030518,5.2005
-0.024109,5.1907
-0.023651,5.1822
-0.02121,5.1761
-0.018768,5.1712
-0.018463,5.1645
-0.018616,5.1566
-0.016022,5.1523
-0.013733,5.1468
-0.014038,5.1468
-0.011292,5.1422
-0.008545,5.1373
-0.00412,5.137
0.000763,5.1321
-0.001678,5.1321
0.0,5.1321
0.003052,5.1324
0.005646,5.1328
0.007935,5.1328
0.010681,5.1315
0.013275,5.1321
0.015411,5.1373
0.018158,5.137
0.017853,5.1428
0.015717,5.1425
0.015259,5.1474
0.014954,5.1517
0.013123,5.1566
0.010834,5.1611
0.010529,5.1657
0.012817,5.1712
0.015564,5.1761
0.013428,5.1813
0.016022,5.1855
0.013428,5.1947
0.013123,5.2008
0.013123,5.206
0.015411,5.2158
0.015259,5.2222
0.0177,5.2298
0.024872,5.2393
0.04837,5.2451
0.056305,5.2545
0.054321,5.2637
0.065918,5.2704
0.025787,5.2786
-0.006714,5.2884
-0.016327,5.2979
-0.010986,5.3082
-0.02121,5.318
-0.028381,5.3275
-0.028534,5.3375
-0.023651,5.3467
-0.018921,5.3568
-0.016632,5.3668
-0.016479,5.3763
-0.013733,5.3882
-0.016479,5.4007
-0.072327,5.4102
-0.07782,5.4202
0.088501,5.4346
0.684357,5.4443
1.018982,5.4593
0.349884,5.4724
-0.228577,5.4852
-0.448761,5.4984
-0.365143,5.513
-0.203552,5.5283
-0.117035,5.5441
-0.084534,5.5618
-0.065765,5.5753
-0.047913,5.593
-0.036011,5.61
-0.028534,5.6262
-0.020752,5.6448
-0.009003,5.6631
0.003357,5.679
0.010681,5.6982
0.017395,5.7178
0.02533,5.7339
0.037079,5.752
0.044708,5.7709
0.056458,5.7877
0.073547,5.8054
0.096436,5.824
0.117493,5.8392
0.136871,5.8585
0.15213,5.8728
0.162201,5.8887
0.152435,5.9045
0.11322,5.9219
0.041809,5.9369
-0.035095,5.9515
-0.104065,5.965
-0.150909,5.9799
-0.177612,5.993
-0.187531,6.0059
-0.185089,6.0205
-0.17334,6.0355
-0.160065,6.0468
-0.145416,6.0596
-0.131836,6.0742
-0.114136,6.084
-0.099945,6.0986
-0.084381,6.1102
-0.077667,6.1227
-0.065308,6.1343
-0.060425,6.1472
-0.048676,6.1588
-0.043182,6.171
-0.037994,6.1813
-0.031586,6.196
-0.02594,6.2054
-0.023651,6.2195
-0.018616,6.2299
-0.018616,6.2399
-0.02121,6.2509
-0.020905,6.2637
-0.013885,6.2738
-0.011444,6.2839
-0.011444,6.2939
-0.004425,6.3034
-0.001373,6.3132
-0.001678,6.3232
0.000916,6.3324
0.000916,6.3428
-0.001526,6.3516
0.002594,6.3623
0.002899,6.3724
0.005646,6.3812
0.005951,6.3898
0.005951,6.3956
0.005798,6.4059
0.005646,6.4151
0.00824,6.4252
0.00824,6.4307
0.010986,6.4392
0.009918,6.4499
0.008087,6.4597
0.008087,6.4642
0.008392,6.474
0.013123,6.4835
0.00824,6.4923
0.010376,6.4984
0.018463,6.5088
0.028229,6.5179
0.051117,6.5277
0.047913,6.5326
0.066681,6.5424
0.051422,6.5515
0.007935,6.557
-0.015564,6.5665
-0.006561,6.5762
-0.011139,6.5814
-0.023651,6.5912
-0.028687,6.6003
-0.019226,6.6064
-0.018616,6.6153
-0.016327,6.6208
-0.014038,6.629
-0.009003,6.6354
-0.011139,6.6449
-0.033875,6.6498
-0.07309,6.6565
0.001373,6.6644
0.316772,6.6693
0.989685,6.6776
0.706635,6.6837
0.091553,6.6888
-0.336304,6.6934
-0.422363,6.7032
-0.295868,6.7078
-0.158081,6.713
-0.098877,6.7181
-0.072937,6.723
-0.056152,6.7279
-0.043945,6.734
-0.028534,6.7422
-0.02121,6.7477
-0.014343,6.752
-0.006714,6.7572
0.001068,6.7618
0.00824,6.767
0.015259,6.7722
0.025177,6.7764
0.032501,6.7816
0.044403,6.7865
0.061493,6.7902
0.083313,6.7914
0.102997,6.7963
0.115356,6.8011
0.130157,6.8057
0.141602,6.806
0.144196,6.8109
0.121918,6.8149
0.071564,6.8155
-0.00351,6.8207
-0.065765,6.8213
-0.119781,6.8253
-0.154266,6.8256
-0.167999,6.8298
-0.170441,6.8304
-0.164948,6.8359
-0.152435,6.8347
-0.142822,6.835
-0.123749,6.8399
-0.110168,6.8399
-0.092773,6.8454
-0.079346,6.8445
-0.070038,6.8445
-0.062561,6.85
-0.055237,6.8506
-0.047913,6.8546
-0.043182,6.8552
-0.035858,6.8597
-0.030823,6.8597
-0.030518,6.8646
-0.02533,6.8661
-0.021362,6.8692
-0.021515,6.8744
-0.013733,6.8768
-0.021057,6.879
-0.013733,6.8842
-0.011292,6.8884
-0.011139,6.8906
-0.013733,6.8945
-0.013123,6.8988
-0.006561,6.9034
-0.006409,6.9086
-0.006561,6.9119
-0.001831,6.9135
-0.001831,6.918
0.000763,6.9229
0.000916,6.9275
0.003204,6.9327
0.005646,6.9363
0.005646,6.9376
0.005493,6.9427
0.005951,6.9476
0.007172,6.9525
0.005646,6.9571
0.011444,6.9595
0.038147,6.9623
0.044708,6.9672
0.046387,6.9724
0.068817,6.9766
0.032654,6.9806
-0.00351,6.9824
-0.018921,6.9858
-0.006866,6.9922
-0.011292,6.9965
-0.023804,6.9965
-0.021515,7.0013
-0.018768,7.0062
-0.021057,7.0108
-0.015869,7.0111
-0.006256,7.016
-0.00412,7.0206
-0.005951,7.0206
-0.048676,7.0261
-0.04776,7.0309
0.080566,7.0306
0.537262,7.0352
0.99411,7.0352
0.457153,7.0404
-0.099487,7.0444
-0.403748,7.0447
-0.378113,7.0496
-0.229034,7.0502
-0.132751,7.0554
-0.090179,7.0551
-0.06424,7.0593
-0.050507,7.0593
-0.033264,7.0651
-0.025482,7.0685
-0.018768,7.0694
-0.006866,7.0737
0.003052,7.0749
0.010529,7.0792
0.015564,7.0792
0.025635,7.0847
0.03479,7.0844
0.046387,7.0892
0.057526,7.0889
0.073547,7.0889
0.091248,7.0935
0.111237,7.0941
0.127106,7.0935
0.135193,7.099
0.139771,7.099
0.135345,7.099
0.100555,7.0987
0.039825,7.0987
-0.037842,7.099
-0.09964,7.0993
-0.141907,7.099
-0.167999,7.0984
-0.178223,7.0987
-0.172577,7.0996
-0.165863,7.0987
-0.151215,7.099
-0.136719,7.0984
-0.115662,7.099
-0.104828,7.0941
-0.088806,7.0938
-0.077209,7.0944
-0.072479,7.0938
-0.062256,7.0935
-0.055389,7.0892
-0.046387,7.0892
-0.038147,7.0886
-0.030975,7.0886
-0.028992,7.0892
-0.026093,7.0837
-0.023499,7.084
-0.021057,7.0844
-0.016174,7.0844
-0.016479,7.0847
-0.016174,7.0792
-0.011597,7.0795
-0.011292,7.0795
-0.013733,7.0792
-0.011444,7.0795
-0.007935,7.074
-0.006561,7.0752
-0.006714,7.0749
-0.00412,7.0752
-0.000763,7.074
0.00061,7.074
0.003357,7.0743
0.000916,7.0746
0.003357,7.0691
0.00824,7.0697
0.005798,7.0694
0.007935,7.0694
0.00824,7.0694
0.008087,7.0697
0.010376,7.0691
0.012512,7.0694
0.01297,7.0694
0.019989,7.0645
0.045471,7.0645
0.05188,7.0648
0.056152,7.0648
0.064392,7.0648
0.022736,7.0642
-0.008392,7.0645
-0.014343,7.0645
-0.003967,7.0593
-0.012207,7.0596
-0.023499,7.0593
-0.023651,7.0599
-0.018311,7.0599
-0.013885,7.0599
-0.009003,7.0609
-0.006409,7.0593
-0.003815,7.0596
-0.007477,7.0599
-0.054474,7.0547
-0.03952,7.0557
0.125275,7.0547
0.655518,7.0547
0.993652,7.0551
0.336151,7.0544
-0.219574,7.0551
-0.430298,7.0544
-0.345154,7.0551
-0.187073,7.0551
-0.106659,7.0554
-0.076599,7.0541
-0.054626,7.0547
-0.041046,7.0551
-0.031738,7.0547
-0.02121,7.0551
-0.009003,7.0551
0.000763,7.0547
0.010681,7.0544
0.01709,7.0547
0.024567,7.0551
0.037079,7.0551
0.046844,7.0551
0.06073,7.0547
0.078278,7.0502
0.098267,7.0505
0.117798,7.0499
0.139923,7.0496
0.157166,7.0453
0.168915,7.0453
0.166626,7.0407
0.148163,7.0404
0.096893,7.0355
0.018768,7.0306
-0.065613,7.0306
-0.136871,7.0251
-0.177612,7.0215
-0.202026,7.0157
-0.206604,7.0108
-0.20462,7.0062
-0.189667,7.0016
-0.172729,6.9965
-0.155945,6.9916
-0.141144,6.9864
-0.124817,6.9824
-0.106354,6.9769
-0.089722,6.9687
-0.075378,6.9626
-0.065155,6.9571
-0.055542,6.9516
-0.045776,6.9476
-0.040741,6.94
-0.0383,6.933
-0.031738,6.9278
-0.023956,6.9235
-0.018921,6.9186
-0.016174,6.9098
-0.018616,6.9034
-0.016022,6.8988
-0.013733,6.8936
-0.013733,6.889
-0.013733,6.8793
-0.013885,6.8744
-0.013733,6.8692
-0.011292,6.8643
-0.006714,6.8558
-0.006409,6.8503
-0.006714,6.8454
-0.006561,6.8399
-0.00412,6.8301
-0.001831,6.825
-0.001526,6.821
0.00061,6.8103
0.001221,6.8051
0.003204,6.8008
0.005646,6.7908
0.005493,6.7868
0.008545,6.7767
0.010834,6.7715
0.010986,6.7615
0.010681,6.7578
0.010986,6.7477
0.010681,6.7392
0.010834,6.7328
0.013123,6.723
0.015411,6.7136
0.015717,6.7044
0.012817,6.6946
0.010529,6.6858
0.010834,6.6766
0.013428,6.665
0.018616,6.6547
0.032043,6.6455
0.061951,6.6357
0.056763,6.6257
0.060425,6.6153
0.045319,6.6028
0.000916,6.5909
-0.018768,6.5808
-0.011444,6.5714
-0.01297,6.5576
-0.025177,6.5479
-0.028534,6.5381
-0.028534,6.5234
-0.023956,6.5137
-0.02121,6.4984
-0.018921,6.489
-0.013733,6.4795
-0.011292,6.4636
-0.019989,6.4551
-0.074158,6.4423
-0.033722,6.4304
0.213318,6.4209
0.876312,6.4062
0.88913,6.3965
0.12619,6.3821
-0.372772,6.3718
-0.432739,6.3577
-0.281372,6.3464
-0.14267,6.3348
-0.090637,6.3232
-0.066223,6.3132
-0.050507,6.2994
-0.03891,6.2894
-0.028381,6.2738
-0.016479,6.264
-0.006409,6.2518
0.001068,6.2399
0.010681,6.2299
0.022583,6.2204
0.032806,6.2051
0.041962,6.196
0.052338,6.1832
0.068359,6.1716
0.087585,6.1578
0.111847,6.1469
0.134735,6.1331
0.156097,6.1182
0.173187,6.1032
0.18158,6.0892
0.179291,6.0745
0.152893,6.0568
0.090637,6.0397
0.005035,6.0257
-0.082855,6.0071
-0.169373,5.9915
-0.204468,5.9772
-0.219421,5.9589
-0.221558,5.9424
-0.215302,5.9277
-0.200653,5.9088
-0.184937,5.8929
-0.167999,5.8783
-0.151825,5.864
-0.13382,5.8475
-0.118866,5.8322
-0.102844,5.8163
-0.08728,5.8026
-0.073242,5.7907
-0.062561,5.7764
-0.050659,5.7617
-0.043335,5.7477
-0.0383,5.7364
-0.033264,5.7227
-0.030975,5.7117
-0.026093,5.7031
-0.018768,5.6888
-0.018768,5.6787
-0.018616,5.6689
-0.018616,5.6592
-0.016327,5.6494
-0.016327,5.6445
-0.016632,5.6348
-0.013885,5.625
-0.013885,5.6207
-0.00885,5.6107
-0.006561,5.6055
-0.006256,5.6009
-0.006561,5.5905
-0.006104,5.5853
-0.003967,5.5807
-0.001526,5.5765
-0.001373,5.5707
0.002289,5.5661
0.003204,5.5615
0.004883,5.5566
0.008087,5.5569
0.010681,5.5521
0.010681,5.5475
0.00824,5.5472
0.00824,5.5426
0.010986,5.542
0.013275,5.5371
0.010681,5.5374
0.01236,5.5322
0.013428,5.5328
0.015717,5.5276
0.013275,5.5273
0.015411,5.5286
0.017548,5.5219
0.018005,5.5228
0.017853,5.5176
0.018005,5.5185
0.013123,5.5176
0.010986,5.5136
0.018005,5.513
0.034485,5.5124
0.061646,5.5133
0.05188,5.5084
0.066376,5.5084
0.045471,5.5078
0.003662,5.5078
-0.0177,5.5023
-0.012512,5.5029
-0.011292,5.5026
-0.021362,5.5035
-0.028534,5.5035
-0.026093,5.498
-0.023804,5.4977
-0.018616,5.4984
-0.011749,5.4984
-0.011292,5.4984
-0.011597,5.4984
-0.020142,5.4938
-0.078735,5.4932
-0.048065,5.4932
0.212555,5.4922
0.913391,5.4938
0.884094,5.4929
0.093689,5.4935
-0.398254,5.4883
-0.431366,5.488
-0.26947,5.4883
-0.142822,5.4883
-0.095978,5.4883
-0.070801,5.488
-0.052795,5.488
-0.041046,5.4834
-0.031128,5.4837
-0.018921,5.484
-0.00885,5.4831
0.000763,5.4837
0.01297,5.4785
0.023041,5.4788
0.035248,5.4785
0.04364,5.4742
0.053711,5.473
0.066833,5.4684
0.083618,5.4694
0.103149,5.4639
0.125122,5.4541
0.146637,5.4498
0.164642,5.4404
0.176697,5.434
0.174713,5.4254
0.150757,5.4156
0.090332,5.4047
0.004883,5.3915
-0.080414,5.3818
-0.151672,5.3711
-0.194092,5.3583
-0.218811,5.3473
-0.221558,5.3369
-0.214233,5.3281
-0.202179,5.3125
-0.185242,5.303
-0.162811,5.293
-0.143585,5.2811
-0.128632,5.2682
-0.114288,5.2588
-0.096893,5.249
-0.083008,5.2396
-0.070496,5.2298
-0.060577,5.2206
-0.050812,5.2106
-0.042877,5.2051
-0.033417,5.1962
-0.031281,5.1862
-0.02594,5.1813
-0.02594,5.1733
-0.021362,5.1666
-0.019073,5.1614
-0.018768,5.1566
-0.016327,5.1489
-0.016327,5.1428
-0.016174,5.137
-0.016632,5.137
-0.013428,5.1318
-0.013733,5.127
-0.009003,5.1218
-0.009155,5.1227
-0.009003,5.1172
-0.006561,5.1172
-0.00412,5.1129
-0.003967,5.1126
-0.001678,5.1126
0.000763,5.1129
0.000916,5.1129
0.003052,5.1126
0.005951,5.1135
0.00824,5.1129
0.010376,5.1129
0.010834,5.1129
0.010376,5.1129
0.010681,5.1126
0.013123,5.1181
0.01297,5.1181
0.010529,5.1181
0.013123,5.1227
0.015717,5.1227
0.015411,5.1221
0.012817,5.1276
0.01297,5.1273
0.013275,5.1328
0.010834,5.1321
0.010681,5.1324
0.01297,5.137
0.015564,5.137
0.027008,5.1419
0.05661,5.1422
0.064697,5.1474
0.061646,5.148
0.069122,5.1523
0.023499,5.1523
-0.009003,5.152
-0.018768,5.1566
-0.011444,5.1569
-0.016022,5.1614
-0.023346,5.1614
-0.025787,5.1663
-0.020905,5.1663
-0.018616,5.1654
-0.013885,5.1712
-0.011444,5.1709
-0.00885,5.1761
-0.009003,5.1761
-0.049744,5.1761
-0.076904,5.1813
0.045013,5.1819
0.524445,5.1813
1.110687,5.1859
0.487061,5.1855
-0.20462,5.1862
-0.455475,5.191
-0.374451,5.1907
-0.204773,5.1907
-0.119934,5.1959
-0.087891,5.1956
-0.067902,5.1953
-0.055084,5.1981
-0.040894,5.2011
-0.030518,5.2005
-0.018616,5.2011
-0.006561,5.2057
0.005493,5.2054
0.015411,5.206
0.023041,5.2057
0.034943,5.2106
0.042114,5.21
0.053558,5.2106
0.071411,5.2109
0.089874,5.2106
0.110931,5.21
0.134277,5.2103
0.156097,5.21
0.171509,5.2106
0.176392,5.2106
0.171661,5.2103
0.135956,5.2051
0.063324,5.2054
-0.024414,5.2011
-0.107422,5.2008
-0.164032,5.1999
-0.197296,5.1959
-0.212097,5.1907
-0.21225,5.1907
-0.20462,5.1862
-0.189514,5.1862
-0.173187,5.1816
-0.155487,5.1767
-0.139465,5.1764
-0.122528,5.1715
-0.106812,5.1715
-0.091553,5.1669
-0.077515,5.163
-0.065155,5.1624
-0.055389,5.1572
-0.048065,5.1569
-0.040741,5.1514
-0.035858,5.152
-0.03067,5.1517
-0.026093,5.1468
-0.023651,5.1468
-0.018616,5.1471
-0.016479,5.1416
-0.016479,5.1416
-0.018768,5.1422
-0.021362,5.1422
-0.018463,5.1425
-0.014038,5.1419
-0.013885,5.1419
-0.010986,5.1419
-0.009155,5.1416
-0.004425,5.1425
-0.001678,5.1419
0.00061,5.1419
-0.001678,5.1471
0.00061,5.1468
0.003357,5.1474
0.005798,5.1517
0.008087,5.1517
0.012665,5.1517
0.01297,5.1566
0.013123,5.1566
0.012817,5.1562
0.013275,5.1614
0.01297,5.1617
0.013275,5.1672
0.013275,5.1669
0.013123,5.1712
0.013123,5.1718
0.01297,5.1764
0.014648,5.1758
0.015717,5.1807
0.01297,5.1855
0.013123,5.1865
0.01297,5.1904
0.01297,5.191
0.01297,5.1956
0.01297,5.2005
0.010529,5.2005
0.01297,5.206
0.024414,5.2106
0.053253,5.2158
0.05661,5.22
0.06073,5.2249
0.069885,5.2295
0.023956,5.2347
-0.006104,5.239
-0.018158,5.2451
-0.013885,5.2499
-0.021515,5.2542
-0.028534,5.2588
-0.030823,5.2661
-0.031281,5.2737
-0.02594,5.2786
-0.021057,5.2835
-0.016174,5.2933
-0.016479,5.2982
-0.018463,5.3079
-0.074158,5.3122
-0.078125,5.3226
0.100403,5.3278
0.713654,5.3372
1.024017,5.3427
0.310364,5.351
-0.276642,5.361
-0.453949,5.369
-0.344849,5.3766
-0.147095,5.386
-0.102539,5.3955
-0.074921,5.4044
-0.055389,5.4105
-0.043335,5.4202
-0.034332,5.4297
-0.024261,5.4395
-0.016174,5.4495
-0.004272,5.4584
0.005951,5.4639
0.015106,5.473
0.024567,5.4834
0.032654,5.4932
0.041656,5.5032
0.054016,5.5133
0.069122,5.5228
0.087738,5.5325
0.109863,5.5417
0.130463,5.5515
0.147552,5.5588
0.158539,5.5664
0.166779,5.5756
0.157776,5.5865
0.113373,5.5914
0.043182,5.6006
-0.041809,5.6094
-0.113068,5.6155
-0.158234,5.6247
-0.186462,5.6299
-0.19989,5.64
-0.197449,5.6442
-0.189514,5.6549
-0.173187,5.6644
-0.155487,5.6741
-0.139465,5.683
-0.12207,5.6906
-0.107117,5.7007
-0.094452,5.7123
-0.079956,5.7224
-0.070038,5.7324
-0.062714,5.7416
-0.057831,5.7523
-0.052795,5.7663
-0.03891,5.7761
-0.033417,5.7901
-0.028687,5.8008
-0.023651,5.8124
-0.023499,5.8252
-0.018768,5.8389
-0.021362,5.8493
-0.016479,5.8643
-0.016327,5.8743
-0.018921,5.8881
-0.015869,5.8984
-0.011444,5.9128
-0.008698,5.9268
-0.00885,5.9372
-0.00885,5.9521
-0.003967,5.9619
-0.001526,5.976
-0.001678,5.9857
0.003052,6.001
0.003357,6.0104
0.003204,6.0254
0.003357,6.0355
0.007324,6.0495
0.010681,6.0596
0.008392,6.0742
0.010681,6.084
0.008392,6.0938
0.00824,6.1075
0.010681,6.1182
0.010681,6.1279
0.008087,6.1374
0.008392,6.1517
0.009918,6.1621
0.005951,6.1725
0.008087,6.1823
0.010529,6.1905
0.013428,6.2006
0.019684,6.2103
0.030212,6.2201
0.054321,6.2299
0.046997,6.2405
0.069122,6.2497
0.048065,6.2592
0.005341,6.2695
-0.011292,6.2799
-0.006561,6.2888
-0.006866,6.2979
-0.016327,6.3037
-0.02121,6.3135
-0.018768,6.3239
-0.013733,6.3324
-0.011139,6.3376
-0.009155,6.3467
-0.006561,6.3565
-0.006866,6.3617
-0.040588,6.3715
-0.075073,6.3763
0.011139,6.3864
0.385437,6.3916
1.027832,6.4005
0.618744,6.4056
0.009003,6.4157
-0.375824,6.42
-0.413361,6.4258
-0.266876,6.4346
-0.141449,6.4407
-0.093384,6.4438
-0.072784,6.4496
-0.054779,6.459
-0.038452,6.4642
-0.030518,6.4688
-0.021057,6.4737
-0.016174,6.4786
-0.00885,6.4838
0.000305,6.4883
0.010071,6.4972
0.015869,6.5039
0.025177,6.5082
0.03891,6.5125
0.05188,6.5179
0.066528,6.5225
0.083923,6.5225
0.105591,6.5274
0.127869,6.5323
0.139923,6.5372
0.147552,6.5381
0.15213,6.5433
0.128021,6.5479
0.07019,6.5469
-0.000916,6.5527
-0.07431,6.5521
-0.13092,6.5524
-0.163116,6.5576
-0.180054,6.5576
-0.184784,6.5622
-0.172729,6.5619
-0.15625,6.5622
-0.143585,6.5619
-0.126495,6.5668
-0.111694,6.5665
-0.095062,6.5674
-0.082397,6.5723
-0.068665,6.572
-0.057678,6.5717
-0.050507,6.5756
-0.045471,6.5771
-0.038147,6.5765
-0.030823,6.5765
-0.02594,6.5811
-0.023499,6.5817
-0.021515,6.582
-0.018463,6.5854
-0.018616,6.5869
-0.018616,6.5872
-0.018768,6.5866
-0.018616,6.5915
-0.012054,6.5918
-0.009155,6.5906
-0.008698,6.5918
-0.006256,6.5909
-0.006561,6.5961
-0.006561,6.5958
-0.003662,6.5958
-0.001526,6.5964
0.000916,6.5958
0.001221,6.5967
0.003357,6.601
0.005951,6.601
0.005646,6.601
0.003815,6.6019
0.003204,6.601
0.003357,6.6013
0.005798,6.6019
0.005798,6.6016
0.008545,6.601
0.01297,6.6006
0.015259,6.6016
0.01297,6.6003
0.015717,6.601
0.018158,6.601
0.022278,6.6003
0.034637,6.601
0.05722,6.6016
0.052185,6.5961
0.0737,6.5958
0.052338,6.5967
0.008698,6.5964
-0.011749,6.5915
-0.009003,6.5912
-0.011292,6.5909
-0.021362,6.5912
-0.02594,6.5866
-0.023499,6.5869
-0.023499,6.586
-0.018921,6.582
-0.016327,6.5814
-0.011292,6.5811
-0.008698,6.5762
-0.040588,6.5771
-0.077972,6.5765
0.012207,6.5762
0.391998,6.571
1.049805,6.5717
0.610504,6.5717
-0.045471,6.5665
-0.411377,6.5668
-0.412903,6.5619
-0.254211,6.5619
-0.133514,6.5625
-0.089417,6.5579
-0.065613,6.557
-0.047607,6.5518
-0.033417,6.5518
-0.024261,6.5479
-0.016327,6.5479
-0.004272,6.5479
0.005798,6.5433
0.013275,6.5421
0.020905,6.5372
0.027771,6.5381
0.037689,6.5329
0.052185,6.5277
0.063629,6.5277
0.084076,6.5237
0.108337,6.5186
0.131836,6.5186
0.147552,6.5128
0.161285,6.5088
0.166779,6.5027
0.16449,6.4984
0.135651,6.4932
0.067291,6.4886
-0.017395,6.4838
-0.095673,6.4767
-0.153046,6.4688
-0.190735,6.4645
-0.207214,6.4551
-0.206757,6.4456
-0.195465,6.4398
-0.182495,6.4304
-0.165253,6.4209
-0.148468,6.4136
-0.130615,6.4056
-0.113678,6.3965
-0.097046,6.3867
-0.082092,6.3763
-0.07019,6.3675
-0.058594,6.362
-0.052643,6.3525
-0.045166,6.3428
-0.037994,6.3354
-0.033264,6.3275
-0.028687,6.3184
-0.026245,6.3107
-0.023651,6.304
-0.023804,6.2939
-0.021057,6.2888
-0.018616,6.2796
-0.018463,6.2744
-0.016327,6.2695
-0.013885,6.2595
-0.011139,6.2546
-0.010986,6.25
-0.011444,6.2408
-0.00885,6.2357
-0.006409,6.2305
-0.003662,6.2253
-0.003815,6.2201
-0.001831,6.2109
0.001068,6.2061
0.003204,6.2009
0.00351,6.1963
0.005188,6.1911
0.003204,6.1859
0.005646,6.1816
0.00824,6.1777
0.008545,6.1713
0.00824,6.167
0.008087,6.1615
0.010376,6.1569
0.00824,6.1523
0.010681,6.1465
0.010681,6.1429
0.010681,6.1407
0.00824,6.1377
0.010834,6.1322
0.010529,6.1267
0.010681,6.123
0.010529,6.1179
0.019684,6.1127
0.049438,6.1111
0.063934,6.109
0.061035,6.1035
0.076904,6.0986
0.035553,6.0928
-0.003357,6.0913
-0.018616,6.0892
-0.013733,6.0843
-0.018768,6.0791
-0.026093,6.0745
-0.02594,6.0687
-0.023651,6.0645
-0.018921,6.062
-0.016327,6.0596
-0.013733,6.0538
-0.013885,6.0492
-0.016937,6.044
-0.072021,6.0391
-0.056305,6.0345
0.161591,6.0297
0.798492,6.0248
0.989532,6.0199
0.224915,6.0159
-0.340881,6.0059
-0.453644,6.0001
-0.316467,5.9964
-0.166779,5.9909
-0.104828,5.9814
-0.078125,5.9766
-0.059662,5.9689
-0.046234,5.9619
-0.035858,5.9546
-0.025635,5.9473
-0.016174,5.9387
-0.006561,5.9326
0.005493,5.9235
0.016022,5.9161
0.027771,5.9088
0.039215,5.8984
0.044861,5.889
0.061188,5.8841
0.078888,5.874
0.100555,5.8643
0.122833,5.8499
0.145111,5.8395
0.164032,5.8255
0.178833,5.813
0.178986,5.8005
0.159454,5.7861
0.104218,5.7687
0.021515,5.7547
-0.066528,5.7388
-0.138092,5.7224
-0.186768,5.7083
-0.211792,5.6937
-0.219269,5.679
-0.21286,5.6616
-0.200348,5.6451
-0.184784,5.6305
-0.166016,5.6152
-0.148926,5.6006
-0.133362,5.5875
-0.114594,5.5734
-0.097504,5.5615
-0.084839,5.5472
-0.072784,5.5353
-0.06485,5.5225
-0.053253,5.5133
-0.045776,5.4993
-0.038452,5.4883
-0.033569,5.4788
-0.030823,5.4694
-0.026245,5.4599
-0.023651,5.4544
-0.018616,5.4449
-0.018768,5.4395
-0.016479,5.4294
-0.016327,5.4248
-0.014038,5.4199
-0.013885,5.4117
-0.011139,5.4059
-0.011292,5.4016
-0.009308,5.4004
-0.008392,5.3961
-0.003967,5.3903
-0.001526,5.3912
-0.001678,5.3867
0.000763,5.386
0.003204,5.3818
0.005798,5.3815
0.007935,5.3815
0.007935,5.3763
0.007935,5.3763
0.006104,5.3766
0.007935,5.3769
0.008087,5.376
0.010376,5.3763
0.010834,5.3763
0.00824,5.3763
0.007935,5.3769
0.008087,5.3769
0.007782,5.3763
0.008087,5.3812
0.010681,5.3815
0.013123,5.3815
0.013123,5.3812
0.01297,5.3815
0.015717,5.3867
0.025024,5.387
0.048828,5.3864
0.063629,5.3903
0.056763,5.3909
0.075989,5.3903
0.040436,5.3912
0.003052,5.3952
-0.014038,5.3958
-0.006561,5.3958
-0.011597,5.4007
-0.023804,5.4016
-0.02533,5.401
-0.020905,5.4007
-0.018616,5.4056
-0.016174,5.4053
-0.013733,5.4053
-0.011292,5.4102
-0.015259,5.4105
-0.070038,5.4102
-0.072937,5.412
0.109406,5.415
0.711517,5.4147
1.053772,5.415
0.315552,5.4205
-0.29007,5.4205
-0.446472,5.4205
-0.327454,5.4199
-0.170746,5.4251
-0.104828,5.4251
-0.075836,5.4245
-0.058594,5.4251
-0.046539,5.43
-0.035706,5.4303
-0.023804,5.4303
-0.016327,5.4297
-0.003967,5.4297
0.005951,5.4352
0.015411,5.4349
0.025482,5.4349
0.037842,5.4355
0.048676,5.4346
0.061951,5.4352
0.076904,5.4349
0.097809,5.4352
0.118408,5.4346
0.140228,5.4355
0.157471,5.43
0.171051,5.4291
0.176697,5.4303
0.159607,5.4251
0.110321,5.4251
0.030975,5.4202
-0.057526,5.4156
-0.131226,5.4111
-0.18219,5.405
-0.207214,5.401
-0.216522,5.3955
-0.211945,5.3864
-0.201721,5.3812
-0.184631,5.3711
-0.165405,5.3619
-0.14801,5.3549
-0.13092,5.347
-0.114288,5.3375
-0.099335,5.3271
-0.086975,5.3171
-0.074615,5.3088
-0.061035,5.303
-0.050201,5.293
-0.043335,5.2841
-0.0383,5.2786
-0.033264,5.2686
-0.02594,5.264
-0.02121,5.2548
-0.016785,5.2493
-0.016022,5.2448
-0.013428,5.2393
-0.014038,5.2347
-0.011292,5.2304
-0.011139,5.2255
-0.013885,5.2206
-0.011292,5.2155
-0.012054,5.2103
-0.00885,5.2106
-0.006714,5.2057
-0.006409,5.1999
-0.00412,5.2011
-0.001373,5.2005
0.002441,5.1962
0.005646,5.1956
0.005646,5.1959
0.003357,5.1962
0.003204,5.1959
0.003662,5.1913
0.005798,5.191
0.008087,5.1959
0.00824,5.1953
0.010529,5.1962
0.008087,5.1956
0.010376,5.1953
0.013123,5.1962
0.013123,5.1956
0.013275,5.2008
0.01297,5.1999
0.01358,5.2011
0.015411,5.2051
0.017395,5.2057
0.027161,5.2054
0.05188,5.2057
0.058594,5.2106
0.056305,5.2106
0.070801,5.2124
0.032959,5.2158
0.000305,5.2155
-0.011444,5.22
-0.00885,5.22
-0.019073,5.2203
-0.028381,5.2252
-0.02655,5.2252
-0.023956,5.2255
-0.02121,5.2298
-0.018616,5.2301
-0.014038,5.2298
-0.009003,5.235
-0.00885,5.2347
-0.054474,5.2347
-0.079498,5.2402
0.05188,5.2396
0.558624,5.2396
1.102142,5.2448
0.462494,5.2448
-0.2034,5.2469
-0.442352,5.2499
-0.358582,5.2496
-0.193024,5.2542
-0.114288,5.2545
-0.082855,5.2539
-0.062103,5.2588
-0.048218,5.2591
-0.036011,5.2591
-0.024109,5.2594
-0.015717,5.264
-0.008545,5.2643
0.000916,5.2643
0.01236,5.2682
0.020294,5.2692
0.03067,5.2692
0.041351,5.2734
0.052032,5.2737
0.068359,5.2734
0.085754,5.2744
0.108948,5.2783
0.130768,5.2789
0.149078,5.2792
0.161438,5.2786
0.16922,5.2786
0.163879,5.2789
0.121307,5.2789
0.04776,5.2792
-0.038147,5.2783
-0.113678,5.2783
-0.1651,5.2789
-0.195465,5.2786
-0.209503,5.274
-0.207062,5.2737
-0.197144,5.2783
-0.180054,5.2786
-0.16098,5.2789
-0.143433,5.2786
-0.126648,5.2786
-0.112305,5.2789
-0.096893,5.2835
-0.082855,5.2835
-0.070648,5.2853
-0.062714,5.2887
-0.050354,5.293
-0.04303,5.2933
-0.0383,5.2988
-0.032654,5.303
-0.028534,5.3076
-0.023651,5.3125
-0.021362,5.3174
-0.021057,5.3241
-0.02121,5.3323
-0.018616,5.3372
-0.016632,5.3421
-0.013123,5.3522
-0.01358,5.3568
-0.015717,5.3665
-0.013885,5.376
-0.011444,5.3818
-0.008698,5.3912
-0.006256,5.4004
-0.003967,5.4053
-0.001678,5.415
0.001068,5.4251
0.003052,5.4349
0.001068,5.4446
0.00061,5.4553
0.003357,5.4633
0.005646,5.473
0.005646,5.4834
0.005646,5.4932
0.008392,5.5029
0.005798,5.513
0.00824,5.5225
0.010986,5.5316
0.01297,5.542
0.015564,5.5533
0.015411,5.567
0.015411,5.5765
0.015564,5.5905
0.020447,5.6012
0.023041,5.6128
0.038147,5.625
0.059357,5.6387
0.051422,5.6491
0.071411,5.6647
0.045166,5.6778
0.007935,5.6891
-0.00885,5.7034
0.000153,5.7184
-0.004272,5.7324
-0.013275,5.7462
-0.016174,5.7587
-0.016479,5.7718
-0.013275,5.7864
-0.009003,5.8005
-0.006561,5.8151
-0.004272,5.8301
-0.006714,5.8444
-0.046234,5.8594
-0.077515,5.874
0.017395,5.8881
0.446167,5.9027
1.044312,5.9183
0.553436,5.9344
-0.054474,5.9494
-0.405731,5.9637
-0.409698,5.9787
-0.251007,5.993
-0.138397,6.0074
-0.093994,6.0199
-0.06897,6.0352
-0.053406,6.0495
-0.039062,6.0645
-0.026093,6.0788
-0.015564,6.0934
-0.014038,6.1081
-0.006714,6.1218
0.000916,6.1346
0.00824,6.1472
0.018768,6.1612
0.027771,6.1728
0.039673,6.1859
0.049591,6.2
0.063934,6.2112
0.088501,6.2228
0.111542,6.2344
0.128326,6.2454
0.139771,6.2552
0.152893,6.2646
0.152283,6.2741
0.122375,6.2842
0.06073,6.2936
-0.013428,6.3025
-0.082397,6.3101
-0.13092,6.3174
-0.161285,6.3278
-0.177002,6.3324
-0.175171,6.3416
-0.167694,6.3477
-0.155029,6.3519
-0.137787,6.3602
-0.121918,6.3666
-0.109253,6.3715
-0.094757,6.3773
-0.079193,6.3818
-0.07019,6.3864
-0.06073,6.3916
-0.052032,6.3965
-0.044861,6.4011
-0.036163,6.4059
-0.03067,6.4108
-0.028534,6.4148
-0.023651,6.42
-0.023956,6.4252
-0.023651,6.4304
-0.021362,6.4343
-0.018463,6.4346
-0.023804,6.4395
-0.021057,6.4456
-0.016479,6.4496
-0.016479,6.4548
-0.013733,6.4594
-0.010834,6.4594
-0.009003,6.4642
-0.00885,6.4694
-0.006561,6.4737
-0.003967,6.4746
-0.003967,6.4795
-0.000153,6.4844
0.007935,6.4883
0.005646,6.489
0.005798,6.4938
0.008087,6.499
0.008087,6.4984
0.008087,6.5033
0.010529,6.5079
0.010834,6.5134
0.01297,6.5131
0.020447,6.5182
0.037079,6.5234
0.054169,6.5228
0.049591,6.528
0.063934,6.5332
0.037079,6.5372
-0.00473,6.5381
-0.023193,6.5421
-0.013885,6.5482
-0.011292,6.5521
-0.018616,6.5567
-0.026398,6.557
-0.023651,6.5619
-0.016174,6.5668
-0.014038,6.5717
-0.009003,6.5765
-0.00885,6.5811
-0.006409,6.5869
-0.043793,6.5918
-0.065308,6.5964
0.036926,6.6006
0.439911,6.6058
1.033478,6.6104
0.568542,6.6156
-0.038452,6.6199
-0.39444,6.6248
-0.403442,6.6296
-0.252686,6.6324
-0.140228,6.6351
-0.093689,6.6391
-0.069427,6.6455
-0.052338,6.6501
-0.040741,6.655
-0.033112,6.6592
-0.023804,6.6641
-0.013733,6.6699
-0.011597,6.6739
-0.00351,6.6794
0.010529,6.6788
0.015717,6.6843
0.021057,6.6888
0.032501,6.6943
0.041962,6.6989
0.060272,6.6992
0.078583,6.7032
0.09491,6.7029
0.116272,6.7084
0.122681,6.709
0.127716,6.7133
0.125122,6.7139
0.103302,6.7181
0.046692,6.7178
-0.019531,6.7181
-0.088196,6.7188
-0.140228,6.7181
-0.165863,6.7227
-0.182343,6.7233
-0.177765,6.723
-0.163116,6.7227
-0.155945,6.723
-0.141449,6.723
-0.119324,6.7233
-0.109863,6.7224
-0.091553,6.7282
-0.077515,6.7276
-0.061951,6.7282
-0.059814,6.7282
-0.047302,6.7334
-0.036011,6.7334
-0.035706,6.7377
-0.032654,6.7377
-0.020752,6.7422
-0.016174,6.745
-0.011902,6.7477
-0.008545,6.7523
-0.011444,6.7569
-0.008698,6.7618
-0.001373,6.7667
-0.007324,6.7725
-0.004425,6.7761
-0.00412,6.7819
-0.003967,6.7868
-0.003967,6.7963
-0.00412,6.8015
-0.001678,6.8066
-0.001831,6.8155
-0.001526,6.8204
0.003357,6.8301
0.005951,6.835
0.005646,6.8448
0.003357,6.8497
0.008087,6.8597
0.015717,6.8652
0.02533,6.8747
0.049133,6.8832
0.053253,6.8887
0.055084,6.8985
0.06073,6.9037
0.020142,6.9131
-0.011139,6.9208
-0.013885,6.9272
-0.006561,6.9363
-0.013733,6.9431
-0.018768,6.9522
-0.016174,6.9571
-0.010529,6.9672
-0.009766,6.972
-0.006561,6.9791
0.001068,6.987
-0.001678,6.991
-0.009613,7.0007
-0.057678,7.0059
-0.021362,7.0108
0.167847,7.02
0.757904,7.0255
0.887909,7.0312
0.292969,7.0349
-0.205841,7.0398
-0.414581,7.0459
-0.334778,7.0502
-0.181885,7.0554
-0.102539,7.0599
-0.0737,7.0648
-0.054321,7.0697
-0.040741,7.0746
-0.033569,7.0792
-0.026093,7.084
-0.015411,7.0886
-0.011444,7.0947
-0.003967,7.0944
0.00946,7.099
0.014954,7.1027
0.020294,7.1057
0.029602,7.1088
0.04425,7.1133
0.052643,7.1136
0.070038,7.1188
0.092163,7.1182
0.110168,7.1194
0.121307,7.1231
0.128326,7.1225
0.132751,7.1225
0.117188,7.1231
0.075989,7.1234
0.01297,7.1231
-0.053406,7.1234
-0.112152,7.1228
-0.148163,7.124
-0.162659,7.1194
-0.167847,7.1182
-0.165405,7.1185
-0.155945,7.1133
-0.140839,7.1136
-0.125427,7.114
-0.111389,7.1082
-0.100708,7.1088
-0.08255,7.1036
-0.067902,7.1036
-0.057831,7.1039
-0.050659,7.0984
-0.0383,7.0996
-0.030823,7.0935
-0.028381,7.0938
-0.023804,7.0886
-0.023651,7.0889
-0.023651,7.084
-0.018921,7.0837
-0.015869,7.0795
-0.013733,7.0786
-0.013885,7.074
-0.01358,7.0737
-0.011139,7.074
-0.008545,7.0694
-0.00885,7.0694
-0.009155,7.0642
-0.00885,7.0645
-0.009155,7.0642
-0.003967,7.0593
-0.006561,7.0593
-0.00885,7.0602
-0.006714,7.0551
-0.006409,7.0544
-0.001526,7.0544
-0.001373,7.0551
0.002899,7.0502
0.013885,7.0499
0.035858,7.0499
0.054321,7.0499
0.053864,7.0496
0.066681,7.0447
0.024719,7.045
-0.010071,7.0453
-0.021057,7.0453
-0.006561,7.0453
-0.011292,7.0447
-0.020905,7.0444
-0.025787,7.0404
-0.021667,7.0398
-0.018616,7.0398
-0.011444,7.0404
-0.009003,7.0407
-0.006409,7.0404
-0.006561,7.0401
-0.046234,7.0398
-0.047455,7.0404
0.082245,7.0401
0.529175,7.0398
1.036835,7.0358
0.45105,7.0355
-0.150299,7.0349
-0.428162,7.0346
-0.373535,7.0352
-0.21225,7.0352
-0.115814,7.0349
-0.079498,7.0352
-0.055695,7.0303
-0.038452,7.0303
-0.025024,7.0306
-0.019073,7.0306
-0.009155,7.0303
-0.003357,7.0303
0.005493,7.0251
0.015411,7.0258
0.024872,7.0255
0.03479,7.0251
0.049438,7.0203
0.061951,7.0203
0.077209,7.0206
0.097961,7.0203
0.117645,7.016
0.134735,7.016
0.151062,7.0111
0.158997,7.0105
0.158539,7.0053
0.13916,7.0059
0.092926,7.0013
0.016632,7.0007
-0.065765,6.9958
-0.132294,6.9919
-0.176544,6.9901
-0.199738,6.987
-0.20462,6.9818
-0.199738,6.9772
-0.188751,6.9724
-0.167847,6.972
-0.15213,6.9666
-0.134735,6.962
-0.12146,6.9574
-0.106659,6.9522
-0.092316,6.9473
-0.077362,6.9427
-0.061646,6.9379
-0.050812,6.9327
-0.03891,6.9278
-0.028534,6.9229
-0.026093,6.9183
-0.02121,6.9144
-0.018921,6.9086
-0.013885,6.9046
-0.011444,6.9022
-0.013733,6.8991
-0.014038,6.8933
-0.01358,6.8884
-0.013885,6.8845
-0.013885,6.8793
-0.013733,6.8744
-0.011597,6.8698
-0.008698,6.8643
-0.006714,6.86
-0.003967,6.8546
-0.006256,6.8497
-0.006561,6.8448
-0.004272,6.8402
-0.001831,6.8353
-0.001221,6.8304
0.00351,6.8256
0.005951,6.821
0.004425,6.8158
0.007782,6.8112
0.00824,6.8063
0.00824,6.8011
0.010986,6.7957
0.010681,6.7914
0.013123,6.7871
0.013123,6.7795
0.010681,6.7728
0.015106,6.7667
0.020142,6.7618
0.030212,6.7575
0.055389,6.7526
0.056763,6.7474
0.067139,6.7422
0.065765,6.7371
0.019684,6.7313
-0.006104,6.7236
-0.010376,6.7188
-0.004883,6.7136
-0.013733,6.7081
-0.023499,6.7023
-0.019989,6.6943
-0.016327,6.6885
-0.016327,6.6833
-0.011444,6.6751
-0.006714,6.6687
-0.006714,6.6641
-0.012512,6.6595
-0.06485,6.6501
-0.029297,6.6452
0.183868,6.6403
0.798645,6.6309
0.933075,6.6257
0.187683,6.6211
-0.333862,6.6107
-0.443573,6.6058
-0.309906,6.6016
-0.158997,6.5918
-0.096283,6.5875
-0.067444,6.5784
-0.05188,6.572
-0.038452,6.5652
-0.028229,6.557
-0.017395,6.5524
-0.006256,6.5417
0.003204,6.5375
0.010376,6.5268
0.018158,6.5234
0.027771,6.5134
0.039673,6.5063
0.049133,6.4984
0.066376,6.4886
0.08316,6.4795
0.10437,6.4685
0.127563,6.4594
0.147247,6.4499
0.164032,6.4398
0.174255,6.4301
0.16861,6.42
0.143585,6.4062
0.088959,6.3956
0.007935,6.3867
-0.076599,6.3715
-0.145569,6.362
-0.184479,6.3477
-0.207062,6.337
-0.211945,6.3229
-0.20462,6.3132
-0.190277,6.2982
-0.175629,6.2894
-0.158081,6.2744
-0.141144,6.2646
-0.126495,6.2497
-0.109558,6.2408
-0.093384,6.2256
-0.079803,6.2155
-0.067749,6.2018
-0.055237,6.1914
-0.045776,6.1819
-0.037231,6.1697
-0.028381,6.1578
-0.023804,6.1472
-0.021362,6.1374
-0.018463,6.1279
-0.016022,6.1182
-0.014191,6.1081
-0.013733,6.0989
-0.014191,6.0916
-0.013885,6.084
-0.014038,6.0739
-0.011444,6.0641
-0.011749,6.0593
-0.008698,6.0495
-0.00885,6.0449
-0.006256,6.0355
-0.004578,6.0284
-0.001373,6.0208
0.000763,6.0147
-0.001526,6.0052
0.001068,6.0013
0.000916,5.9912
0.003204,5.9857
0.00351,5.9811
0.005798,5.9717
0.00351,5.9668
0.003052,5.957
0.005951,5.9521
0.008087,5.9424
0.010681,5.936
0.008392,5.928
0.008545,5.918
0.010681,5.9134
0.01297,5.9033
0.013123,5.8984
0.013123,5.889
0.010376,5.8838
0.010834,5.8743
0.010681,5.8694
0.01297,5.8591
0.0177,5.8548
0.03479,5.8475
0.060577,5.8401
0.054169,5.835
0.071564,5.8298
0.046539,5.8231
0.003662,5.8154
-0.017242,5.8105
-0.014038,5.8054
-0.01358,5.7999
-0.021362,5.7956
-0.028381,5.791
-0.028687,5.7843
-0.023651,5.7764
-0.021057,5.7715
-0.02121,5.7663
-0.016327,5.7617
-0.013733,5.7568
-0.026855,5.7516
-0.071716,5.7474
-0.011597,5.741
0.282593,5.7343
0.985413,5.7278
0.764771,5.7227
-0.004578,5.7175
-0.419464,5.7132
-0.410004,5.7074
-0.243683,5.7037
-0.123138,5.6982
-0.082397,5.6937
-0.060577,5.6888
-0.045319,5.6839
-0.033569,5.6775
-0.023651,5.6699
-0.012512,5.6647
-0.00412,5.6595
0.00824,5.6549
0.020752,5.6494
0.03006,5.6445
0.039215,5.6403
0.049438,5.6357
0.063629,5.6311
0.078888,5.625
0.097198,5.6201
0.118713,5.6158
0.142059,5.6055
0.159454,5.5997
0.174561,5.5902
0.178833,5.5804
0.171967,5.5713
0.141602,5.5615
0.076904,5.5521
-0.010834,5.5423
-0.097351,5.531
-0.164032,5.5182
-0.204163,5.5081
-0.22171,5.4984
-0.226593,5.4871
-0.219421,5.4739
-0.202484,5.4639
-0.185394,5.4544
-0.16922,5.4446
-0.153198,5.433
-0.136414,5.4211
-0.119019,5.4114
-0.100555,5.4013
-0.085144,5.3922
-0.074921,5.3848
-0.063782,5.3763
-0.050659,5.3671
-0.043488,5.3568
-0.037231,5.3522
-0.030823,5.3418
-0.024872,5.3366
-0.023804,5.3278
-0.021057,5.3226
-0.018463,5.3183
-0.018921,5.3131
-0.018616,5.3046
-0.018463,5.2991
-0.016327,5.2972
-0.016174,5.2936
-0.014038,5.2887
-0.008698,5.2841
-0.004272,5.2795
-0.001831,5.2795
0.000763,5.2737
0.000763,5.2731
0.000916,5.274
-0.001373,5.2689
0.000916,5.2698
0.003204,5.2689
0.005646,5.2686
0.010681,5.2686
0.010681,5.2689
0.010834,5.2686
0.010529,5.2682
0.010681,5.2686
0.01297,5.2689
0.013123,5.2692
0.010376,5.2689
0.010681,5.2692
0.010834,5.2689
0.011902,5.2737
0.015411,5.2747
0.015411,5.2737
0.013428,5.274
0.015259,5.2786
0.015411,5.2783
0.015564,5.2786
0.015564,5.2792
0.019989,5.2832
0.037231,5.2841
0.066528,5.2835
0.054474,5.2884
0.073547,5.2884
0.053711,5.2887
0.011139,5.2933
-0.01358,5.2936
-0.014038,5.2936
-0.016174,5.2939
-0.026245,5.2982
-0.028839,5.2985
-0.028534,5.2979
-0.023804,5.303
-0.018616,5.303
-0.017548,5.303
-0.014038,5.3067
-0.011444,5.3073
-0.024414,5.3085
-0.079651,5.3076
-0.025787,5.3131
0.275726,5.3122
0.996094,5.3128
0.787659,5.3131
0.003815,5.3131
-0.420532,5.3174
-0.416107,5.3174
-0.246735,5.3174
-0.131378,5.3177
-0.088959,5.3177
-0.070038,5.3177
-0.05661,5.3177
-0.041046,5.3229
-0.027313,5.322
-0.016327,5.3223
-0.007019,5.3223
0.005646,5.3217
0.018158,5.3229
0.027771,5.3229
0.038605,5.3226
0.049438,5.3232
0.059204,5.3229
0.0737,5.3229
0.089417,5.3223
0.111847,5.3229
0.136414,5.3177
0.155945,5.3177
0.171661,5.3125
0.181427,5.304
0.180359,5.2979
0.15152,5.2887
0.088196,5.282
0.001526,5.2734
-0.086823,5.2621
-0.156555,5.2505
-0.201111,5.2402
-0.220184,5.2301
-0.224304,5.22
-0.216675,5.2063
-0.202179,5.1965
-0.186157,5.1865
-0.167999,5.1715
-0.149841,5.1614
-0.131073,5.1508
-0.115356,5.1376
-0.099945,5.1279
-0.084686,5.1181
-0.07019,5.1077
-0.060425,5.0983
-0.050507,5.0885
-0.042267,5.0793
-0.0383,5.0699
-0.033417,5.0586
-0.028992,5.0531
-0.02594,5.0455
-0.023499,5.036
-0.023804,5.0311
-0.021362,5.0247
-0.016327,5.0198
-0.016479,5.0107
-0.013885,5.0058
-0.011444,5.0012
-0.008545,4.9963
-0.009155,4.9963
-0.005188,4.9915
-0.001678,4.9866
0.002289,4.9866
0.005646,4.9817
0.006104,4.982
0.005798,4.9768
0.003357,4.9774
0.003052,4.9762
0.002899,4.9722
0.003052,4.9716
0.003204,4.9716
0.005493,4.9713
0.008087,4.9725
0.008087,4.9722
0.010834,4.9722
0.010376,4.9719
0.011139,4.9722
0.012054,4.9719
0.013123,4.9768
0.014954,4.9768
0.01297,4.9768
0.010681,4.9768
0.010529,4.9823
0.012817,4.9817
0.013428,4.9823
0.013123,4.982
0.013123,4.9869
0.015869,4.986
0.025177,4.9872
0.055084,4.9915
0.064087,4.9918
0.064087,4.9924
0.074158,4.996
0.030365,4.9963
-0.003662,4.9966
-0.016327,4.9969
-0.011139,5.0012
-0.018616,5.0009
-0.026245,5.0018
-0.026093,5.0012
-0.021057,5.0015
-0.018616,5.0012
-0.016327,5.0064
-0.014191,5.0061
-0.013885,5.0067
-0.024719,5.0067
-0.086975,5.0058
-0.058289,5.0061
0.221405,5.0104
0.955353,5.011
0.854797,5.0113
0.071564,5.0107
-0.400696,5.011
-0.425262,5.0165
-0.266113,5.0162
-0.138855,5.0159
-0.088806,5.0165
-0.065308,5.0159
-0.048065,5.0208
-0.036011,5.0211
-0.028534,5.0201
-0.017395,5.0211
-0.007629,5.0223
0.00061,5.0253
0.010834,5.0259
0.024261,5.0262
0.032501,5.0253
0.039673,5.0305
0.050659,5.0305
0.066376,5.0305
0.085907,5.0299
0.106964,5.0305
0.129395,5.0299
0.151367,5.0305
0.166626,5.0302
0.178833,5.0302
0.178986,5.0253
0.157166,5.025
0.100708,5.0247
0.015411,5.0247
-0.072784,5.0211
-0.144348,5.0208
-0.189514,5.0162
-0.218201,5.0162
-0.226746,5.0107
-0.223999,5.0113
-0.209656,5.0064
-0.188599,5.0058
-0.16922,5.0012
-0.149536,5.0012
-0.132294,4.9966
-0.114746,4.9963
-0.101929,4.9921
-0.087128,4.9915
-0.072632,4.9905
-0.062866,4.9869
-0.055084,4.9872
-0.048218,4.9823
-0.040894,4.982
-0.035706,4.9817
-0.030823,4.9817
-0.026093,4.9823
-0.021515,4.9771
-0.018768,4.9768
-0.016174,4.9774
-0.016327,4.9777
-0.013885,4.9768
-0.011292,4.9768
-0.011139,4.9823
-0.011292,4.982
-0.011139,4.982
-0.009155,4.982
-0.006561,4.9823
-0.001678,4.9869
-0.000458,4.9863
0.003052,4.9869
0.003357,4.9924
0.003357,4.9915
0.005798,4.9969
0.008087,4.9963
0.00824,5.0015
0.00824,5.0012
0.010681,5.0067
0.010376,5.0113
0.00824,5.011
0.007935,5.0159
0.010681,5.0204
0.010529,5.0208
0.010834,5.0259
0.010376,5.0299
0.010376,5.0308
0.012817,5.0357
0.013123,5.04
0.012665,5.0412
0.013123,5.0452
0.012817,5.0507
0.010986,5.0546
0.015564,5.0552
0.031738,5.0598
0.061646,5.0647
0.05661,5.0687
0.070648,5.0696
0.060425,5.0745
0.016632,5.0793
-0.00885,5.0787
-0.014191,5.0833
-0.01297,5.0885
-0.023346,5.0934
-0.030975,5.0934
-0.026093,5.098
-0.023346,5.1031
-0.018768,5.1083
-0.016174,5.1077
-0.016174,5.1126
-0.016479,5.1172
-0.068665,5.1227
-0.087585,5.1227
0.068054,5.1273
0.642242,5.1321
1.076965,5.1376
0.382233,5.1422
-0.248566,5.1468
-0.458679,5.152
-0.359955,5.1562
-0.192566,5.1614
-0.113068,5.1663
-0.080261,5.1715
-0.059204,5.1764
-0.04776,5.1813
-0.033722,5.1859
-0.023651,5.191
-0.013733,5.1956
-0.001678,5.2023
0.005798,5.2106
0.010834,5.2148
0.021973,5.22
0.033722,5.2258
0.044403,5.2353
0.054016,5.2402
0.070496,5.2448
0.088196,5.2493
0.110168,5.2542
0.130157,5.2588
0.151215,5.2637
0.163116,5.2695
0.171356,5.2737
0.16922,5.2789
0.133514,5.2838
0.06073,5.2875
-0.023956,5.2887
-0.098267,5.2939
-0.161438,5.2979
-0.196075,5.3033
-0.209656,5.303
-0.209351,5.3079
-0.200195,5.3131
-0.1828,5.3174
-0.156555,5.3186
-0.140839,5.3226
-0.124207,5.3275
-0.109406,5.3323
-0.094757,5.3375
-0.081177,5.3421
-0.071259,5.347
-0.06546,5.3519
-0.060425,5.3568
-0.052948,5.3619
-0.045319,5.3665
-0.040436,5.3732
-0.036011,5.3812
-0.031128,5.3867
-0.030975,5.3946
-0.028534,5.4047
-0.02594,5.4105
-0.02121,5.4205
-0.016174,5.4297
-0.016479,5.4391
-0.010834,5.448
-0.011597,5.4581
-0.009155,5.4675
-0.006409,5.4779
-0.00412,5.4883
-0.001221,5.4984
0.000916,5.5078
0.002594,5.5228
0.003204,5.5316
0.00351,5.546
0.003052,5.5573
0.000763,5.5698
0.005646,5.5811
0.010681,5.5948
0.00824,5.6067
0.010834,5.621
0.010529,5.6345
0.010834,5.6491
0.01297,5.6607
0.013275,5.6744
0.010529,5.6885
0.014954,5.7031
0.010529,5.7175
0.012207,5.7324
0.010681,5.7471
0.015717,5.762
0.013275,5.7751
0.015259,5.7874
0.027466,5.8002
0.053253,5.8163
0.049438,5.8298
0.063019,5.8444
0.063019,5.8594
0.024109,5.8707
-0.001373,5.8832
-0.006104,5.899
-0.00412,5.9122
-0.013733,5.9241
-0.023041,5.9375
-0.023804,5.9521
-0.018768,5.9628
-0.016022,5.976
-0.009308,5.9906
-0.008698,6.0016
-0.011444,6.0156
-0.055695,6.0272
-0.084381,6.0397
0.018158,6.0507
0.467987,6.0648
1.037903,6.0742
0.540771,6.0883
-0.064087,6.0983
-0.408936,6.1096
-0.410919,6.123
-0.254669,6.1322
-0.135956,6.1426
-0.088501,6.1533
-0.062714,6.1658
-0.046539,6.1761
-0.03067,6.1871
-0.021057,6.1954
-0.014801,6.2064
-0.006561,6.2158
0.000916,6.225
0.007019,6.232
0.018005,6.2393
0.027466,6.2497
0.036163,6.2592
0.043335,6.2646
0.054474,6.2744
0.070801,6.2793
0.088654,6.2888
0.110168,6.2936
0.131836,6.2988
0.144806,6.3034
0.152283,6.3098
0.151978,6.3171
0.132751,6.319
0.075989,6.3232
-0.000305,6.3275
-0.073853,6.3324
-0.132599,6.337
-0.167847,6.3379
-0.184174,6.3428
-0.182343,6.347
-0.171356,6.3464
-0.163116,6.3516
-0.146942,6.3525
-0.131531,6.3516
-0.11673,6.3571
-0.09964,6.3565
-0.08255,6.3614
-0.074921,6.3617
-0.067749,6.3623
-0.057831,6.3669
-0.055084,6.3663
-0.050354,6.3663
-0.043182,6.3721
-0.038452,6.3718
-0.033417,6.3718
-0.028534,6.3718
-0.028534,6.3757
-0.028687,6.377
-0.025787,6.3766
-0.023804,6.38
-0.023499,6.3815
-0.02121,6.3815
-0.016327,6.3815
-0.013733,6.3858
-0.009003,6.3867
-0.003815,6.3861
-0.006409,6.3867
-0.006409,6.3916
-0.00412,6.3904
-0.001373,6.391
0.000916,6.3907
0.003052,6.3959
0.003662,6.3965
0.005798,6.3962
0.005646,6.4005
0.010681,6.4005
0.013123,6.4014
0.01297,6.4008
0.013123,6.4008
0.015564,6.4059
0.013123,6.4066
0.01297,6.4053
0.017853,6.4056
0.029755,6.4059
0.055847,6.4105
0.05188,6.4108
0.068054,6.4108
0.057831,6.4102
0.015411,6.4108
-0.011139,6.4105
-0.011597,6.4102
-0.007935,6.4157
-0.018005,6.4154
-0.026245,6.4148
-0.02243,6.4154
-0.021667,6.4154
-0.013885,6.416
-0.011597,6.4151
-0.006409,6.4163
-0.01297,6.4154
-0.066833,6.416
-0.066376,6.4163
0.104828,6.4209
0.688324,6.4203
0.992889,6.4209
0.343933,6.4209
-0.215607,6.4209
-0.44281,6.4203
-0.363617,6.4209
-0.193939,6.4209
-0.107727,6.4209
-0.073853,6.4154
-0.050659,6.4151
-0.039062,6.416
-0.030823,6.4157
-0.016937,6.4166
-0.009003,6.416
-0.001678,6.4154
0.005951,6.416
0.015717,6.4108
0.022736,6.4102
0.034332,6.4108
0.044861,6.4059
0.056763,6.4059
0.073242,6.4008
0.090179,6.4014
0.105591,6.3959
0.128937,6.3913
0.148926,6.3861
0.157166,6.3812
0.164337,6.376
0.154572,6.366
0.116272,6.3617
0.046082,6.3522
-0.031433,6.3434
-0.10788,6.3324
-0.159912,6.3229
-0.187988,6.312
-0.197449,6.2991
-0.197144,6.2857
-0.1828,6.2744
-0.168915,6.2595
-0.152893,6.2439
-0.134583,6.2268
-0.116882,6.2109
-0.099487,6.1963
-0.087128,6.1771
-0.073395,6.1612
-0.062714,6.1423
-0.055084,6.1243
-0.050507,6.1072
-0.045624,6.088
-0.0383,6.0703
-0.033417,6.0535
-0.030975,6.0358
-0.028687,6.0156
-0.028534,5.9998
-0.026093,5.9808
-0.026093,5.9634
-0.023804,5.9473
-0.021515,5.9296
-0.021057,5.9122
-0.018921,5.8978
-0.018463,5.8795
-0.014191,5.8646
-0.00885,5.8502
-0.006104,5.8356
-0.00412,5.8206
-0.001678,5.8072
0.000153,5.7959
-0.001526,5.7816
-0.003815,5.7678
-0.001526,5.7568
0.00061,5.7437
0.000916,5.7327
0.00351,5.7217
0.003204,5.7083
0.006256,5.6982
0.00824,5.6879
0.005798,5.6793
0.00824,5.6693
0.007782,5.6631
0.010986,5.6546
0.013275,5.6451
0.020599,5.6403
0.039215,5.6302
0.062103,5.6247
0.054321,5.6192
0.074005,5.6104
0.042877,5.6055
0.001373,5.6009
-0.018921,5.5951
-0.013733,5.5914
-0.012054,5.5859
-0.02121,5.5814
-0.025635,5.5795
-0.023651,5.5759
-0.020752,5.571
-0.018616,5.5713
-0.013885,5.5664
-0.011292,5.5664
-0.025177,5.5618
-0.079956,5.5624
-0.030365,5.5573
0.269928,5.5569
0.991516,5.5569
0.800781,5.5576
0.052338,5.5521
-0.398865,5.5521
-0.435181,5.5524
-0.278473,5.5518
-0.144958,5.5521
-0.093079,5.5524
-0.068512,5.5521
-0.050201,5.5524
-0.035706,5.5466
-0.023956,5.5469
-0.013733,5.5463
-0.003815,5.5472
0.005798,5.5472
0.013428,5.5475
0.022888,5.5463
0.03006,5.5469
0.03952,5.5475
0.051727,5.5466
0.066528,5.5426
0.083771,5.5423
0.103302,5.5411
0.127869,5.5374
0.149078,5.5316
0.166016,5.5228
0.176239,5.5179
0.172577,5.5081
0.147858,5.4984
0.090332,5.4886
0.006714,5.4788
-0.076752,5.4691
-0.145569,5.4556
-0.191498,5.4443
-0.211945,5.4312
-0.21698,5.4202
-0.209503,5.4056
-0.194855,5.3961
-0.17807,5.3812
-0.16098,5.3702
-0.143433,5.3568
-0.123596,5.3436
-0.107727,5.3326
-0.092468,5.322
-0.079956,5.3079
-0.067596,5.2985
-0.057831,5.2875
-0.053253,5.275
-0.045776,5.2643
-0.040741,5.2545
-0.035706,5.2451
-0.031128,5.2386
-0.028381,5.2295
-0.025787,5.22
-0.023651,5.2121
-0.020905,5.2054
-0.021362,5.2008
-0.018768,5.191
-0.018311,5.1859
-0.016174,5.1804
-0.016174,5.1755
-0.016174,5.1715
-0.013733,5.1666
-0.00885,5.1611
-0.006256,5.1562
-0.00412,5.1562
-0.003204,5.1517
-0.001373,5.1517
0.003052,5.1465
0.005798,5.1474
0.003052,5.1422
0.005951,5.1422
0.008545,5.1425
0.010681,5.1425
0.013123,5.1422
0.013123,5.1419
0.013123,5.1419
0.012665,5.1419
0.010529,5.1419
0.010986,5.1419
0.013275,5.1419
0.019684,5.1468
0.036774,5.1471
0.066223,5.1477
0.054321,5.1468
0.069122,5.1474
0.054932,5.1526
0.009155,5.1517
-0.011749,5.1523
-0.011292,5.1566
-0.009003,5.1559
-0.018616,5.1569
-0.023651,5.1566
-0.023804,5.1611
-0.021057,5.1617
-0.016479,5.1624
-0.011444,5.166
-0.00885,5.1666
-0.014038,5.1669
-0.073853,5.1715
-0.07019,5.1712
0.125427,5.1718
0.751343,5.1758
1.035004,5.1761
0.288849,5.1767
-0.305023,5.1797
-0.451508,5.181
-0.329437,5.1807
-0.171204,5.1816
-0.107117,5.1859
-0.080261,5.1859
-0.060272,5.1859
-0.045471,5.1913
-0.033264,5.191
-0.023651,5.1944
-0.013733,5.1965
-0.00412,5.1956
0.007629,5.2008
0.017853,5.2005
0.025482,5.2008
0.03479,5.2054
0.046997,5.206
0.061798,5.21
0.076752,5.2103
0.094147,5.2109
0.117493,5.2155
0.139923,5.2151
0.166168,5.2155
0.174103,5.2148
0.17395,5.22
0.150146,5.2206
0.090027,5.22
0.006714,5.224
-0.076141,5.2252
-0.142975,5.2243
-0.187073,5.2246
-0.205078,5.2301
-0.207062,5.2298
-0.19989,5.2298
-0.190582,5.2341
-0.175781,5.2347
-0.16037,5.2402
-0.144196,5.2448
-0.128174,5.2448
-0.109863,5.2499
-0.095215,5.2542
-0.080566,5.2591
-0.070038,5.264
-0.063324,5.2686
-0.054932,5.2734
-0.048218,5.2838
-0.040741,5.2887
-0.033264,5.2957
-0.03067,5.3033
-0.028534,5.3125
-0.025787,5.3186
-0.026093,5.3275
-0.026093,5.3372
-0.026245,5.3467
-0.023499,5.3577
-0.018768,5.3714
-0.018311,5.3809
-0.016174,5.3949
-0.016632,5.4065
-0.016174,5.4214
-0.013885,5.4358
-0.013885,5.4529
-0.009003,5.4691
-0.006714,5.4843
-0.006561,5.5026
-0.001526,5.5212
-0.001678,5.5371
0.003357,5.5576
0.005798,5.5762
0.003357,5.596
0.003204,5.6155
0.003357,5.636
0.00351,5.6577
0.003052,5.6781
0.007477,5.6982
0.00824,5.7217
0.008545,5.7416
0.003204,5.7617
0.007782,5.7864
0.022736,5.806
0.032806,5.8289
0.056915,5.8487
0.05188,5.8725
0.065918,5.8932
0.057068,5.9134
0.013733,5.936
-0.009308,5.9564
-0.006714,5.9763
-0.001678,5.9967
-0.013885,6.0184
-0.016022,6.0385
-0.016327,6.0587
-0.016174,6.0779
-0.013733,6.0965
-0.006256,6.1139
-0.001373,6.1331
-0.003662,6.152
-0.066833,6.17
-0.05661,6.1865
0.1091,6.2051
0.6987,6.2204
0.950317,6.2384
0.335388,6.2537
-0.200958,6.2692
-0.436096,6.2836
-0.362701,6.2997
-0.19928,6.3138
-0.110626,6.3281
-0.072784,6.3422
-0.052948,6.3568
-0.040741,6.3718
-0.028534,6.3846
-0.021057,6.3956
-0.016174,6.4105
0.000153,6.4203
0.00824,6.4346
0.013428,6.4453
0.019684,6.4587
0.028076,6.4688
0.032654,6.4789
0.045166,6.4886
0.059357,6.4984
0.076141,6.5079
0.093384,6.5176
0.115814,6.5271
0.134277,6.5369
0.144806,6.5463
0.147247,6.5527
0.140686,6.5619
0.104065,6.5665
0.039978,6.5768
-0.030975,6.5814
-0.094147,6.5863
-0.138245,6.5964
-0.167236,6.6019
-0.170288,6.6058
-0.167999,6.611
-0.157623,6.6156
-0.143738,6.6208
-0.13092,6.6254
-0.112457,6.6299
-0.099335,6.6345
-0.082092,6.6394
-0.072937,6.6449
-0.065308,6.6498
-0.053253,6.6547
-0.048065,6.6605
-0.038757,6.6605
-0.035553,6.6644
-0.033264,6.6693
-0.026093,6.6739
-0.023499,6.6791
-0.02594,6.684
-0.021057,6.6837
-0.018616,6.6895
-0.018921,6.6937
-0.018616,6.6989
-0.016174,6.7029
-0.014343,6.7084
-0.008545,6.7117
-0.013885,6.7139
-0.006866,6.7181
-0.003967,6.7236
-0.006561,6.7282
-0.003967,6.7328
-0.006256,6.7386
-0.001526,6.7422
-0.003815,6.7474
-0.00412,6.752
-0.001526,6.7563
0.003357,6.7624
0.000916,6.7667
0.003357,6.7715
0.003204,6.777
0.013123,6.7819
0.027771,6.7862
0.049591,6.7947
0.044556,6.8008
0.063934,6.8054
0.05249,6.8106
0.008698,6.8164
-0.013733,6.8259
-0.00885,6.8304
-0.013733,6.835
-0.016022,6.8454
-0.021362,6.8491
-0.023499,6.8542
-0.013733,6.8652
-0.006866,6.8695
-0.006714,6.875
-0.006561,6.8842
-0.006714,6.8887
-0.052338,6.8991
-0.045929,6.9037
0.074921,6.9128
0.493774,6.9177
0.966644,6.9278
0.492401,6.933
-0.039062,6.9431
-0.371094,6.951
-0.383606,6.9571
-0.24231,6.9669
-0.131226,6.9714
-0.087738,6.9815
-0.068359,6.9864
-0.050659,6.9962
-0.035248,7.0023
-0.026093,7.0108
-0.019073,7.0187
-0.016327,7.0258
-0.005951,7.0312
0.000763,7.0398
0.011902,7.045
0.018005,7.0544
0.030212,7.0596
0.037689,7.0645
0.041962,7.074
0.058746,7.0786
0.081177,7.085
0.099487,7.0898
0.111694,7.0941
0.120544,7.0993
0.127411,7.1039
0.125275,7.1088
0.097504,7.1133
0.047302,7.1176
-0.009613,7.1185
-0.073395,7.1234
-0.115662,7.1283
-0.140686,7.128
-0.155334,7.1326
-0.146179,7.1323
-0.143433,7.1381
-0.133972,7.1381
-0.121918,7.1426
-0.103149,7.1423
-0.086212,7.142
-0.075073,7.1478
-0.065308,7.1475
-0.053101,7.1475
-0.04776,7.1475
-0.037994,7.1497
-0.038147,7.1527
-0.028534,7.1527
-0.023651,7.1524
-0.028839,7.1521
-0.023651,7.153
-0.023804,7.1524
-0.019989,7.1527
-0.014191,7.1524
-0.011597,7.1524
-0.009003,7.1524
-0.009003,7.1527
-0.011139,7.1524
-0.011292,7.153
-0.006714,7.1524
-0.00885,7.1533
-0.003967,7.1524
-0.001678,7.1524
-0.001831,7.1524
-0.001373,7.153
-0.004272,7.153
-0.001678,7.1527
0.005646,7.1527
0.015259,7.1521
0.029144,7.1521
0.049591,7.153
0.042114,7.1527
0.061646,7.1527
0.038757,7.1521
-0.000458,7.1533
-0.014038,7.153
-0.005188,7.1524
-0.007629,7.1518
-0.016174,7.1524
-0.021362,7.1527
-0.018768,7.1527
-0.018768,7.1533
-0.013885,7.1527
-0.006256,7.153
-0.006409,7.1521
-0.006714,7.1521
-0.044098,7.1524
-0.044708,7.1521
0.072784,7.1533
0.483093,7.153
0.978241,7.1524
0.491028,7.1524
-0.045929,7.1524
-0.378418,7.1527
-0.374756,7.1518
-0.229492,7.153
-0.122833,7.1524
-0.082397,7.1521
-0.06134,7.1524
-0.041962,7.1518
-0.035706,7.1521
-0.025787,7.1524
-0.018311,7.1524
-0.011139,7.1524
-0.006561,7.1472
0.00824,7.1475
0.015411,7.1481
0.025024,7.1469
0.030212,7.1475
0.040741,7.1475
0.056305,7.1432
0.071411,7.142
0.089569,7.1429
0.107117,7.1387
0.124054,7.1378
0.130005,7.1378
0.130463,7.1329
0.122681,7.1332
0.092468,7.128
0.034485,7.1231
-0.032349,7.124
-0.092926,7.1185
-0.137329,7.114
-0.160675,7.1136
-0.167847,7.1094
-0.172729,7.1036
-0.161743,7.0987
-0.145874,7.0944
-0.133362,7.0892
-0.118866,7.0844
-0.101929,7.0789
-0.088501,7.0743
-0.0737,7.0697
-0.063782,7.0642
-0.052643,7.059
-0.045929,7.0547
-0.038452,7.0505
-0.033112,7.045
-0.030975,7.0401
-0.026245,7.0349
-0.023499,7.0303
-0.021057,7.0261
-0.023499,7.0209
-0.021057,7.0169
-0.019073,7.016
-0.02121,7.0102
-0.02121,7.0056
-0.016327,7.001
-0.013733,6.9968
-0.014038,6.9958
-0.006409,6.9907
-0.00885,6.9867
-0.004272,6.9821
-0.003967,6.9815
-0.001526,6.9775
0.000916,6.972
0.000916,6.9669
0.001068,6.9666
0.000763,6.9623
0.000916,6.9568
0.001068,6.9577
0.003357,6.9519
0.007019,6.9473
0.019531,6.9473
0.046844,6.9427
0.052032,6.9376
0.056763,6.9376
0.064392,6.9339
0.021515,6.9278
-0.010529,6.9287
-0.02121,6.9232
-0.006409,6.9232
-0.013733,6.9183
-0.023346,6.918
-0.021057,6.9138
-0.018616,6.9135
-0.018768,6.9083
-0.014038,6.9086
-0.011292,6.9037
-0.011597,6.9028
-0.009003,6.8985
-0.051422,6.8994
-0.051727,6.8945
0.098877,6.8933
0.569763,6.889
1.016235,6.8887
0.399017,6.8839
-0.184937,6.8787
-0.435181,6.8799
-0.367279,6.8741
-0.203857,6.8698
-0.110474,6.8655
-0.077972,6.8649
-0.057678,6.8604
-0.03952,6.8546
-0.028687,6.85
-0.019073,6.8445
-0.010986,6.8396
-0.001526,6.8365
0.004883,6.835
0.014343,6.8304
0.027924,6.8256
0.035095,6.8198
0.044403,6.8158
0.06073,6.8109
0.081024,6.8063
0.08606,6.796
0.086212,6.7911
0.143585,6.7862
0.157166,6.7813
0.162201,6.7731
0.155029,6.7667
0.130615,6.7621
0.072632,6.7532
-0.002747,6.748
-0.081177,6.7407
-0.146942,6.7325
-0.184784,6.7255
-0.206299,6.7175
-0.209351,6.7096
-0.202332,6.7032
-0.187531,6.6934
-0.168915,6.6885
-0.153351,6.6797
-0.141907,6.6699
-0.124054,6.6638
-0.10788,6.655
-0.089417,6.6458
-0.074005,6.6403
-0.060577,6.6299
-0.046234,6.6217
-0.036011,6.6156
-0.033722,6.6058
-0.028381,6.6019
-0.023651,6.5906
-0.023956,6.5826
-0.018616,6.5771
-0.02121,6.5671
-0.021515,6.5622
-0.018463,6.5536
-0.017395,6.5469
-0.016479,6.5424
-0.013885,6.5326
-0.014038,6.5283
-0.011597,6.5231
-0.011292,6.5158
-0.011597,6.5088
-0.009155,6.503
-0.007477,6.499
-0.006409,6.4938
-0.00412,6.489
-0.003967,6.4838
0.001984,6.4789
0.005951,6.4734
0.005798,6.4691
0.005951,6.4642
0.008087,6.46
0.01297,6.4542
0.010529,6.4493
0.010834,6.4478
0.013123,6.4444
0.015259,6.4395
0.015564,6.4346
0.015564,6.4301
0.015411,6.4261
0.015717,6.4255
0.015869,6.42
0.018311,6.416
0.015717,6.4105
0.015564,6.4062
0.018005,6.4059
0.018005,6.4008
0.020294,6.3965
0.027618,6.3913
0.058746,6.3873
0.055542,6.3861
0.060272,6.3812
0.050659,6.3779
0.007019,6.3715
-0.017548,6.3675
-0.014954,6.3669
-0.006561,6.3611
-0.01358,6.3574
-0.023499,6.3519
-0.023804,6.3477
-0.02121,6.3422
-0.016632,6.3373
-0.012054,6.3324
-0.00885,6.3278
-0.006256,6.3235
-0.011292,6.3162
-0.06424,6.3083
-0.030975,6.3037
0.186005,6.2982
0.813599,6.2939
0.942078,6.2869
0.174103,6.2781
-0.353088,6.2741
-0.434265,6.2689
-0.292664,6.2598
-0.146027,6.2549
-0.089569,6.2503
-0.065155,6.2402
-0.04837,6.2354
-0.036011,6.2259
-0.026245,6.221
-0.013733,6.2109
-0.001831,6.2033
0.010529,6.196
0.018005,6.1874
0.027771,6.181
0.034943,6.1719
0.044708,6.1624
0.056152,6.1533
0.072632,6.1438
0.090637,6.1331
0.110321,6.123
0.131531,6.1105
0.151978,6.0986
0.169373,6.0852
0.178986,6.0745
0.174103,6.0602
0.150757,6.0449
0.095062,6.0306
0.015717,6.0162
-0.072327,6.001
-0.144653,5.9857
-0.200958,5.9717
-0.221405,5.954
-0.231628,5.9384
-0.223846,5.9232
-0.207367,5.9082
-0.192413,5.8936
-0.175629,5.8783
-0.156708,5.8643
-0.141144,5.849
-0.119781,5.834
-0.10437,5.8197
-0.085907,5.8054
-0.072479,5.7913
-0.062714,5.7812
-0.050659,5.7669
-0.043182,5.7568
-0.036011,5.7422
-0.033264,5.7327
-0.025635,5.7233
-0.02121,5.7114
-0.021057,5.6985
-0.018616,5.69
-0.021057,5.6815
-0.02121,5.6741
-0.02121,5.6644
-0.018463,5.6552
-0.018921,5.6497
-0.016327,5.64
-0.014191,5.6348
-0.013733,5.6281
-0.011444,5.6201
-0.006409,5.6143
-0.006561,5.6107
-0.004272,5.6064
0.000763,5.6009
0.00061,5.5963
0.003357,5.5923
0.003052,5.5908
0.00351,5.5862
0.005493,5.5811
0.008087,5.5807
0.011902,5.5765
0.013123,5.5762
0.012665,5.5713
0.012817,5.5713
0.013123,5.5713
0.013123,5.5664
0.01297,5.5664
0.013275,5.567
0.01297,5.5661
0.013123,5.5612
0.010834,5.5615
0.010834,5.5621
0.010681,5.5615
0.01297,5.5612
0.015564,5.5618
0.015717,5.5618
0.013275,5.5609
0.020447,5.556
0.040741,5.5563
0.064087,5.5569
0.05188,5.5563
0.067444,5.5569
0.038757,5.5569
-0.003815,5.5563
-0.023804,5.5569
-0.012512,5.5569
-0.013733,5.5566
-0.023651,5.5563
-0.030975,5.5569
-0.030823,5.5566
-0.020752,5.5573
-0.014191,5.5576
-0.012665,5.5569
-0.009155,5.5573
-0.00885,5.5518
-0.038452,5.5515
-0.072479,5.5518
0.027466,5.5521
0.42511,5.5518
1.097412,5.5518
0.580292,5.5515
-0.159912,5.5521
-0.452881,5.5515
-0.376282,5.5472
-0.205994,5.5469
-0.115967,5.5472
-0.07782,5.5469
-0.058289,5.542
-0.045624,5.5414
-0.037994,5.5417
-0.023651,5.5377
-0.011292,5.5377
-0.001984,5.5371
0.007935,5.5325
0.018005,5.5322
0.032959,5.527
0.044403,5.5276
0.054169,5.5234
0.071106,5.5225
0.085907,5.5176
0.105438,5.513
0.127563,5.5035
0.149536,5.4977
0.166931,5.488
0.17807,5.4794
0.176392,5.4691
0.162811,5.4596
0.11795,5.4477
0.04364,5.4355
-0.04303,5.4242
-0.122833,5.412
-0.181122,5.401
-0.213165,5.3873
-0.226746,5.3763
-0.226898,5.3632
-0.216675,5.3519
-0.203247,5.3381
-0.186005,5.3278
-0.165558,5.3159
-0.146942,5.3033
-0.129089,5.2933
-0.11261,5.2841
-0.093689,5.2701
-0.079803,5.2597
-0.067596,5.2493
-0.057678,5.2405
-0.048065,5.2313
-0.040894,5.2246
-0.035706,5.2155
-0.033722,5.2057
-0.028229,5.2005
-0.025787,5.1907
-0.023651,5.1862
-0.023804,5.177
-0.020905,5.1718
-0.021362,5.1666
-0.020905,5.162
-0.018463,5.1569
-0.016174,5.1514
-0.014038,5.1474
-0.011597,5.1416
-0.009003,5.1422
-0.004272,5.1367
-0.003967,5.1355
-0.003815,5.1318
-0.001678,5.1324
0.00061,5.1273
0.000916,5.1273
0.000458,5.1276
0.003052,5.1221
0.003052,5.1224
0.008087,5.1224
0.00824,5.1227
0.005951,5.123
0.007935,5.1221
0.010529,5.1227
0.010681,5.1236
0.01297,5.1227
0.01297,5.1221
0.012817,5.1273
0.013123,5.1273
0.013123,5.1273
0.010834,5.127
0.010986,5.1276
0.00824,5.1324
0.010834,5.1324
0.010681,5.1312
0.010834,5.1331
0.012054,5.1376
0.015564,5.1367
0.032196,5.137
0.067596,5.137
0.059357,5.1419
0.071259,5.1428
0.063019,5.1419
0.014648,5.1468
-0.013733,5.1471
-0.017242,5.1471
-0.016327,5.1471
-0.023956,5.1523
-0.030823,5.1514
-0.030975,5.1517
-0.027008,5.1566
-0.023499,5.1566
-0.019073,5.1566
-0.016174,5.1569
-0.01358,5.162
-0.043182,5.162
-0.084534,5.1611
0.005951,5.1614
0.405121,5.1614
1.101227,5.1666
0.609131,5.1663
-0.130157,5.1666
-0.44754,5.1666
-0.384674,5.1666
-0.213318,5.1666
-0.118103,5.1666
-0.079803,5.1712
-0.060425,5.1718
-0.046082,5.1712
-0.0354,5.1709
-0.021515,5.1712
-0.011597,5.1718
-0.004272,5.1712
0.004883,5.1709
0.015564,5.1718
0.027618,5.1712
0.037842,5.1712
0.052185,5.1715
0.061798,5.1712
0.076447,5.1718
0.076141,5.1715
0.076599,5.1712
0.131683,5.1712
0.161896,5.1715
0.176544,5.1669
0.183868,5.1663
0.179443,5.1608
0.151215,5.1617
0.088654,5.1566
0.003815,5.1517
-0.08255,5.1514
-0.153351,5.1468
-0.198212,5.1422
-0.220642,5.137
-0.226593,5.1309
-0.216827,5.1276
-0.202026,5.1181
-0.185394,5.1129
-0.165558,5.1044
-0.148315,5.098
-0.131531,5.0891
-0.114441,5.0836
-0.090942,5.0754
-0.077515,5.0696
-0.065002,5.0598
-0.065308,5.0552
-0.050812,5.0452
-0.041656,5.04
-0.035706,5.0305
-0.033569,5.0253
-0.028534,5.0208
-0.02594,5.0119
-0.023499,5.0067
-0.020905,5.0009
-0.023956,4.9966
-0.018311,4.9915
-0.016174,4.9866
-0.016022,4.9823
-0.016479,4.9765
-0.013733,4.9728
-0.011597,4.9722
-0.010376,4.967
-0.003967,4.9637
-0.006561,4.9622
-0.006714,4.957
-0.004272,4.9576
-0.001831,4.9576
0.000763,4.9527
0.000916,4.9524
0.003204,4.9524
0.003357,4.9521
0.005493,4.9478
0.00351,4.9475
0.00824,4.9478
0.01297,4.9475
0.013123,4.9475
0.013123,4.9475
0.011902,4.9475
0.012817,4.9478
0.01297,4.9478
0.013123,4.949
0.013428,4.9527
0.013123,4.953
0.013123,4.9524
0.01297,4.953
0.015564,4.9524
0.015869,4.957
0.015564,4.9573
0.015564,4.9579
0.013123,4.9622
0.013123,4.9625
0.024414,4.9619
0.052948,4.9658
0.06424,4.967
0.060577,4.9683
0.074158,4.9719
0.034027,4.9725
-0.005035,4.9722
-0.018616,4.9774
-0.013733,4.9774
-0.020905,4.9814
-0.032959,4.9811
-0.033569,4.9817
-0.028534,4.9866
-0.023651,4.9863
-0.018616,4.9899
-0.016632,4.9921
-0.016327,4.9918
-0.029755,4.9963
-0.088348,4.9963
-0.054321,4.9979
0.234833,5.0012
0.970612,5.0015
0.847931,5.0061
0.072937,5.0067
-0.396271,5.0061
-0.43457,5.0116
-0.216064,5.011
-0.120392,5.0165
-0.083923,5.0156
-0.062714,5.0156
-0.048218,5.0208
-0.03952,5.0208
-0.025787,5.0208
-0.016327,5.0256
-0.006866,5.025
0.005646,5.0259
0.015869,5.0311
0.02533,5.0299
0.032654,5.0305
0.044556,5.0357
0.05661,5.0354
0.071259,5.0357
0.088348,5.0354
0.111847,5.0354
0.136414,5.0357
0.158234,5.0354
0.171661,5.0354
0.183868,5.0354
0.179291,5.0351
0.152435,5.0305
0.088806,5.0302
0.00351,5.0302
-0.083008,5.025
-0.149536,5.0253
-0.191956,5.0201
-0.216675,5.0208
-0.224304,5.0153
-0.215149,5.0113
-0.204468,5.0107
-0.187531,5.0061
-0.170746,5.0064
-0.151978,5.0015
-0.135956,4.996
-0.11795,4.9957
-0.101776,4.9918
-0.087128,4.9911
-0.071564,4.9872
-0.065308,4.9869
-0.056458,4.9814
-0.048218,4.982
-0.041046,4.9765
-0.038452,4.9774
-0.031281,4.9713
-0.02655,4.9716
-0.026245,4.9725
-0.026093,4.967
-0.023499,4.9667
-0.02121,4.9673
-0.018616,4.9677
-0.016327,4.9628
-0.018768,4.9619
-0.016022,4.9628
-0.009155,4.9625
-0.007324,4.9625
-0.006409,4.9622
-0.003662,4.9622
-0.003662,4.9619
-0.001678,4.9625
-0.001373,4.9622
0.000763,4.9667
0.00351,4.9677
0.003357,4.967
0.005493,4.9677
0.005646,4.9719
0.008087,4.9719
0.010834,4.9719
0.010529,4.9716
0.01297,4.9771
0.015717,4.9774
0.015564,4.9811
0.013123,4.9817
0.015259,4.982
0.013123,4.9863
0.013123,4.9869
0.01297,4.9918
0.01297,4.9918
0.010834,4.9915
0.010223,4.9963
0.010681,4.9963
0.010834,5.0009
0.010529,5.0012
0.010681,5.0064
0.012817,5.0061
0.013123,5.011
0.015564,5.014
0.025482,5.0153
0.054016,5.0204
0.052032,5.0208
0.062561,5.0262
0.061951,5.0253
0.01709,5.0311
-0.008698,5.0351
-0.015106,5.0357
-0.016479,5.0403
-0.02594,5.0436
-0.029755,5.0452
-0.028381,5.0497
-0.023804,5.05
-0.02121,5.0549
-0.016327,5.0595
-0.011444,5.0635
-0.013885,5.0647
-0.05127,5.0696
-0.094452,5.0742
0.003967,5.0745
0.456543,5.079
1.112366,5.083
0.566711,5.0885
-0.136414,5.0891
-0.446472,5.0934
-0.391846,5.0983
-0.220947,5.0977
-0.127716,5.1031
-0.090027,5.1083
-0.067596,5.108
-0.050812,5.1126
-0.037994,5.1141
-0.028534,5.1172
-0.019073,5.1227
-0.009308,5.1233
0.0,5.1273
0.010681,5.1324
0.015259,5.1324
0.027313,5.137
0.037689,5.1416
0.049438,5.1422
0.065308,5.1471
0.083466,5.1471
0.10437,5.152
0.127563,5.1569
0.147247,5.1566
0.166321,5.1602
0.176544,5.1611
0.174255,5.1614
0.152435,5.1657
0.093536,5.1666
0.00824,5.1709
-0.07843,5.1712
-0.144653,5.1743
-0.181274,5.1761
-0.202179,5.1761
-0.207062,5.1813
-0.200958,5.1855
-0.187836,5.1859
-0.171356,5.191
-0.151825,5.192
-0.13504,5.1956
-0.12146,5.2008
-0.104523,5.2054
-0.092163,5.2106
-0.079651,5.2158
-0.072479,5.2237
-0.060425,5.2295
-0.052948,5.235
-0.04837,5.2448
-0.040588,5.249
-0.033875,5.2594
-0.028381,5.2673
-0.026093,5.274
-0.026093,5.2835
-0.023651,5.2939
-0.021362,5.303
-0.021362,5.3125
-0.019073,5.3223
-0.016327,5.3323
-0.011444,5.3418
-0.009003,5.3516
-0.01358,5.3616
-0.011597,5.376
-0.006256,5.3864
-0.006409,5.3973
-0.003662,5.4102
-0.001526,5.4251
-0.001678,5.4352
0.000458,5.4492
0.005646,5.4639
0.005798,5.4773
0.00824,5.4901
0.010681,5.5051
0.005951,5.5173
0.005646,5.5328
0.00824,5.5484
0.010529,5.5627
0.010834,5.5801
0.005951,5.5957
0.003052,5.6104
0.00824,5.6247
0.008392,5.6409
0.008087,5.6583
0.008087,5.6738
0.01297,5.6924
0.010834,5.7074
0.010681,5.7233
0.013123,5.7416
0.010681,5.7565
0.010376,5.7748
0.016937,5.7904
0.026855,5.8057
0.046844,5.8249
0.047913,5.8398
0.057831,5.8578
0.062866,5.8737
0.019073,5.8893
-0.010986,5.9045
-0.016327,5.9229
-0.006409,5.9372
-0.018463,5.9528
-0.026093,5.9662
-0.02594,5.9814
-0.023499,5.9964
-0.016785,6.0117
-0.016174,6.0254
-0.013275,6.0403
-0.010986,6.0547
-0.04303,6.0693
-0.086975,6.0843
-0.015564,6.0968
0.36377,6.1087
0.971069,6.1227
0.968933,6.1377
0.119476,6.1469
-0.331726,6.1621
-0.426941,6.1728
-0.284576,6.1856
-0.15274,6.1963
-0.101013,6.2109
-0.071259,6.2207
-0.055542,6.2299
-0.043335,6.243
-0.036011,6.254
-0.026245,6.2643
-0.021362,6.2741
-0.011444,6.2845
-0.00412,6.2943
0.007172,6.3031
0.017395,6.3113
0.027924,6.3184
0.031433,6.3275
0.039825,6.3339
0.056915,6.3431
0.078583,6.347
0.098267,6.3568
0.119324,6.3617
0.136566,6.3672
0.144501,6.3754
0.144958,6.3815
0.131073,6.3864
0.08606,6.3913
0.017395,6.3962
-0.056152,6.4014
-0.113068,6.4056
-0.155487,6.4102
-0.176392,6.412
-0.182648,6.4154
-0.180206,6.4206
-0.165405,6.4252
-0.150757,6.4301
-0.13443,6.4307
-0.119171,6.4346
-0.10437,6.4398
-0.093079,6.4453
-0.082245,6.445
-0.074921,6.4496
-0.065002,6.4536
-0.057678,6.4557
-0.05127,6.46
-0.050354,6.4651
-0.050507,6.4645
-0.043488,6.4694
-0.037842,6.4743
-0.031128,6.4734
-0.028381,6.4783
-0.026398,6.4841
-0.021057,6.4841
-0.018768,6.4893
-0.018616,6.4893
-0.014191,6.4938
-0.014038,6.4981
-0.011292,6.4981
-0.004272,6.503
-0.00412,6.5042
0.000763,6.5079
0.003357,6.5131
0.003357,6.5137
0.00351,6.5176
0.004425,6.5216
0.003204,6.5231
0.008087,6.5283
0.015564,6.528
0.015411,6.5329
0.013123,6.5375
0.011902,6.5381
0.015564,6.5421
0.01297,6.5472
0.013275,6.5479
0.018158,6.5521
0.015869,6.5576
0.017853,6.5576
0.017853,6.5625
0.0177,6.5671
0.02533,6.5714
0.030365,6.5717
0.043335,6.5759
0.061646,6.5808
0.056763,6.5823
0.073853,6.5863
0.04303,6.5915
0.006561,6.5927
-0.006409,6.5958
0.003204,6.6003
-0.005493,6.6064
-0.012665,6.6055
-0.016174,6.6113
-0.011292,6.6156
-0.010071,6.6165
-0.003967,6.6202
-0.006561,6.6248
-0.004272,6.6293
-0.019836,6.6309
-0.074768,6.6348
-0.022278,6.6397
0.240936,6.64
0.911865,6.6446
0.791321,6.6507
0.178528,6.6531
-0.288849,6.6547
-0.425873,6.6592
-0.317993,6.6641
-0.172882,6.665
-0.105743,6.6693
-0.074615,6.6745
-0.054321,6.6739
-0.041962,6.6788
-0.031128,6.6846
-0.02121,6.6882
-0.009003,6.6882
-0.003815,6.6943
0.003357,6.698
0.013275,6.7001
0.020447,6.7044
0.025635,6.7084
0.037689,6.7123
0.050812,6.713
0.066681,6.7184
0.08316,6.7175
0.099945,6.7224
0.125427,6.723
0.141602,6.7276
0.147247,6.7282
0.149994,6.7279
0.136261,6.7328
0.099335,6.7325
0.039062,6.7328
-0.038452,6.7383
-0.100708,6.7377
-0.140991,6.7377
-0.16449,6.7377
-0.170135,6.7377
-0.162964,6.7377
-0.156708,6.7419
-0.146179,6.7426
-0.127258,6.7419
-0.110168,6.7429
-0.095825,6.7419
-0.084686,6.7429
-0.07782,6.7426
-0.067444,6.7429
-0.058136,6.7419
-0.046997,6.748
-0.040894,6.7471
-0.0383,6.7471
-0.035553,6.7471
-0.030823,6.7471
-0.026093,6.7474
-0.020905,6.7517
-0.022125,6.752
-0.018616,6.7523
-0.018616,6.752
-0.018921,6.7532
-0.011292,6.7575
-0.011444,6.7572
-0.009308,6.7569
-0.006409,6.7618
-0.001221,6.7627
-0.001831,6.7618
-0.003815,6.7627
0.000916,6.7664
0.000916,6.7664
0.003357,6.7676
0.005646,6.7667
0.005646,6.7728
0.005493,6.7715
0.005646,6.7715
0.005493,6.7761
0.005341,6.777
0.008392,6.7764
0.010376,6.781
0.010681,6.7816
0.00824,6.7813
0.00824,6.7816
0.010834,6.7868
0.01297,6.7862
0.015717,6.7865
0.022583,6.7914
0.048828,6.7911
0.049591,6.7914
0.063324,6.7926
0.060425,6.7966
0.021515,6.7966
-0.00885,6.7969
-0.012512,6.8008
-0.009003,6.8011
-0.018921,6.8011
-0.023804,6.8054
-0.02594,6.806
-0.021057,6.8054
-0.016327,6.8066
-0.009155,6.8106
-0.006409,6.8109
-0.011444,6.8109
-0.054321,6.8158
-0.072632,6.8152
0.038605,6.8155
0.450439,6.8158
1.009674,6.8207
0.527954,6.8213
-0.055389,6.8204
-0.403748,6.8253
-0.407104,6.8256
-0.25177,6.8253
-0.138092,6.8262
-0.095367,6.8301
-0.070801,6.8304
-0.050659,6.8298
-0.037994,6.8301
-0.029297,6.8359
-0.021057,6.835
-0.011597,6.835
-0.002594,6.835
0.00824,6.8402
0.010681,6.8402
0.018005,6.8408
0.025024,6.8399
0.039062,6.8405
0.05188,6.8408
0.069427,6.8399
0.09491,6.8402
0.113373,6.8402
0.133972,6.8399
0.14389,6.8399
0.1474,6.8405
0.135956,6.8402
0.097351,6.8365
0.041504,6.8344
-0.020142,6.8359
-0.093842,6.8304
-0.149841,6.8301
-0.18158,6.8289
-0.194855,6.8253
-0.194702,6.821
-0.185852,6.8201
-0.168915,6.8152
-0.150909,6.8158
-0.133514,6.8109
-0.116272,6.8115
-0.102234,6.8063
-0.089874,6.8018
-0.077667,6.8008
-0.067596,6.796
-0.056305,6.7947
-0.050507,6.7908
-0.045624,6.7871
-0.040588,6.7865
-0.038147,6.7813
-0.03067,6.781
-0.02594,6.7764
-0.023804,6.7767
-0.02594,6.7722
-0.024567,6.7722
-0.018463,6.7673
-0.016174,6.7664
-0.016327,6.7657
-0.011444,6.7618
-0.008545,6.7618
-0.009003,6.7572
-0.003967,6.7563
-0.006104,6.7569
-0.003815,6.7569
-0.001678,6.7523
-0.00412,6.7517
0.000916,6.7517
0.003052,6.752
-0.001678,6.7523
0.003204,6.7526
0.003357,6.7523
0.006104,6.7517
0.007324,6.7471
0.008087,6.7474
0.010834,6.7474
0.013123,6.7468
0.010834,6.7471
0.013275,6.7471
0.015717,6.7474
0.015411,6.7474
0.012817,6.7471
0.015869,6.7474
0.017853,6.7471
0.023041,6.748
0.037231,6.752
0.056763,6.752
0.051575,6.7526
0.073547,6.7529
0.055084,6.752
0.011444,6.7523
-0.00885,6.7526
-0.006561,6.752
-0.009003,6.752
-0.018921,6.7526
-0.023651,6.7517
-0.020905,6.7523
-0.018768,6.7523
-0.016479,6.7523
-0.011444,6.7529
-0.00885,6.7523
-0.012817,6.7529
-0.066681,6.7523
-0.061188,6.7523
0.095367,6.752
0.616455,6.7523
1.00296,6.7578
0.368347,6.7572
-0.200958,6.7575
-0.43808,6.7578
-0.368652,6.7578
-0.209045,6.752
-0.11795,6.752
-0.079956,6.752
-0.060425,6.752
-0.045624,6.7517
-0.035706,6.7526
-0.023651,6.7526
-0.00885,6.7517
-0.001373,6.7526
0.00473,6.7526
0.01236,6.7526
0.022888,6.7471
0.034332,6.7477
0.04425,6.7465
0.05722,6.7474
0.073853,6.7468
0.095062,6.7432
0.114288,6.7429
0.136261,6.7383
0.156555,6.7368
0.166931,6.7371
0.166473,6.7328
0.150604,6.7334
0.106812,6.7273
0.03006,6.7236
-0.053253,6.7233
-0.125275,6.7181
-0.174408,6.7139
-0.206451,6.7139
-0.216675,6.7084
-0.214233,6.7032
-0.199738,6.698
-0.182953,6.6943
-0.166626,6.6907
-0.148315,6.6888
-0.128937,6.6837
-0.114136,6.6782
-0.097198,6.673
-0.084534,6.665
-0.072327,6.6605
-0.060425,6.6559
-0.050964,6.6495
-0.045319,6.6452
-0.041046,6.6403
-0.033722,6.6351
-0.029297,6.6302
-0.023956,6.6257
-0.016937,6.6202
-0.015869,6.6171
-0.013885,6.6153
-0.013733,6.611
-0.013885,6.6058
-0.01358,6.6019
-0.009003,6.5958
-0.006256,6.5912
-0.006409,6.5866
-0.006409,6.586
-0.001831,6.5814
0.000916,6.5768
0.003204,6.5723
0.005798,6.572
0.008545,6.5665
0.008392,6.5619
0.01297,6.5567
0.015717,6.554
0.015869,6.5521
0.015411,6.5482
0.015411,6.5417
0.018005,6.5378
0.018158,6.5384
0.018005,6.532
0.020447,6.5277
0.020294,6.5225
0.020599,6.5228
0.020447,6.5182
0.020447,6.5143
0.020447,6.5079
0.018311,6.5085
0.020142,6.5042
0.020294,6.4981
0.018005,6.4932
0.017853,6.489
0.017853,6.4838
0.0177,6.4795
0.015717,6.478
0.023041,6.474
0.04837,6.4685
0.059052,6.4639
0.056763,6.4584
0.070038,6.4514
0.031281,6.4444
-0.001526,6.4398
-0.016174,6.4346
-0.00885,6.4301
-0.017853,6.4203
-0.023651,6.416
-0.026093,6.4111
-0.020905,6.4008
-0.018616,6.3965
-0.014038,6.3867
-0.009766,6.3809
-0.006866,6.3715
-0.013733,6.3666
-0.066986,6.3568
-0.03891,6.3522
0.18631,6.3419
0.830994,6.3324
0.948944,6.3275
0.195923,6.3187
-0.335541,6.312
-0.436249,6.3034
-0.299225,6.2933
-0.153046,6.2878
-0.097809,6.2793
-0.073242,6.2686
-0.056305,6.2601
-0.040436,6.2537
-0.028229,6.2445
-0.018768,6.235
-0.009308,6.2256
0.002289,6.2161
0.010529,6.2061
0.020447,6.1963
0.029144,6.1868
0.03952,6.1765
0.051727,6.1667
0.065613,6.1569
0.081024,6.1432
0.107574,6.1328
0.132599,6.1185
0.154724,6.1032
0.171814,6.0904
0.179291,6.0751
0.175323,6.059
0.155792,6.0449
0.102844,6.0291
0.036316,6.0144
-0.05188,5.9964
-0.126953,5.9814
-0.182648,5.9625
-0.216675,5.9467
-0.231323,5.9293
-0.22995,5.9134
-0.217743,5.8975
-0.202026,5.8792
-0.182495,5.8643
-0.160217,5.8487
-0.14328,5.831
-0.128784,5.8151
-0.111694,5.8005
-0.094604,5.7864
-0.079803,5.7715
-0.065308,5.7602
-0.055847,5.7465
-0.050659,5.7327
-0.043182,5.7233
-0.039062,5.7083
-0.035553,5.6992
-0.030823,5.6888
-0.025635,5.6784
-0.02121,5.6689
-0.02121,5.6601
-0.02121,5.6491
-0.02121,5.6396
-0.021057,5.6348
-0.016174,5.625
-0.011597,5.6201
-0.011444,5.6104
-0.011139,5.6055
-0.008392,5.6012
-0.005951,5.5957
-0.006561,5.5911
-0.006714,5.5862
-0.00412,5.5811
-0.00412,5.5762
-0.001221,5.5713
0.000458,5.5719
0.003357,5.5664
0.003204,5.5627
0.005798,5.5618
0.005646,5.5591
0.005798,5.5563
0.005798,5.5566
0.00824,5.5521
0.007935,5.5524
0.008392,5.5521
0.010529,5.5518
0.010834,5.5469
0.010834,5.5472
0.013275,5.5469
0.013123,5.5469
0.012817,5.5469
0.012817,5.5472
0.01297,5.5469
0.010681,5.5472
0.012665,5.5475
0.013123,5.5469
0.013275,5.5472
0.013275,5.5469
0.013275,5.546
0.015259,5.5466
0.015869,5.5469
0.022125,5.5469
0.043945,5.5475
0.064087,5.5469
0.059204,5.5463
0.076294,5.5475
0.036316,5.5472
-0.001373,5.5469
-0.016632,5.5518
-0.013885,5.5521
-0.018311,5.5521
-0.028076,5.5521
-0.030975,5.5518
-0.028381,5.5518
-0.026093,5.5518
-0.018616,5.5521
-0.014038,5.5518
-0.01358,5.5515
-0.015564,5.5518
-0.069275,5.5521
-0.068665,5.5472
0.118713,5.5469
0.71991,5.5472
1.045227,5.5469
0.296783,5.5466
-0.31189,5.5475
-0.454712,5.5469
-0.326996,5.5472
-0.169678,5.5423
-0.105286,5.5429
-0.077362,5.5423
-0.057526,5.5423
-0.045319,5.5371
-0.033112,5.5371
-0.023804,5.5377
-0.013428,5.5325
-0.001678,5.5322
0.00824,5.5276
0.0177,5.5267
0.027466,5.5225
0.037689,5.5173
0.049438,5.5176
0.064087,5.5081
0.081177,5.5029
0.102234,5.498
0.125427,5.4892
0.149841,5.4785
0.167084,5.4675
0.176849,5.4547
0.179138,5.4449
0.167084,5.4306
0.126343,5.4169
0.053864,5.4053
-0.036163,5.3912
-0.117035,5.3757
-0.177002,5.3619
-0.213776,5.347
-0.228882,5.3323
-0.229034,5.3183
-0.219116,5.3033
-0.202332,5.2887
-0.184937,5.2744
-0.166473,5.2591
-0.149231,5.2454
-0.131073,5.2338
-0.115051,5.22
-0.096588,5.2063
-0.082245,5.1959
-0.071106,5.1816
-0.063782,5.1712
-0.052643,5.1611
-0.043335,5.1486
-0.038147,5.1392
-0.033417,5.1285
-0.028381,5.1221
-0.028534,5.112
-0.026093,5.1028
-0.023499,5.0977
-0.023499,5.0882
-0.02121,5.0836
-0.018768,5.0748
-0.013885,5.0696
-0.013885,5.0644
-0.011597,5.0595
-0.00885,5.0546
-0.006104,5.05
-0.006409,5.0452
-0.001526,5.0406
-0.001526,5.04
0.003052,5.0354
0.003204,5.0354
0.00351,5.0302
0.005951,5.0308
0.008545,5.0259
0.010834,5.0259
0.010681,5.0256
0.008087,5.0256
0.010681,5.0253
0.010681,5.025
0.010681,5.0259
0.010529,5.0256
0.013428,5.0259
0.010834,5.0259
0.01297,5.0262
0.01297,5.0256
0.015411,5.0256
0.01709,5.0262
0.018158,5.0253
0.0177,5.0302
0.015106,5.0305
0.013733,5.0305
0.011597,5.0302
0.00824,5.0299
0.010834,5.0354
0.010529,5.0363
0.010834,5.0351
0.015411,5.0397
0.026855,5.04
0.058899,5.04
0.054321,5.0406
0.058441,5.0449
0.055237,5.0446
0.00885,5.0455
-0.015411,5.0485
-0.018463,5.05
-0.013733,5.05
-0.023804,5.0494
-0.030823,5.0546
-0.030823,5.0546
-0.024414,5.0549
-0.021057,5.0543
-0.016022,5.0592
-0.013885,5.0595
-0.013885,5.0592
-0.036926,5.0595
-0.08728,5.0647
-0.021667,5.0647
0.336761,5.065
1.065521,5.0641
0.705566,5.0647
-0.236359,5.0693
-0.456543,5.0699
-0.358582,5.0693
-0.189667,5.0696
-0.121307,5.0702
-0.089417,5.069
-0.067596,5.0699
-0.053253,5.0702
-0.040588,5.0696
-0.029297,5.0748
-0.02121,5.0742
-0.011292,5.0745
-0.001526,5.0742
0.010834,5.0745
0.023041,5.0748
0.035095,5.0735
0.046387,5.0745
0.058899,5.0702
0.071259,5.0696
0.09079,5.0696
0.110626,5.0696
0.134125,5.0696
0.155945,5.0647
0.172119,5.0644
0.181427,5.0598
0.179138,5.0601
0.150299,5.0546
0.086975,5.05
-0.000305,5.0455
-0.088043,5.0406
-0.159912,5.0351
-0.201721,5.0308
-0.223999,5.0247
-0.228882,5.0159
-0.221558,5.0061
-0.206909,4.9963
-0.185242,4.9884
-0.166321,4.9783
-0.146027,4.9692
-0.128784,4.9588
-0.111694,4.9481
-0.096893,4.938
-0.084839,4.9274
-0.072632,4.9185
-0.062866,4.9078
-0.055237,4.8993
-0.050812,4.8895
-0.043182,4.8834
-0.035706,4.874
-0.033417,4.8645
-0.028381,4.856
-0.025787,4.8502
-0.023651,4.8404
-0.020905,4.8361
-0.02121,4.8306
-0.018768,4.8209
-0.016327,4.816
-0.013428,4.8114
-0.00885,4.8059
-0.006714,4.8013
-0.006409,4.7971
-0.006409,4.7952
-0.003967,4.7916
-0.001678,4.7867
-0.001678,4.7867
0.000763,4.7821
0.00473,4.7821
0.008087,4.7769
0.00824,4.7766
0.010529,4.7769
0.010529,4.7769
0.01297,4.7769
0.012817,4.7766
0.01297,4.7769
0.015564,4.7769
0.01297,4.7775
0.01297,4.7766
0.012817,4.7769
0.013123,4.7772
0.01297,4.7772
0.01297,4.7769
0.015259,4.7815
0.015564,4.7818
0.017853,4.7812
0.018311,4.7864
0.018463,4.7864
0.013123,4.7864
0.012817,4.7913
0.010681,4.7913
0.01297,4.7913
0.01297,4.7958
0.010986,4.7968
0.01297,4.7961
0.015411,4.8013
0.027161,4.801
0.058746,4.8065
0.054321,4.8059
0.066681,4.8062
0.057526,4.8111
0.015717,4.8111
-0.010529,4.8157
-0.014038,4.816
-0.013733,4.8163
-0.023651,4.8206
-0.028381,4.8206
-0.028229,4.8254
-0.021973,4.8254
-0.018616,4.826
-0.016174,4.8303
-0.01358,4.8306
-0.011139,4.8306
-0.046539,4.8358
-0.094147,4.8352
-0.009613,4.8398
0.419006,4.8404
1.113892,4.8401
0.615997,4.8456
-0.106812,4.8453
-0.438995,4.8495
-0.39444,4.8511
-0.22644,4.8505
-0.127411,4.855
-0.087891,4.8547
-0.065308,4.855
-0.050354,4.8593
-0.039215,4.8596
-0.028381,4.8593
-0.018768,4.8654
-0.007172,4.8645
0.000763,4.8648
0.010376,4.8691
0.020294,4.8697
0.027771,4.8694
0.037537,4.8743
0.046844,4.8743
0.056763,4.8746
0.075378,4.8743
0.098267,4.8743
0.124512,4.8746
0.149689,4.8743
0.166779,4.8743
0.178986,4.8697
0.182343,4.8688
0.162048,4.8691
0.106506,4.8645
0.022278,4.8645
-0.064392,4.8596
-0.137482,4.8593
-0.187531,4.8547
-0.213623,4.8502
-0.218811,4.8502
-0.216522,4.8456
-0.202026,4.8413
-0.187378,4.8401
-0.171509,4.8358
-0.150604,4.8309
-0.131989,4.8303
-0.116577,4.8251
-0.10025,4.8209
-0.087433,4.8199
-0.075684,4.8163
-0.068817,4.8132
-0.058594,4.8111
-0.052795,4.808
-0.045776,4.8059
-0.038147,4.8065
-0.035858,4.8016
-0.030975,4.801
-0.02655,4.8007
-0.02121,4.7958
-0.018463,4.7964
-0.016632,4.7968
-0.014191,4.7971
-0.011292,4.7958
-0.011444,4.7961
-0.009003,4.7961
-0.006714,4.7961
-0.003815,4.7974
-0.003662,4.7968
-0.00412,4.7964
-0.001678,4.7968
0.000916,4.7964
0.00351,4.7964
0.003357,4.8007
0.003204,4.801
0.005493,4.8004
0.008087,4.8013
0.007935,4.8062
0.007935,4.8062
0.010834,4.8111
0.010681,4.8108
0.010681,4.8157
0.008087,4.8154
0.010681,4.8209
0.007935,4.8203
0.010834,4.8257
0.008698,4.8303
0.00824,4.83
0.010681,4.8352
0.010681,4.8401
0.010529,4.8453
0.016022,4.8492
0.013275,4.8508
0.012817,4.855
0.015564,4.8608
0.013885,4.8672
0.015411,4.8749
0.015259,4.8792
0.013275,4.8837
0.01358,4.8889
0.023346,4.8962
0.048523,4.9045
0.056915,4.9084
0.051727,4.9182
0.064392,4.9231
0.025482,4.9286
-0.00885,4.9374
-0.023651,4.9435
-0.011597,4.9518
-0.016632,4.9619
-0.026093,4.9673
-0.028381,4.9771
-0.028229,4.9823
-0.024414,4.9918
-0.018616,5.0012
-0.016022,5.007
-0.016327,5.0162
-0.022583,5.0253
-0.083923,5.0351
-0.08606,5.0406
0.118866,5.0507
0.776825,5.0592
0.986633,5.0693
0.271454,5.0793
-0.285645,5.0885
-0.458527,5.0967
-0.348969,5.1038
-0.187378,5.1129
-0.119934,5.1233
-0.085754,5.1328
-0.065308,5.1422
-0.051422,5.1517
-0.040894,5.1614
-0.028381,5.1694
-0.021057,5.1767
-0.010986,5.1862
-0.001678,5.1959
0.010834,5.2057
0.0177,5.2148
0.022888,5.2203
0.032501,5.2304
0.044708,5.2399
0.058136,5.2451
0.076294,5.2539
0.099945,5.26
0.127106,5.2686
0.148773,5.2734
0.163727,5.2829
0.169373,5.2887
0.164948,5.2924
0.135956,5.2985
0.074463,5.3079
-0.007019,5.3131
-0.082855,5.3177
-0.14267,5.3226
-0.179138,5.3281
-0.196533,5.3323
-0.199738,5.3375
-0.192261,5.3424
-0.175323,5.3519
-0.158386,5.3564
-0.143585,5.3616
-0.128632,5.3714
-0.116272,5.3766
-0.099792,5.386
-0.088196,5.3918
-0.079803,5.4001
-0.067444,5.4102
-0.058899,5.4205
-0.050659,5.4291
-0.040894,5.4398
-0.038605,5.4526
-0.035553,5.4639
-0.03067,5.477
-0.026245,5.4883
-0.024872,5.5029
-0.018463,5.5176
-0.018463,5.5322
-0.023651,5.5469
-0.021362,5.5624
-0.018921,5.5804
-0.015869,5.5954
-0.014038,5.614
-0.011139,5.6296
-0.011444,5.647
-0.011444,5.6641
-0.003967,5.6833
-0.001831,5.7019
0.001068,5.7178
0.003204,5.7379
0.003204,5.7544
0.000763,5.7718
0.005646,5.7907
0.007935,5.8096
0.010681,5.8255
0.010681,5.8453
0.007935,5.864
0.00824,5.882
0.010834,5.899
0.010834,5.918
0.010223,5.9369
0.005493,5.9525
0.008087,5.9711
0.015564,5.99
0.013123,6.0059
0.01297,6.0248
0.010681,6.0394
0.015259,6.0587
0.013275,6.0745
0.010529,6.0934
0.008698,6.1078
0.013275,6.124
0.020447,6.1423
0.036774,6.1566
0.05188,6.1716
0.04715,6.1868
0.066681,6.2018
0.036011,6.2155
-0.003967,6.2308
-0.017242,6.2454
-0.001678,6.2598
-0.00412,6.2744
-0.016174,6.2881
-0.016327,6.2982
-0.013733,6.3129
-0.012207,6.3232
-0.008698,6.3373
-0.006561,6.3477
-0.006256,6.3602
-0.015259,6.3718
-0.079041,6.3815
-0.052032,6.3919
0.160065,6.4011
0.808868,6.4111
0.880737,6.4209
0.291748,6.4307
-0.214844,6.4404
-0.433655,6.4502
-0.35614,6.4594
-0.198822,6.4697
-0.11261,6.4792
-0.082092,6.4883
-0.062866,6.4984
-0.048218,6.5067
-0.037994,6.5131
-0.030823,6.5231
-0.023651,6.5323
-0.014191,6.5372
-0.006714,6.5475
-0.000153,6.5552
0.007629,6.5616
0.015411,6.5701
0.025482,6.5765
0.034332,6.5823
0.046844,6.5906
0.059357,6.5961
0.078735,6.6006
0.098114,6.6052
0.11795,6.6113
0.131836,6.6208
0.140381,6.6251
0.137939,6.6312
0.113525,6.633
0.057373,6.6354
-0.00824,6.6406
-0.074005,6.6449
-0.125732,6.6501
-0.15564,6.6528
-0.165558,6.655
-0.165405,6.6595
-0.156555,6.6602
-0.14328,6.6647
-0.129242,6.669
-0.116577,6.669
-0.102081,6.6736
-0.08728,6.6742
-0.075836,6.6791
-0.067902,6.6797
-0.060883,6.6846
-0.052795,6.6885
-0.052643,6.6885
-0.043488,6.6934
-0.038452,6.6937
-0.033417,6.6986
-0.028381,6.6986
-0.023956,6.7035
-0.018463,6.7087
-0.018616,6.7087
-0.018768,6.713
-0.016174,6.713
-0.018311,6.7184
-0.018768,6.7227
-0.018311,6.7227
-0.011139,6.7276
-0.013885,6.7328
-0.011597,6.7328
-0.00412,6.7371
-0.003967,6.738
-0.006714,6.7422
-0.00412,6.7474
0.0,6.7471
-0.001678,6.752
0.00061,6.7572
-0.000916,6.7584
-0.001678,6.7618
0.000763,6.7657
0.003357,6.7667
0.005798,6.7719
0.007935,6.7725
0.010529,6.7767
0.010681,6.7816
0.010834,6.781
0.018005,6.7862
0.023041,6.7914
0.039215,6.7944
0.054321,6.7963
0.041962,6.8011
0.054321,6.8063
0.021057,6.8066
-0.007782,6.8109
-0.014496,6.8155
-0.001831,6.8158
-0.009003,6.8204
-0.016327,6.8259
-0.018616,6.8253
-0.013885,6.8301
-0.009613,6.8359
-0.006409,6.8356
-0.001373,6.8399
0.000916,6.8393
-0.008087,6.8448
-0.065002,6.8494
-0.03067,6.8509
0.185547,6.8549
0.819702,6.8549
0.86441,6.8597
0.242767,6.8597
-0.25238,6.8646
-0.430908,6.8643
-0.341492,6.8698
-0.18692,6.8695
-0.109863,6.8744
-0.077667,6.8747
-0.055542,6.8774
-0.043182,6.879
-0.03067,6.879
-0.021057,6.8845
-0.012054,6.8835
-0.006561,6.889
0.002594,6.8884
0.01236,6.8927
0.015717,6.8936
0.027771,6.8933
0.03952,6.8976
0.046997,6.8985
0.05661,6.8988
0.076752,6.9031
0.098267,6.9034
0.114594,6.9031
0.134277,6.9043
0.149231,6.9034
0.154419,6.9037
0.144653,6.9034
0.109253,6.9034
0.047607,6.9028
-0.029144,6.9037
-0.098724,6.9034
-0.147858,6.9034
-0.17746,6.8988
-0.187378,6.8991
-0.183716,6.8994
-0.172577,6.8936
-0.158539,6.8936
-0.143585,6.8936
-0.12619,6.8884
-0.108795,6.8887
-0.092316,6.8845
-0.079803,6.8835
-0.069885,6.8802
-0.060425,6.8793
-0.055084,6.8793
-0.045776,6.8741
-0.040741,6.8738
-0.035553,6.8695
-0.03067,6.8704
-0.028381,6.8695
-0.025635,6.8643
-0.026093,6.8646
-0.021057,6.8646
-0.021515,6.86
-0.018616,6.86
-0.016327,6.8594
-0.011597,6.8549
-0.009003,6.8552
-0.009003,6.8546
-0.008698,6.8512
-0.00885,6.85
-0.006409,6.85
-0.006256,6.8494
-0.001373,6.85
0.003204,6.8448
0.006104,6.8448
0.007935,6.8451
0.012665,6.8457
0.010529,6.8451
0.00824,6.8445
0.009766,6.8402
0.010681,6.8405
0.010529,6.8408
0.01297,6.8408
0.01297,6.8408
0.01236,6.8402
0.013123,6.835
0.017853,6.835
0.020752,6.835
0.030518,6.8359
0.054474,6.8353
0.05188,6.8359
0.063934,6.8347
0.062256,6.8295
0.013733,6.8307
-0.011597,6.8301
-0.011749,6.8298
-0.009003,6.8311
-0.020294,6.8304
-0.02594,6.8301
-0.023651,6.8259
-0.023651,6.8256
-0.018768,6.8246
-0.011444,6.8262
-0.006409,6.8256
-0.006561,6.8256
-0.042572,6.8219
-0.065765,6.821
0.04425,6.8201
0.450897,6.8204
1.052856,6.8207
0.551147,6.8164
-0.087891,6.8155
-0.417786,6.8155
-0.396423,6.8149
-0.235748,6.8106
-0.126953,6.8103
-0.086975,6.8103
-0.065308,6.806
-0.045624,6.8057
-0.035553,6.803
-0.023193,6.8008
-0.00885,6.8008
-0.001678,6.7957
0.005646,6.7953
0.01297,6.7911
0.022583,6.792
0.032654,6.7874
0.042114,6.7871
0.054626,6.7816
0.069275,6.7822
0.090332,6.7773
0.110931,6.7722
0.13504,6.7667
0.157013,6.7618
0.169525,6.7572
0.176544,6.7523
0.171509,6.7468
0.142975,6.7377
0.080261,6.7328
-0.006409,6.7227
-0.089417,6.7178
-0.152893,6.7087
-0.194702,6.6992
-0.216217,6.6891
-0.222015,6.684
-0.211792,6.6739
-0.19928,6.6644
-0.180664,6.6553
-0.162811,6.6443
-0.146027,6.6348
-0.127106,6.6257
-0.107574,6.6156
-0.092773,6.6052
-0.079346,6.5961
-0.068359,6.586
-0.063019,6.5768
-0.052948,6.5665
-0.043488,6.5573
-0.037994,6.5469
-0.028534,6.5372
-0.028687,6.5268
-0.026093,6.5176
-0.023193,6.5085
-0.020905,6.4987
-0.020447,6.488
-0.018616,6.478
-0.018311,6.4685
-0.018768,6.4587
-0.016327,6.4487
-0.013733,6.4395
-0.011444,6.4304
-0.00885,6.4209
-0.006561,6.4102
-0.003967,6.3998
-0.00412,6.3913
-0.001831,6.3809
0.003357,6.3715
0.003357,6.3617
0.00351,6.3516
0.005493,6.3419
0.008087,6.3327
0.010529,6.3242
0.010681,6.3184
0.008087,6.3083
0.007935,6.2979
0.00824,6.2878
0.010681,6.2793
0.013123,6.2738
0.013123,6.264
0.015564,6.2546
0.012817,6.2451
0.01297,6.2344
0.013123,6.2259
0.010529,6.2201
0.013275,6.21
0.01297,6.2009
0.01709,6.1911
0.026855,6.1813
0.053711,6.1734
0.066528,6.1661
0.05188,6.1566
0.062103,6.1469
0.023346,6.1383
-0.010834,6.1282
-0.016174,6.1176
-0.006409,6.1075
-0.011292,6.0983
-0.018768,6.0886
-0.021362,6.0782
-0.019073,6.0693
-0.016022,6.0593
-0.013733,6.0501
-0.011292,6.041
-0.009003,6.0306
-0.008087,6.022
-0.057373,6.0147
-0.055695,6.0062
0.121765,5.9964
0.681915,5.986
1.051483,5.9772
0.328064,5.9668
-0.29007,5.9589
-0.45639,5.9521
-0.335388,5.9424
-0.171967,5.9326
-0.104828,5.9253
-0.077667,5.9177
-0.057678,5.9082
-0.046082,5.8975
-0.036621,5.8878
-0.023804,5.8789
-0.011292,5.8691
-0.002289,5.8588
0.005341,5.8499
0.016022,5.8408
0.027161,5.8301
0.037689,5.8218
0.047302,5.8154
0.063324,5.8051
0.078278,5.7947
0.098572,5.7831
0.124664,5.7715
0.148773,5.762
0.167236,5.7486
0.18158,5.7373
0.186462,5.7233
0.174561,5.7126
0.133057,5.6985
0.059967,5.6845
-0.028381,5.6735
-0.110779,5.6595
-0.173035,5.6448
-0.208893,5.6305
-0.224152,5.6171
-0.223999,5.6067
-0.215302,5.5911
-0.202179,5.5811
-0.185547,5.5661
-0.167542,5.5536
-0.148315,5.5432
-0.129852,5.5322
-0.111237,5.5197
-0.095062,5.5084
-0.080109,5.498
-0.069885,5.4886
-0.059814,5.4785
-0.050201,5.4697
-0.045471,5.4636
-0.040588,5.4538
-0.033722,5.4446
-0.028076,5.4398
-0.023804,5.4349
-0.023651,5.4254
-0.023651,5.4205
-0.02121,5.415
-0.019073,5.4105
-0.016479,5.4056
-0.013733,5.401
-0.011444,5.3955
-0.00885,5.3909
-0.006409,5.3912
-0.003967,5.3857
-0.006256,5.3812
-0.006256,5.3809
-0.003967,5.3769
-0.003815,5.3763
-0.004272,5.3763
-0.001373,5.3714
0.001068,5.3711
0.003052,5.3714
0.003204,5.3717
0.005798,5.3714
0.005798,5.3711
0.005951,5.3717
0.00824,5.3668
0.00824,5.3665
0.007935,5.3717
0.00824,5.3714
0.010834,5.3714
0.01297,5.3711
0.013123,5.3714
0.013123,5.372
0.014648,5.3717
0.015411,5.3711
0.010681,5.3711
0.010986,5.3766
0.010681,5.3763
0.013123,5.376
0.015106,5.3763
0.015717,5.376
0.015564,5.3809
0.029449,5.3815
0.061035,5.3812
0.056,5.3815
0.058289,5.3812
0.057678,5.386
0.010834,5.3864
-0.016022,5.3864
-0.016632,5.3864
-0.016174,5.3864
-0.026245,5.3891
-0.03067,5.3912
-0.028381,5.3909
-0.023651,5.3906
-0.018921,5.3906
-0.016327,5.3909
-0.011292,5.3906
-0.011292,5.3949
-0.038147,5.3949
-0.079803,5.3949
0.001831,5.3958
0.383911,5.3961
1.089478,5.3961
0.651093,5.3961
-0.088348,5.3952
-0.439911,5.3958
-0.399017,5.3955
-0.230713,5.3964
-0.127716,5.3961
-0.089264,5.3958
-0.070343,5.3958
-0.05249,5.3952
-0.040741,5.3964
-0.029449,5.3955
-0.02121,5.3961
-0.009766,5.3918
0.0,5.3912
0.00824,5.3912
0.016174,5.3909
0.027618,5.3906
0.034943,5.386
0.045013,5.3867
0.061798,5.3812
0.079651,5.3763
0.102692,5.3714
0.126953,5.3668
0.149689,5.3568
0.169525,5.3467
0.184021,5.3372
0.183563,5.3278
0.164948,5.3165
0.113525,5.3027
0.031128,5.2899
-0.059662,5.2792
-0.135498,5.2643
-0.187531,5.2493
-0.219574,5.2347
-0.229034,5.2203
-0.224304,5.2051
-0.211639,5.1913
-0.194397,5.1767
-0.180206,5.1633
-0.153503,5.1489
-0.136719,5.137
-0.117035,5.1224
-0.101776,5.1077
-0.08667,5.0937
-0.070343,5.0836
-0.062866,5.0696
-0.053101,5.0592
-0.045624,5.047
-0.043182,5.036
-0.0354,5.0256
-0.028381,5.0156
-0.023651,5.0058
-0.023804,4.9966
-0.018768,4.9869
-0.018463,4.9765
-0.018311,4.9722
-0.014038,4.9619
-0.00885,4.957
-0.00885,4.9472
-0.00885,4.9426
-0.006409,4.9374
-0.003967,4.9326
-0.003967,4.9246
-0.004272,4.9231
-0.001373,4.9185
0.000763,4.9136
0.005035,4.9091
0.005798,4.9039
0.005798,4.9036
0.005646,4.8984
0.007935,4.899
0.007782,4.8935
0.007935,4.8938
0.005951,4.8941
0.010529,4.8892
0.010529,4.8883
0.012207,4.8892
0.013123,4.8892
0.013123,4.8892
0.010834,4.8895
0.012512,4.8892
0.00824,4.8889
0.010834,4.8889
0.01297,4.8886
0.01297,4.8892
0.013123,4.8889
0.010986,4.8892
0.010681,4.8892
0.006104,4.8889
0.005951,4.8889
0.010681,4.8883
0.020905,4.8941
0.03952,4.8935
0.061798,4.8938
0.04715,4.8938
0.061646,4.8938
0.033112,4.8993
-0.004425,4.8993
-0.018616,4.8981
-0.00885,4.899
-0.011292,4.9039
-0.023499,4.9036
-0.02594,4.9039
-0.02121,4.9036
-0.016022,4.9088
-0.015106,4.9084
-0.013428,4.9088
-0.011444,4.9088
-0.011444,4.913
-0.054321,4.913
-0.089722,4.9136
0.023193,4.9136
0.494385,4.9185
1.121216,4.9185
0.535431,4.9179
-0.1651,4.9182
-0.448303,4.9234
-0.379486,4.9231
-0.208282,4.9231
-0.119476,4.9228
-0.084534,4.9283
-0.063477,4.9277
-0.048065,4.9283
-0.038605,4.9274
-0.02655,4.928
-0.016327,4.9326
-0.006561,4.9332
0.003204,4.9329
0.013275,4.9332
0.024872,4.9329
0.037842,4.9338
0.046844,4.9332
0.057068,4.9335
0.067139,4.9332
0.083923,4.9332
0.108185,4.9332
0.13443,4.9332
0.158691,4.9335
0.175934,4.9283
0.183868,4.9277
0.181885,4.9234
0.152588,4.9185
0.0914,4.9188
0.004425,4.913
-0.08194,4.9033
-0.153046,4.899
-0.201111,4.8889
-0.224152,4.8792
-0.224152,4.8694
-0.216827,4.8602
-0.203857,4.8505
-0.187683,4.8355
-0.169983,4.8254
-0.151367,4.8154
-0.135651,4.8013
-0.114136,4.7916
-0.096741,4.7769
-0.080719,4.7672
-0.070648,4.7568
-0.061035,4.744
-0.053558,4.7327
-0.046082,4.7232
-0.040588,4.7131
-0.036163,4.7034
-0.033264,4.6936
-0.030975,4.6838
-0.026093,4.6768
-0.02182,4.6698
-0.020905,4.6606
-0.016022,4.6548
-0.016174,4.6448
-0.011444,4.6402
-0.011597,4.635
-0.009003,4.6304
-0.006409,4.6252
-0.00412,4.621
-0.001373,4.6158
-0.001678,4.6109
-0.001831,4.6063
-0.001526,4.6063
0.000763,4.6014
0.003204,4.6011
0.003357,4.6014
0.003357,4.5966
0.007477,4.5966
0.010681,4.5959
0.008087,4.5966
0.008392,4.5966
0.007935,4.5963
0.010376,4.5959
0.007935,4.5963
0.010834,4.5959
0.010834,4.6017
0.010834,4.6011
0.010681,4.6011
0.013275,4.6017
0.010834,4.6063
0.010529,4.606
0.008087,4.6085
0.010376,4.6109
0.010681,4.6112
0.010376,4.6158
0.012817,4.6152
0.010376,4.6207
0.008392,4.621
0.009918,4.621
0.017853,4.6249
0.035553,4.6252
0.059357,4.6295
0.044098,4.6298
0.061798,4.6356
0.038147,4.6353
-0.001831,4.6399
-0.016479,4.6399
-0.007172,4.6451
-0.005951,4.6454
-0.013885,4.6454
-0.021362,4.6503
-0.017395,4.65
-0.013885,4.6555
-0.009155,4.6555
-0.009003,4.6597
-0.006409,4.6603
-0.010986,4.6591
-0.049896,4.6649
-0.090027,4.6652
0.006561,4.6652
0.468903,4.6698
1.120911,4.6698
0.564575,4.6692
-0.136566,4.6738
-0.445404,4.6747
-0.389252,4.6744
-0.215607,4.679
-0.121613,4.6786
-0.097198,4.6799
-0.065002,4.6793
-0.048828,4.6793
-0.037994,4.6844
-0.028992,4.6848
-0.018311,4.6844
-0.006714,4.6838
0.002441,4.6844
0.013123,4.6832
0.021057,4.6841
0.027466,4.6893
0.037231,4.689
0.048981,4.6887
0.066223,4.689
0.081787,4.6884
0.103455,4.689
0.128021,4.6848
0.152283,4.6838
0.168762,4.6841
0.178986,4.6844
0.182343,4.6841
0.162659,4.6796
0.108337,4.679
0.021057,4.6793
-0.067139,4.6796
-0.13916,4.6753
-0.188293,4.6744
-0.211945,4.6744
-0.219421,4.6744
-0.213165,4.6701
-0.201111,4.6698
-0.184937,4.6698
-0.166626,4.6695
-0.149536,4.6747
-0.131073,4.6747
-0.116577,4.675
-0.101776,4.6741
-0.088654,4.6796
-0.075073,4.679
-0.066528,4.6841
-0.058136,4.6884
-0.050812,4.6936
-0.043182,4.6988
-0.040741,4.704
-0.036011,4.7089
-0.031128,4.7168
-0.02594,4.7232
-0.021362,4.7321
-0.018768,4.7382
-0.016174,4.7479
-0.016327,4.7574
-0.013885,4.7672
-0.01358,4.7775
-0.011597,4.7867
-0.009003,4.7971
-0.011444,4.8062
-0.006561,4.8169
0.00061,4.8303
-0.001678,4.8404
0.001068,4.8541
0.003357,4.8648
0.003052,4.8755
0.00351,4.8886
0.003052,4.9023
0.005951,4.9127
0.008545,4.9277
0.005646,4.942
0.008392,4.9524
0.007935,4.9677
0.010681,4.9811
0.010681,4.996
0.010681,5.0073
0.010681,5.0211
0.00824,5.0351
0.010986,5.0494
0.01297,5.0647
0.01297,5.08
0.010681,5.097
0.010529,5.1117
0.015259,5.1279
0.015411,5.1437
0.013275,5.1617
0.015564,5.1773
0.020447,5.195
0.027771,5.2151
0.049286,5.2344
0.049896,5.2512
0.045776,5.2689
0.058136,5.2887
0.01709,5.3082
-0.010223,5.3271
-0.009308,5.3482
0.000916,5.3705
-0.008545,5.3909
-0.017242,5.4102
-0.018616,5.4312
-0.016022,5.4541
-0.016327,5.4752
-0.011292,5.4984
-0.006409,5.5191
-0.006561,5.5417
-0.031433,5.5661
-0.082245,5.5853
-0.034332,5.6097
0.263977,5.6335
0.966339,5.6561
0.74707,5.6787
0.135803,5.7034
-0.317078,5.7272
-0.445251,5.7486
-0.324707,5.7718
-0.173798,5.7959
-0.106964,5.8167
-0.078735,5.8401
-0.058289,5.863
-0.043182,5.8835
-0.033417,5.9067
-0.028534,5.9286
-0.019073,5.9482
-0.009003,5.9698
-0.003967,5.9906
0.000916,6.0104
0.013275,6.0297
0.019989,6.0495
0.027466,6.0684
0.037231,6.0858
0.05188,6.1032
0.072327,6.1218
0.090637,6.1377
0.108948,6.1517
0.127563,6.1679
0.13855,6.1826
0.142517,6.1972
0.135803,6.2106
0.10498,6.2253
0.040436,6.2369
-0.031128,6.2497
-0.095215,6.2585
-0.13916,6.2708
-0.166626,6.283
-0.172882,6.293
-0.167847,6.3034
-0.158386,6.3123
-0.145264,6.3177
-0.127716,6.3278
-0.113068,6.3373
-0.099182,6.3431
-0.087433,6.3528
-0.0737,6.3574
-0.067596,6.3663
-0.062866,6.3721
-0.055084,6.3779
-0.051727,6.3852
-0.045624,6.391
-0.037231,6.3965
-0.033112,6.4017
-0.03067,6.4072
-0.025787,6.4163
-0.023499,6.4203
-0.021057,6.4249
-0.016327,6.4307
-0.016479,6.4359
-0.011139,6.4407
-0.009003,6.4441
-0.00885,6.4502
-0.00885,6.4545
-0.006409,6.4594
-0.003967,6.4642
-0.001526,6.4697
-0.001526,6.4743
-0.003967,6.4795
0.000763,6.4844
0.008087,6.4877
0.007477,6.4941
0.003357,6.4987
0.007935,6.5036
0.005798,6.5094
0.00824,6.5167
0.007324,6.5222
0.005646,6.528
0.00824,6.5329
0.008392,6.5381
0.010681,6.5427
0.013123,6.5482
0.025177,6.5518
0.04837,6.5573
0.045624,6.5616
0.044403,6.5671
0.057983,6.5714
0.015869,6.5762
-0.015106,6.5811
-0.019073,6.5863
-0.000458,6.5909
-0.006561,6.5961
-0.018616,6.6016
-0.021057,6.6052
-0.018768,6.611
-0.013885,6.6165
-0.006409,6.6205
-0.006409,6.6254
-0.004272,6.6302
-0.020447,6.6351
-0.072479,6.6394
-0.016022,6.6455
0.244446,6.6495
0.911407,6.6553
0.780029,6.6617
0.179749,6.6663
-0.282745,6.673
-0.422668,6.6785
-0.317993,6.6837
-0.169067,6.6888
-0.103149,6.6937
-0.073853,6.6986
-0.056763,6.7041
-0.04303,6.7087
-0.033569,6.7123
-0.02594,6.7178
-0.017242,6.7242
-0.00885,6.7322
-0.003967,6.7374
0.001831,6.7429
0.010681,6.7471
0.020447,6.7575
0.03006,6.7621
0.037537,6.7664
0.049133,6.7715
0.063934,6.7767
0.084839,6.781
0.107727,6.7899
0.12619,6.7963
0.137329,6.8011
0.140228,6.8063
0.133057,6.8106
0.102539,6.8161
0.040131,6.8201
-0.027008,6.8213
-0.087891,6.8262
-0.132294,6.8304
-0.157928,6.8359
-0.165405,6.8405
-0.165253,6.8457
-0.160675,6.8451
-0.146027,6.8509
-0.13092,6.8546
-0.115509,6.8597
-0.097961,6.86
-0.084839,6.8655
-0.072937,6.8698
-0.067749,6.8701
-0.059967,6.8738
-0.054016,6.8784
-0.045624,6.8787
-0.043335,6.8848
-0.033569,6.8887
-0.028687,6.8887
-0.028839,6.8942
-0.025024,6.8991
-0.018768,6.8988
-0.02121,6.9031
-0.018921,6.908
-0.016479,6.9086
-0.016022,6.9131
-0.016327,6.918
-0.013733,6.9174
-0.009155,6.9229
-0.003967,6.9238
-0.006256,6.9281
-0.00412,6.9287
0.000916,6.933
-0.001526,6.9385
-0.001221,6.9379
0.00061,6.9421
0.002289,6.9427
0.003357,6.9476
0.00824,6.9476
0.005341,6.9519
0.003357,6.9519
0.008087,6.9571
0.009155,6.9574
0.019226,6.9623
0.03952,6.962
0.049286,6.9669
0.042267,6.9675
0.054321,6.9727
0.014648,6.9757
-0.014954,6.9766
-0.016632,6.9818
0.003052,6.9812
-0.009003,6.9864
-0.018463,6.9864
-0.016174,6.9916
-0.013428,6.9922
-0.009613,6.9965
-0.006409,6.9965
-0.001678,7.0007
-0.00412,7.0013
-0.010986,7.0065
-0.063019,7.0059
-0.031281,7.0114
0.172882,7.0108
0.777893,7.0114
0.882263,7.0154
0.271149,7.0157
-0.228271,7.0206
-0.426025,7.0215
-0.340881,7.0227
-0.184326,7.0261
-0.105896,7.0248
-0.075531,7.0303
-0.052795,7.0312
-0.041962,7.0319
-0.03067,7.0358
-0.023804,7.0349
-0.015106,7.0404
-0.006714,7.0401
0.002747,7.0395
0.010834,7.0456
0.015717,7.0453
0.025177,7.0453
0.032349,7.0447
0.044556,7.0499
0.058899,7.0508
0.078735,7.0505
0.098267,7.0502
0.11673,7.0499
0.136261,7.0502
0.141907,7.0505
0.152283,7.0508
0.138702,7.0505
0.100708,7.0502
0.036469,7.0493
-0.03067,7.0496
-0.100098,7.0447
-0.149231,7.0459
-0.172272,7.045
-0.182495,7.0401
-0.182648,7.0398
-0.170288,7.0401
-0.158081,7.0355
-0.14389,7.0355
-0.124359,7.0352
-0.110168,7.0309
-0.094604,7.0306
-0.082092,7.0258
-0.068359,7.0258
-0.062866,7.0251
-0.050507,7.0212
-0.04837,7.0206
-0.040894,7.0209
-0.033875,7.0154
-0.030823,7.0166
-0.031128,7.0157
-0.025635,7.0111
-0.023499,7.0108
-0.021973,7.0108
-0.02121,7.0062
-0.018616,7.0059
-0.016327,7.0059
-0.016174,7.0065
-0.016479,7.0068
-0.011597,7.001
-0.00885,7.001
-0.006256,7.0013
-0.004425,7.0013
-0.000153,7.0013
0.00061,7.0016
-0.001221,7.0013
0.000916,7.0007
0.000763,7.002
-0.001373,7.0007
0.003662,7.001
0.005646,7.0013
0.005493,7.001
0.010529,7.001
0.010986,7.002
0.013123,7.001
0.018311,7.001
0.027466,7.0016
0.050812,7.001
0.042725,7.001
0.048981,7.0013
0.041046,7.0007
0.001831,7.0013
-0.017548,7.0013
-0.012054,7.0065
-0.003815,7.0059
-0.013428,7.0062
-0.02121,7.0059
-0.021057,7.0059
-0.016022,7.0065
-0.01358,7.0056
-0.009003,7.0068
-0.00885,7.0111
-0.006714,7.0108
-0.028687,7.0105
-0.061035,7.0117
0.014343,7.0105
0.318146,7.0108
0.979004,7.0108
0.677795,7.0157
0.043182,7.016
-0.361176,7.0166
-0.41214,7.0163
-0.2742,7.0166
-0.143127,7.0166
-0.090637,7.016
-0.06546,7.0209
-0.050812,7.0212
-0.036316,7.0212
-0.024872,7.0206
-0.014038,7.0209
-0.00885,7.0215
0.003357,7.0206
0.01297,7.0212
0.018158,7.0212
0.02533,7.0209
0.035248,7.0203
0.046844,7.02
0.061646,7.0209
0.076141,7.0209
0.098267,7.0212
0.119934,7.0206
0.140991,7.0154
0.154572,7.0157
0.164337,7.0157
0.159454,7.0108
0.136261,7.0117
0.08255,7.0059
0.00824,7.0062
-0.070496,7.0007
-0.132751,7.0013
-0.172577,6.9962
-0.193939,6.9958
-0.19989,6.991
-0.192413,6.9867
-0.180206,6.987
-0.165558,6.9818
-0.148315,6.9763
-0.131073,6.9736
-0.111542,6.9711
-0.095215,6.9669
-0.083313,6.962
-0.068359,6.9571
-0.06012,6.9577
-0.055084,6.9522
-0.048981,6.9479
-0.043335,6.9421
-0.03418,6.9397
-0.033569,6.9379
-0.028381,6.9324
-0.021057,6.929
-0.018616,6.9272
-0.018768,6.9229
-0.018616,6.918
-0.016327,6.9138
-0.013885,6.9135
-0.011444,6.9086
-0.011444,6.9037
-0.009003,6.904
-0.006561,6.8988
-0.00412,6.8994
-0.006409,6.8933
-0.003967,6.8887
-0.004272,6.8893
-0.001526,6.8839
0.001221,6.8839
0.005493,6.8793
0.008087,6.8784
0.010834,6.8738
0.013123,6.8692
0.013123,6.8695
0.015564,6.864
0.013123,6.8652
0.015411,6.8591
0.015411,6.8546
0.015564,6.8555
0.015411,6.8503
0.013428,6.8448
0.013123,6.8448
0.015564,6.8399
0.015717,6.8347
0.023041,6.8362
0.032501,6.8304
0.058899,6.8262
0.059204,6.8253
0.061493,6.821
0.052338,6.8158
0.004425,6.8158
-0.018616,6.8103
-0.016327,6.8057
-0.00885,6.8051
-0.016327,6.8005
-0.023499,6.7963
-0.023651,6.7914
-0.020905,6.7862
-0.014038,6.7822
-0.009766,6.7807
-0.006256,6.7773
-0.00412,6.7722
-0.012817,6.767
-0.065155,6.7627
-0.021515,6.7563
0.217133,6.7499
0.873108,6.7432
0.867767,6.7377
0.122833,6.7322
-0.358124,6.7276
-0.426636,6.7224
-0.284424,6.7154
-0.143127,6.7081
-0.09079,6.7029
-0.06546,6.6977
-0.050354,6.6888
-0.037994,6.683
-0.026245,6.6748
-0.016479,6.6702
-0.006409,6.6611
0.001984,6.6544
0.013275,6.6458
0.023041,6.6403
0.032806,6.6302
0.044556,6.6248
0.053406,6.6159
0.066681,6.6064
0.08606,6.5964
0.107269,6.5878
0.130157,6.5778
0.152283,6.568
0.171661,6.557
0.18158,6.5469
0.176697,6.5372
0.158234,6.5225
0.107727,6.5131
0.029602,6.4993
-0.06073,6.4883
-0.139008,6.474
-0.193787,6.4633
-0.219269,6.4493
-0.229187,6.4349
-0.222931,6.4246
-0.211639,6.4102
-0.195007,6.3959
-0.175171,6.3849
-0.158081,6.3718
-0.139465,6.3571
-0.12146,6.3464
-0.105133,6.3321
-0.090332,6.319
-0.077209,6.3083
-0.065308,6.2936
-0.06012,6.2836
-0.050201,6.2689
-0.041351,6.2589
-0.035858,6.2457
-0.030823,6.2347
-0.028229,6.2247
-0.02594,6.2122
-0.021362,6.2012
-0.018768,6.1914
-0.019073,6.1816
-0.016479,6.1713
-0.018616,6.1581
-0.016327,6.1484
-0.013885,6.1374
-0.010986,6.1279
-0.009003,6.1176
-0.006714,6.1081
-0.003815,6.0947
-0.001526,6.0849
-0.001373,6.0742
0.000916,6.0645
0.002899,6.0547
0.003052,6.0452
0.003052,6.0355
0.005646,6.0257
0.005798,6.0159
0.005951,6.0059
0.008545,5.9961
0.008392,5.9854
0.00824,5.9766
0.010834,5.9671
0.010529,5.957
0.010529,5.9467
0.013123,5.9393
0.010681,5.9323
0.010681,5.9232
0.012817,5.9131
0.013123,5.9033
0.010376,5.8939
0.010681,5.889
0.010681,5.8789
0.010834,5.8694
0.012817,5.8649
0.015411,5.8545
0.017548,5.8496
0.027618,5.8411
0.056458,5.8356
0.064087,5.8292
0.057068,5.8206
0.062714,5.8151
0.016327,5.8102
-0.010376,5.8038
-0.011749,5.7959
-0.00351,5.791
-0.011597,5.7864
-0.021057,5.7812
-0.023651,5.7767
-0.018616,5.7715
-0.016327,5.7666
-0.011139,5.762
-0.006714,5.7571
-0.003967,5.7513
-0.008698,5.7468
-0.054474,5.7416
-0.066223,5.7376
0.083618,5.737
0.596466,5.733
1.086884,5.7272
0.403137,5.723
-0.247498,5.7187
-0.446625,5.7129
-0.336761,5.7083
-0.172424,5.7028
-0.100098,5.7004
-0.0737,5.6982
-0.055695,5.694
-0.045471,5.6888
-0.033722,5.6842
-0.022125,5.679
-0.013733,5.6738
-0.003967,5.6686
0.005798,5.6635
0.015717,5.6595
0.025635,5.6537
0.037537,5.6497
0.049438,5.6445
0.061798,5.6403
0.077972,5.6345
0.098572,5.6253
0.120392,5.6171
0.142212,5.6104
0.164185,5.6012
0.176849,5.5905
0.18158,5.5768
0.170288,5.567
0.135956,5.5569
0.063782,5.5426
-0.02655,5.5322
-0.109558,5.5185
-0.174255,5.5084
-0.213623,5.4938
-0.228729,5.4837
-0.231476,5.4694
-0.219116,5.4587
-0.206604,5.4446
-0.187683,5.4355
-0.168762,5.4242
-0.148926,5.4111
-0.132141,5.401
-0.115051,5.3903
-0.09964,5.3818
-0.085907,5.3711
-0.072632,5.3613
-0.065002,5.3522
-0.057678,5.3424
-0.048218,5.3326
-0.040588,5.3244
-0.0383,5.3177
-0.033112,5.3085
-0.031128,5.303
-0.028534,5.2985
-0.026245,5.2878
-0.024719,5.2838
-0.023346,5.2789
-0.020905,5.2737
-0.016174,5.2692
-0.011292,5.264
-0.013733,5.26
-0.011444,5.2545
-0.00885,5.2542
-0.004272,5.2493
-0.006561,5.2448
-0.001831,5.2448
0.003052,5.2402
0.003357,5.2396
0.005341,5.2393
0.003204,5.235
0.005493,5.235
0.003662,5.2347
0.005646,5.235
0.00824,5.2344
0.010681,5.2292
0.010529,5.2307
0.010376,5.2304
0.010376,5.2301
0.008392,5.2301
0.010529,5.2307
0.013275,5.2298
0.010834,5.2307
0.010834,5.2295
0.010529,5.2353
0.013275,5.2347
0.013123,5.2344
0.013123,5.235
0.01297,5.2347
0.015411,5.235
0.018005,5.235
0.025024,5.2347
0.041199,5.2405
0.069122,5.2399
0.059204,5.2402
0.063019,5.2402
0.045776,5.2399
-0.000763,5.2396
-0.020752,5.2393
-0.012207,5.2438
-0.00885,5.2441
-0.02121,5.2441
-0.028229,5.2451
-0.023499,5.2444
-0.016327,5.2444
-0.011292,5.2444
-0.006256,5.2448
-0.006561,5.2499
-0.003815,5.2499
-0.017853,5.2505
-0.077057,5.2499
-0.045013,5.249
0.231018,5.2496
0.945129,5.2496
0.870667,5.2496
0.08606,5.2539
-0.393677,5.2539
-0.423889,5.2545
-0.264893,5.2542
-0.137177,5.2548
-0.093231,5.2548
-0.067596,5.2542
-0.05127,5.2536
-0.04303,5.2536
-0.035553,5.2539
-0.023499,5.2542
-0.013733,5.2542
-0.001221,5.2551
0.012207,5.2542
0.020599,5.2545
0.030212,5.2493
0.04364,5.2496
0.054626,5.2499
0.070496,5.2444
0.08606,5.2396
0.105743,5.2347
0.127411,5.2301
0.151825,5.2197
0.16861,5.2115
0.179291,5.2008
0.179901,5.191
0.162659,5.1797
0.116425,5.1663
0.039215,5.1535
-0.048828,5.1422
-0.124817,5.1279
-0.179138,5.1129
-0.207062,5.0986
-0.218964,5.0842
-0.21698,5.0714
-0.20462,5.0589
-0.188141,5.0452
-0.171051,5.0314
-0.155487,5.0159
-0.136871,5.0018
-0.120087,4.9908
-0.102692,4.9774
-0.087433,4.964
-0.075226,4.9527
-0.062714,4.9429
-0.055237,4.9292
-0.048065,4.9179
-0.044098,4.9084
-0.038605,4.8987
-0.033112,4.8889
-0.031281,4.8831
-0.026093,4.8749
-0.023651,4.8648
-0.021362,4.8596
-0.018616,4.8517
-0.018616,4.845
-0.01709,4.8407
-0.013733,4.8361
-0.011139,4.8309
-0.011597,4.8251
-0.00885,4.8203
-0.006714,4.8172
-0.006409,4.8157
-0.001831,4.8114
-0.001678,4.8108
-0.001221,4.8068
-0.001678,4.8059
-0.001678,4.8065
0.003357,4.8062
0.003204,4.8016
0.005951,4.8007
0.00824,4.801
0.010376,4.801
0.010681,4.801
0.013123,4.801
0.010986,4.801
0.010529,4.8056
0.010529,4.8065
0.013428,4.8065
0.01297,4.8062
0.015717,4.8111
0.015564,4.8111
0.013275,4.8111
0.01297,4.816
0.012817,4.8166
0.015717,4.8163
0.016327,4.8206
0.015259,4.8215
0.015564,4.8215
0.012817,4.8254
0.010529,4.8267
0.01297,4.8254
0.013123,4.8303
0.018005,4.8303
0.034943,4.8352
0.064392,4.8355
0.050201,4.8364
0.061188,4.8407
0.040283,4.8401
0.000916,4.8404
-0.014038,4.8453
-0.009003,4.845
-0.006409,4.8505
-0.013885,4.8502
-0.021057,4.8505
-0.021362,4.8544
-0.018768,4.8544
-0.016327,4.855
-0.009155,4.8593
-0.006409,4.8599
-0.006561,4.8593
-0.032196,4.8657
-0.091858,4.8645
-0.040894,4.8648
0.302277,4.8657
1.046295,4.8694
0.756378,4.8694
-0.005341,4.8691
-0.419312,4.8743
-0.406952,4.874
-0.240021,4.8743
-0.131683,4.874
-0.090942,4.8795
-0.065918,4.8798
-0.050659,4.8792
-0.038452,4.8795
-0.028992,4.8798
-0.018768,4.8843
-0.009155,4.8837
0.002441,4.8846
0.010681,4.8843
0.018005,4.8892
0.027618,4.8895
0.034943,4.8892
0.046082,4.8889
0.059204,4.8895
0.076447,4.8889
0.098572,4.8889
0.120239,4.8886
0.146484,4.8862
0.164337,4.884
0.177002,4.8843
0.179138,4.8801
0.162659,4.8792
0.111542,4.8788
0.03006,4.8746
-0.057983,4.8697
-0.135193,4.8697
-0.186768,4.8642
-0.214539,4.8596
-0.224152,4.8599
-0.221558,4.855
-0.209808,4.8505
-0.192261,4.8456
-0.170288,4.845
-0.151825,4.8401
-0.13382,4.8355
-0.114441,4.8306
-0.097961,4.8312
-0.089417,4.8251
-0.07843,4.8206
-0.07019,4.8212
-0.062561,4.816
-0.055542,4.812
-0.046692,4.8111
-0.037994,4.8065
-0.033264,4.8062
-0.03067,4.8026
-0.03067,4.801
-0.028992,4.801
-0.026093,4.7958
-0.023651,4.7968
-0.018921,4.7961
-0.018921,4.7964
-0.016174,4.7913
-0.012207,4.7913
-0.011749,4.7916
-0.010376,4.7913
-0.008698,4.7916
-0.005951,4.791
-0.003815,4.7916
-0.00412,4.7916
0.000763,4.7919
0.003357,4.7974
0.003052,4.7964
0.005798,4.7968
0.008087,4.7958
0.010681,4.8016
0.008392,4.8013
0.010834,4.8007
0.010986,4.8016
0.013123,4.8062
0.018005,4.8059
0.018158,4.8065
0.020599,4.8111
0.015564,4.8117
0.015717,4.8117
0.015411,4.8163
0.015106,4.816
0.013275,4.8209
0.010681,4.8209
0.013275,4.8209
0.015411,4.8264
0.015259,4.8257
0.015717,4.8257
0.013275,4.8306
0.01297,4.8306
0.012817,4.83
0.010834,4.8358
0.013123,4.8358
0.024719,4.8404
0.055695,4.841
0.049591,4.8404
0.050812,4.8456
0.048218,4.8447
0.003967,4.845
-0.017548,4.8486
-0.014191,4.8499
-0.015869,4.8505
-0.028839,4.8502
-0.03067,4.8541
-0.023651,4.855
-0.019073,4.855
-0.013733,4.8553
-0.015869,4.8599
-0.01358,4.8605
-0.013885,4.8599
-0.045929,4.8599
-0.095978,4.8642
-0.017548,4.8642
0.401917,4.8648
1.107635,4.8651
0.636902,4.8691
-0.085144,4.8697
-0.43396,4.8691
-0.400696,4.8697
-0.229797,4.8691
-0.1297,4.8706
-0.089722,4.8743
-0.07019,4.8746
-0.053406,4.8743
-0.040894,4.8746
-0.031128,4.8746
-0.021057,4.8746
-0.011444,4.8782
-0.003662,4.8795
0.005493,4.8788
0.015259,4.8795
0.023041,4.8792
0.0354,4.8798
0.046844,4.8798
0.061798,4.8795
0.079041,4.8788
0.10025,4.8792
0.125275,4.8795
0.148926,4.8761
0.165863,4.8743
0.179138,4.8749
0.176849,4.87
0.15686,4.87
0.107422,4.8651
0.024567,4.8654
-0.063171,4.8596
-0.136871,4.8547
-0.186462,4.8517
-0.211639,4.8505
-0.219574,4.845
-0.214386,4.841
-0.200653,4.8404
-0.184631,4.8355
-0.162964,4.8306
-0.146179,4.8254
-0.131531,4.8264
-0.115051,4.8206
-0.102081,4.8157
-0.09201,4.8129
-0.079803,4.8108
-0.067749,4.8062
-0.060577,4.8056
-0.053711,4.8013
-0.044403,4.8013
-0.040741,4.7961
-0.033417,4.7964
-0.028534,4.7913
-0.028534,4.7916
-0.023651,4.7919
-0.02121,4.7867
-0.018768,4.7867
-0.016022,4.7864
-0.016174,4.7867
-0.013733,4.7873
-0.009766,4.7812
-0.006561,4.7821
-0.006409,4.7818
-0.00412,4.7821
0.000763,4.7812
0.003357,4.7815
0.00351,4.7864
0.00824,4.7867
0.008545,4.7864
0.008087,4.7864
0.00824,4.7867
0.010529,4.7916
0.010681,4.791
0.01297,4.791
0.01297,4.7964
0.012817,4.7971
0.013275,4.7971
0.013123,4.8007
0.015564,4.8019
0.013428,4.8004
0.013123,4.8068
0.015869,4.8062
0.01358,4.8117
0.01297,4.8114
0.013275,4.8145
0.015564,4.8163
0.0177,4.8163
0.015411,4.8212
0.015259,4.8209
0.013123,4.8257
0.015564,4.8264
0.017853,4.8257
0.018005,4.8303
0.015411,4.8297
0.015869,4.8352
0.015564,4.8349
0.018158,4.8404
0.025482,4.8407
0.046997,4.841
0.061646,4.845
0.049744,4.8456
0.065002,4.8505
0.023346,4.8502
-0.010529,4.8547
-0.021057,4.8557
-0.011444,4.855
-0.013885,4.8593
-0.023651,4.8602
-0.023804,4.8639
-0.023346,4.8648
-0.021515,4.8676
-0.016327,4.8688
-0.013733,4.8691
-0.013733,4.8749
-0.017853,4.8743
-0.085297,4.8788
-0.102692,4.8795
0.086975,4.8843
0.727997,4.8837
1.059723,4.8892
0.336151,4.8895
-0.2742,4.8935
-0.461273,4.8941
-0.354004,4.8993
-0.191345,4.9036
-0.119629,4.9039
-0.089264,4.9088
-0.070343,4.9136
-0.056458,4.9176
-0.040894,4.9234
-0.030823,4.9283
-0.021362,4.9319
-0.009613,4.938
-0.002136,4.9426
0.007324,4.9481
0.015411,4.9554
0.02533,4.9631
0.035095,4.9673
0.046387,4.9722
0.058289,4.9823
0.072784,4.9869
0.093384,4.9921
0.122833,5.0009
0.149078,5.0064
0.164642,5.0113
0.171967,5.0195
0.171814,5.0259
0.145416,5.0299
0.084534,5.0351
0.002594,5.0403
-0.078735,5.0449
-0.144806,5.0497
-0.187073,5.0549
-0.209198,5.0623
-0.211792,5.0696
-0.202179,5.0745
-0.187225,5.0787
-0.172577,5.0836
-0.155334,5.0888
-0.135803,5.0937
-0.122223,5.098
-0.107727,5.1068
-0.09552,5.1129
-0.08255,5.1178
-0.075073,5.1266
-0.067902,5.1324
-0.060577,5.1404
-0.050507,5.1465
-0.043945,5.1569
-0.035858,5.1617
-0.030823,5.1712
-0.028534,5.181
-0.028229,5.1868
-0.023499,5.1956
-0.023651,5.2057
-0.02121,5.2155
-0.014954,5.2252
-0.01358,5.2353
-0.013733,5.2451
-0.011292,5.2539
-0.009155,5.2673
-0.008698,5.2783
-0.006714,5.2881
-0.003967,5.3033
0.001221,5.3131
0.003357,5.3275
0.008087,5.3384
0.010529,5.3525
0.010529,5.3662
0.013123,5.3815
0.010834,5.3946
0.013123,5.4102
0.013123,5.4245
0.010529,5.4401
0.01297,5.4544
0.016479,5.4688
0.013275,5.484
0.015564,5.5032
0.015564,5.5182
0.018158,5.5368
0.015869,5.5515
0.015717,5.5713
0.015564,5.5893
0.015411,5.6055
0.015564,5.6253
0.013275,5.6442
0.01297,5.6635
0.015564,5.6818
0.01297,5.6992
0.015106,5.7181
0.022888,5.7373
0.04364,5.7568
0.052032,5.7761
0.044556,5.7956
0.063934,5.8148
0.026245,5.8334
-0.006409,5.8505
-0.017242,5.8694
-0.004272,5.8887
-0.009308,5.9073
-0.018616,5.9235
-0.02121,5.9427
-0.02121,5.9619
-0.011597,5.9772
-0.00885,5.9955
-0.00885,6.0107
-0.003967,6.03
-0.015411,6.0452
-0.079803,6.062
-0.068359,6.0788
0.128784,6.0934
0.773621,6.1087
0.904999,6.1234
0.325165,6.1404
-0.189514,6.152
-0.431061,6.1673
-0.368652,6.1813
-0.209656,6.1969
-0.120087,6.2103
-0.085297,6.2207
-0.061035,6.2354
-0.053864,6.2448
-0.043335,6.2589
-0.031738,6.2698
-0.025787,6.2802
-0.018463,6.2927
-0.011292,6.3031
-0.006714,6.3129
0.00351,6.3223
0.010529,6.3321
0.020294,6.3431
0.0354,6.3525
0.044556,6.3599
0.056763,6.3672
0.071869,6.3776
0.090027,6.3846
0.110779,6.3916
0.125732,6.4011
0.135345,6.4056
0.13504,6.4108
0.116119,6.4206
0.072174,6.4255
0.004883,6.4307
-0.061951,6.4346
-0.113373,6.4432
-0.148621,6.4496
-0.16037,6.4545
-0.16037,6.46
-0.157776,6.4645
-0.146179,6.4688
-0.1297,6.4734
-0.116425,6.4786
-0.104065,6.4825
-0.089874,6.4841
-0.079803,6.4886
-0.075073,6.4941
-0.072479,6.4984
-0.06012,6.5036
-0.050507,6.5088
-0.050354,6.5128
-0.043182,6.5158
-0.040436,6.5179
-0.040741,6.5234
-0.030975,6.5277
-0.02594,6.5323
-0.021973,6.5375
-0.021362,6.5427
-0.014343,6.5469
-0.018463,6.5509
-0.016174,6.5524
-0.011292,6.5576
-0.006714,6.5622
-0.003967,6.5668
-0.001526,6.572
-0.001526,6.5762
-0.00412,6.5817
-0.003967,6.5863
0.000916,6.5903
0.003052,6.5961
-0.001678,6.6016
0.002441,6.6055
0.005646,6.6089
0.005646,6.6141
0.005493,6.6156
0.005646,6.6208
0.006561,6.6251
0.005798,6.6296
0.008087,6.6348
0.008087,6.6406
0.00824,6.6446
0.010834,6.6498
0.022888,6.655
0.031891,6.6602
0.044556,6.6638
0.042114,6.6699
0.058746,6.6742
0.028381,6.6794
-0.006256,6.684
-0.011444,6.6885
0.001068,6.6946
-0.001373,6.702
-0.011597,6.7075
-0.016174,6.7126
-0.014038,6.7178
-0.013733,6.723
-0.013885,6.7282
-0.00885,6.7328
-0.003967,6.7371
-0.013275,6.7432
-0.076447,6.7474
-0.053558,6.7523
0.131989,6.7575
0.717621,6.7624
0.916443,6.7706
0.3479,6.7764
-0.165253,6.7816
-0.411987,6.7865
-0.360413,6.792
-0.211182,6.796
-0.119324,6.8018
-0.084686,6.8057
-0.060883,6.8109
-0.047913,6.8164
-0.043335,6.8237
-0.030975,6.8301
-0.018463,6.8347
-0.011444,6.8402
-0.003967,6.8454
0.003204,6.85
0.013123,6.8549
0.017853,6.8604
0.025482,6.8637
0.037384,6.8646
0.046539,6.8701
0.063477,6.8741
0.083466,6.8799
0.100861,6.8839
0.117798,6.8839
0.130157,6.889
0.134125,6.893
0.135345,6.8936
0.113525,6.8982
0.062714,6.8982
-0.00061,6.904
-0.069885,6.904
-0.123444,6.9043
-0.155334,6.9092
-0.165863,6.908
-0.167847,6.9089
-0.15625,6.9128
-0.148315,6.9131
-0.136261,6.9128
-0.121765,6.9177
-0.101929,6.918
-0.092468,6.9183
-0.077515,6.9183
-0.070038,6.9183
-0.058746,6.9235
-0.053101,6.9229
-0.047913,6.9232
-0.043335,6.9232
-0.038147,6.9229
-0.030823,6.9281
-0.028687,6.9281
-0.02655,6.9281
-0.021362,6.9278
-0.018616,6.9281
-0.016327,6.9327
-0.018768,6.9327
-0.016937,6.9333
-0.015869,6.9333
-0.013733,6.9327
-0.011292,6.9382
-0.009308,6.9376
-0.006409,6.9382
-0.006409,6.9376
-0.00412,6.9376
-0.001831,6.9427
0.001068,6.9431
0.006104,6.9427
0.003204,6.9431
0.003357,6.9424
0.008087,6.9476
0.005951,6.947
0.008545,6.947
0.018005,6.947
0.041962,6.9482
0.051727,6.9525
0.044556,6.9525
0.053711,6.9525
0.033112,6.9513
-0.001831,6.9522
-0.01358,6.9568
-0.001221,6.9571
-0.003815,6.9571
-0.018768,6.9574
-0.016327,6.9574
-0.016479,6.9614
-0.013885,6.9629
-0.009003,6.9623
-0.00412,6.962
-0.001373,6.9614
-0.006256,6.9678
-0.047455,6.9669
-0.056,6.9672
0.062256,6.9678
0.48996,6.9678
0.993805,6.9724
0.506134,6.972
-0.052338,6.9714
-0.384369,6.9717
-0.386353,6.9714
-0.244751,6.9769
-0.131226,6.9766
-0.086823,6.9769
-0.060883,6.9775
-0.04776,6.9766
-0.0383,6.9766
-0.023651,6.9821
-0.016785,6.9818
-0.008698,6.9818
-0.001373,6.9824
0.007477,6.9812
0.015717,6.9815
0.022278,6.9821
0.03006,6.9809
0.037384,6.9818
0.051575,6.9815
0.066528,6.9827
0.087891,6.9818
0.107269,6.9827
0.12558,6.9815
0.135193,6.9824
0.142822,6.9785
0.141907,6.9775
0.118256,6.9769
0.07019,6.9766
0.003357,6.9717
-0.06897,6.972
-0.127716,6.9669
-0.164337,6.9678
-0.180969,6.962
-0.180054,6.9623
-0.172577,6.962
-0.160675,6.9574
-0.145721,6.958
-0.126343,6.9525
-0.114136,6.9519
-0.097809,6.9479
-0.084686,6.9473
-0.074768,6.9424
-0.067444,6.9424
-0.05722,6.9379
-0.050812,6.937
-0.043945,6.9333
-0.037994,6.9336
-0.033112,6.9281
-0.028381,6.9275
-0.029297,6.9238
-0.025787,6.9226
-0.023956,6.918
-0.018768,6.9189
-0.018616,6.9183
-0.013733,6.9138
-0.016174,6.9144
-0.01297,6.9131
-0.011292,6.9086
-0.008698,6.908
-0.006256,6.9086
-0.006714,6.9046
-0.006561,6.9037
-0.001373,6.904
0.000916,6.9031
0.000763,6.8988
0.000458,6.8985
-0.001373,6.8988
0.003357,6.8988
0.003357,6.8985
0.00351,6.8933
0.005798,6.8936
0.010529,6.8948
0.013123,6.8942
0.022278,6.8939
0.046387,6.8936
0.044556,6.8942
0.043945,6.8912
0.046539,6.8881
0.00885,6.8884
-0.013885,6.8893
-0.010681,6.8887
0.00061,6.889
-0.006409,6.889
-0.01358,6.889
-0.011139,6.8887
-0.009155,6.8887
-0.00412,6.8884
0.000458,6.889
0.003052,6.8887
0.00351,6.889
-0.011292,6.889
-0.057983,6.8887
-0.004425,6.8887
0.247345,6.889
0.908508,6.8887
0.790863,6.8893
0.135498,6.8884
-0.31662,6.8887
-0.419769,6.889
-0.29541,6.889
-0.148621,6.889
-0.089417,6.8887
-0.062103,6.8896
-0.04364,6.889
-0.032959,6.8887
-0.024261,6.8887
-0.013885,6.8887
-0.003815,6.8893
0.00061,6.8884
0.010071,6.889
0.015411,6.8842
0.023041,6.8845
0.032043,6.8842
0.039673,6.8845
0.051575,6.8799
0.069122,6.879
0.089111,6.8793
0.112762,6.8744
0.135193,6.8744
0.147858,6.8698
0.157166,6.8689
0.157013,6.864
0.139313,6.8652
0.093536,6.86
0.019989,6.8555
-0.058289,6.8515
-0.123444,6.85
-0.168304,6.8454
-0.196991,6.8402
-0.204468,6.8353
-0.197144,6.8347
-0.185242,6.8307
-0.169525,6.8259
-0.153656,6.8213
-0.133972,6.8155
-0.116577,6.8112
-0.101318,6.8054
-0.089569,6.8018
-0.075226,6.7981
-0.063324,6.7963
-0.057983,6.7908
-0.050812,6.7865
-0.040741,6.7816
-0.0383,6.7758
-0.033569,6.7715
-0.033112,6.7679
-0.025787,6.7676
-0.021362,6.7621
-0.02121,6.7572
-0.016174,6.7529
-0.016327,6.7517
-0.018616,6.7484
-0.016174,6.7419
-0.018768,6.7377
-0.016785,6.738
-0.01358,6.7337
-0.008698,6.7279
-0.003815,6.7236
-0.001221,6.7233
-0.001221,6.7184
0.00061,6.7139
0.005646,6.7087
0.00824,6.7035
0.008545,6.6992
0.008087,6.6946
0.005798,6.6937
0.005646,6.6895
0.005951,6.684
0.005646,6.6791
0.009003,6.6745
0.010681,6.6696
0.011139,6.6644
0.013123,6.6592
0.010681,6.6553
0.010529,6.6498
0.020752,6.644
0.042419,6.6397
0.061798,6.6354
0.054626,6.6299
0.064392,6.6251
0.028229,6.6202
-0.005798,6.6147
-0.011749,6.6107
-0.001526,6.6058
-0.00412,6.6016
-0.011444,6.5958
-0.013733,6.5906
-0.011444,6.5866
-0.009003,6.5814
-0.006256,6.5765
-0.001526,6.5723
0.000916,6.5671
-0.001373,6.5616
-0.045166,6.5567
-0.052643,6.5527
0.084839,6.5472
0.561371,6.5421
1.074371,6.5378
0.4422,6.5323
-0.199127,6.5277
-0.443878,6.5237
-0.362854,6.5179
-0.194244,6.5103
-0.106049,6.506
-0.07309,6.4981
-0.055084,6.4938
-0.04364,6.4883
-0.03418,6.4844
-0.023346,6.4795
-0.015564,6.4743
-0.006104,6.4691
0.006714,6.4594
0.018005,6.4551
0.02655,6.4493
0.035706,6.4398
0.044403,6.4352
0.056458,6.4258
0.073853,6.4203
0.094147,6.4111
0.116119,6.4008
0.140533,6.391
0.163879,6.3809
0.176392,6.3721
0.179138,6.3614
0.169373,6.3528
0.13504,6.3379
0.06546,6.3275
-0.019989,6.3153
-0.10437,6.3022
-0.168304,6.2885
-0.205231,6.2769
-0.223694,6.2646
-0.224152,6.25
-0.216064,6.235
-0.201721,6.2204
-0.182343,6.2064
-0.164795,6.1917
-0.144806,6.1765
-0.126495,6.1621
-0.108032,6.1478
-0.09491,6.1331
-0.082245,6.1185
-0.067902,6.1053
-0.058136,6.0907
-0.047913,6.0791
-0.043335,6.0638
-0.036011,6.0492
-0.030975,6.0397
-0.028381,6.0254
-0.02594,6.012
-0.023499,6.001
-0.021515,5.9912
-0.021362,5.9766
-0.018616,5.9665
-0.018005,5.957
-0.018616,5.9467
-0.018616,5.9372
-0.015411,5.9286
-0.011292,5.918
-0.013885,5.9088
-0.009003,5.8984
-0.006561,5.8902
-0.003815,5.8838
-0.003967,5.874
0.000763,5.8685
0.00061,5.8597
0.000763,5.8548
0.004272,5.845
0.005951,5.8398
0.005646,5.8356
0.010529,5.8255
0.013123,5.8203
0.012817,5.8157
0.013275,5.8102
0.013123,5.8008
0.013275,5.7953
0.01297,5.791
0.013275,5.7861
0.013275,5.7809
0.013123,5.7721
0.015564,5.7663
0.015717,5.7623
0.018005,5.7565
0.025635,5.752
0.046844,5.7468
0.064087,5.7382
0.054474,5.7327
0.064087,5.7278
0.024719,5.7227
-0.008698,5.7178
-0.018616,5.7123
-0.009308,5.708
-0.012054,5.7031
-0.02121,5.6985
-0.025787,5.6934
-0.023651,5.6894
-0.02121,5.6836
-0.016937,5.6784
-0.011597,5.6741
-0.009155,5.6689
-0.006561,5.6693
-0.043182,5.6644
-0.072479,5.6601
0.039215,5.6543
0.459137,5.6537
1.092834,5.6491
0.548248,5.6448
-0.155945,5.6415
-0.44693,5.6396
-0.374298,5.6348
-0.205688,5.6348
-0.116272,5.6299
-0.082397,5.6305
-0.063477,5.6256
-0.049744,5.6207
-0.038147,5.6204
-0.025177,5.6158
-0.014191,5.6149
-0.006714,5.6113
0.001068,5.6107
0.015411,5.6055
0.024872,5.6058
0.035095,5.6012
0.045471,5.5957
0.056763,5.5908
0.069122,5.5853
0.088348,5.5811
0.111694,5.5713
0.134735,5.5618
0.154724,5.5539
0.169373,5.5469
0.175171,5.5347
0.171661,5.5228
0.141907,5.5136
0.083466,5.5029
-0.002594,5.4886
-0.086212,5.4785
-0.155792,5.4642
-0.200653,5.4544
-0.220184,5.4419
-0.224609,5.4303
-0.216675,5.4196
-0.203705,5.4056
-0.185089,5.3958
-0.166779,5.3815
-0.146179,5.3714
-0.128937,5.3619
-0.111847,5.351
-0.094604,5.3375
-0.079651,5.3278
-0.067596,5.3177
-0.057983,5.3082
-0.052795,5.2988
-0.043488,5.2936
-0.0383,5.2838
-0.033417,5.2744
-0.029907,5.2689
-0.026245,5.2594
-0.023499,5.2533
-0.021057,5.249
-0.019073,5.2399
-0.018616,5.2344
-0.018463,5.2301
-0.018463,5.2252
-0.011597,5.22
-0.009003,5.2151
-0.009155,5.2103
-0.003967,5.2103
-0.003967,5.2057
-0.003967,5.2005
-0.001678,5.2005
0.000763,5.1962
0.00351,5.1965
0.005646,5.191
0.00824,5.1907
0.007935,5.1904
0.005951,5.191
0.008087,5.1862
0.008392,5.1862
0.010681,5.1852
0.013123,5.1862
0.01297,5.1865
0.015259,5.1868
0.013428,5.1862
0.010681,5.1859
0.010681,5.1907
0.010376,5.1907
0.010681,5.191
0.01297,5.1913
0.01297,5.1898
0.020294,5.1913
0.039825,5.1962
0.066528,5.1956
0.059357,5.1962
0.063477,5.1959
0.058899,5.1962
0.015106,5.2008
-0.009003,5.2011
-0.009003,5.2011
-0.006409,5.2011
-0.016174,5.2066
-0.023499,5.2054
-0.02121,5.206
-0.016632,5.2054
-0.013885,5.2106
-0.011292,5.2103
-0.006256,5.2103
-0.003967,5.2106
-0.018616,5.2155
-0.078583,5.2151
-0.050354,5.2148
0.209961,5.2155
0.907135,5.2158
0.898895,5.2203
0.125275,5.2203
-0.37674,5.2206
-0.430908,5.2203
-0.279846,5.2203
-0.146484,5.2197
-0.093842,5.2255
-0.067902,5.2255
-0.050659,5.2255
-0.040588,5.2252
-0.030975,5.2261
-0.021362,5.2249
-0.010071,5.2249
0.000763,5.2255
0.011597,5.2255
0.023041,5.2252
0.030212,5.2252
0.03952,5.2252
0.04715,5.2252
0.061188,5.2203
0.078735,5.2206
0.095215,5.2206
0.117645,5.2155
0.140686,5.2124
0.160675,5.2057
0.16922,5.2005
0.171661,5.1904
0.157318,5.1804
0.114899,5.1715
0.041504,5.1608
-0.043793,5.1468
-0.121918,5.1364
-0.17868,5.1227
-0.210571,5.1083
-0.219269,5.0931
-0.216675,5.0806
-0.2034,5.0702
-0.186462,5.0552
-0.167999,5.0406
-0.148315,5.0259
-0.131226,5.0128
-0.112152,5.0015
-0.099487,4.9869
-0.084991,4.9734
-0.075073,4.9615
-0.063019,4.9493
-0.05249,4.939
-0.045776,4.928
-0.041962,4.9185
-0.036316,4.9078
-0.028381,4.8993
-0.026093,4.8895
-0.023651,4.8846
-0.019989,4.8746
-0.021362,4.8691
-0.02121,4.8639
-0.018616,4.8557
-0.018768,4.8505
-0.016327,4.8499
-0.011292,4.8447
-0.011292,4.8404
-0.011444,4.841
-0.006561,4.8358
-0.004272,4.8352
-0.001678,4.8352
0.000916,4.8349
0.003204,4.8355
0.003052,4.8386
0.005798,4.841
0.00824,4.8401
0.008087,4.8459
0.005798,4.8502
0.005798,4.8553
0.008392,4.8596
0.011139,4.8642
0.005798,4.8697
0.007935,4.874
0.013123,4.8792
0.010681,4.8889
0.008087,4.8941
0.010834,4.9039
0.011139,4.9088
0.013123,4.9188
0.012817,4.9283
0.013123,4.9341
0.01297,4.942
0.01297,4.9521
0.015717,4.9622
0.01297,4.9728
0.010681,4.982
0.013123,4.9915
0.018005,5.0009
0.031281,5.0119
0.051727,5.0235
0.042419,5.0351
0.053406,5.0452
0.039215,5.058
-0.002747,5.0702
-0.018921,5.0821
-0.009003,5.0931
-0.006561,5.1086
-0.016327,5.1184
-0.018768,5.1324
-0.021057,5.1471
-0.019836,5.1605
-0.011292,5.1746
-0.00885,5.1898
-0.003967,5.2042
-0.003967,5.2185
-0.033112,5.2335
-0.075073,5.2496
-0.009308,5.2643
0.343475,5.2817
1.035309,5.2982
0.670319,5.3128
0.271912,5.332
-0.389252,5.3473
-0.419922,5.3653
-0.276184,5.3815
-0.146332,5.4004
-0.095978,5.4156
-0.071106,5.4349
-0.053101,5.4544
-0.046082,5.47
-0.038452,5.4889
-0.026398,5.5081
-0.013428,5.5283
-0.00412,5.5466
-0.001678,5.5667
0.005646,5.5856
0.01297,5.6055
0.020294,5.6241
0.031433,5.6439
0.045776,5.6625
0.058136,5.6793
0.077667,5.6982
0.097961,5.7162
0.117798,5.7324
0.132599,5.7507
0.146027,5.7669
0.149536,5.7816
0.137634,5.7965
0.096283,5.8136
0.030365,5.8282
-0.045624,5.8405
-0.107574,5.8539
-0.152588,5.8685
-0.175476,5.8838
-0.1828,5.8932
-0.1828,5.9079
-0.170441,5.9183
-0.154419,5.9323
-0.141144,5.943
-0.128937,5.9515
-0.110474,5.965
-0.094604,5.976
-0.082245,5.986
-0.072479,5.9952
-0.067444,6.0062
-0.06012,6.0156
-0.052948,6.0257
-0.050354,6.0364
-0.043335,6.0452
-0.036926,6.058
-0.030975,6.0678
-0.023804,6.0748
-0.018616,6.0852
-0.021057,6.0938
-0.018616,6.1038
-0.016479,6.1139
-0.016327,6.1224
-0.01297,6.1325
-0.013733,6.1426
-0.011292,6.1523
-0.009155,6.1578
-0.003967,6.167
-0.001678,6.1774
0.001068,6.1856
-0.001678,6.1945
0.000763,6.2006
0.005493,6.21
0.008087,6.2192
0.005951,6.2256
0.005798,6.2354
0.006104,6.2408
0.003357,6.2503
0.005493,6.2576
0.008392,6.2646
0.007935,6.2726
0.005493,6.279
0.008087,6.2875
0.010529,6.2943
0.020294,6.2994
0.033722,6.3086
0.054169,6.3129
0.044556,6.3211
0.057983,6.3275
0.038605,6.333
0.000916,6.3409
-0.021362,6.347
-0.006561,6.3525
-0.000916,6.3565
-0.011597,6.3647
-0.016174,6.3715
-0.016327,6.3763
-0.011292,6.3809
-0.00885,6.3867
-0.003967,6.3916
-0.002747,6.4005
-0.001678,6.4053
-0.030975,6.4102
-0.07019,6.4154
0.015411,6.4203
0.365295,6.4258
1.012268,6.4304
0.656128,6.4349
0.051575,6.4404
-0.352173,6.4456
-0.415955,6.4496
-0.28183,6.4542
-0.153351,6.4594
-0.098572,6.4658
-0.075073,6.4728
-0.054016,6.4786
-0.040588,6.4835
-0.03067,6.4877
-0.026093,6.4941
-0.015106,6.4981
-0.003662,6.5033
0.00473,6.5082
0.008392,6.5143
0.015717,6.5228
0.03006,6.528
0.037537,6.5326
0.04715,6.5381
0.058899,6.543
0.07782,6.5479
0.093079,6.5524
0.112915,6.5564
0.126495,6.557
0.139923,6.5619
0.140076,6.5662
0.126343,6.5723
0.088501,6.5726
0.019379,6.5775
-0.046539,6.5817
-0.102692,6.5826
-0.149536,6.5866
-0.170135,6.5906
-0.173035,6.5918
-0.172882,6.5955
-0.162964,6.5967
-0.148468,6.6013
-0.133667,6.6006
-0.111847,6.6055
-0.098114,6.6061
-0.084839,6.611
-0.075989,6.6116
-0.067444,6.6159
-0.060425,6.6156
-0.050201,6.6202
-0.048218,6.6202
-0.0383,6.6254
-0.034485,6.6248
-0.033417,6.6299
-0.030823,6.6354
-0.026245,6.6357
-0.023651,6.6397
-0.018616,6.6403
-0.018921,6.6446
-0.016174,6.6495
-0.016174,6.6495
-0.010986,6.6547
-0.009155,6.6602
-0.009003,6.6595
-0.006409,6.665
-0.003815,6.6696
-0.003967,6.6693
0.000763,6.6748
0.001221,6.6794
0.000763,6.6797
0.003357,6.684
0.005798,6.6895
0.005646,6.6891
0.005798,6.6937
0.008545,6.6986
0.008087,6.7032
0.010529,6.7029
0.008545,6.7078
0.015717,6.7126
0.027618,6.7136
0.048828,6.7184
0.054474,6.7236
0.046234,6.727
0.054626,6.7276
0.016479,6.734
-0.011597,6.7377
-0.01236,6.7383
-0.001678,6.7426
-0.00412,6.748
-0.011444,6.7529
-0.014038,6.7526
-0.011597,6.7569
-0.007629,6.7627
-0.001373,6.767
-0.001526,6.7715
0.000916,6.7715
-0.007935,6.777
-0.060272,6.7813
-0.018158,6.7868
0.191345,6.7914
0.806732,6.7911
0.874023,6.7969
0.242615,6.8018
-0.250092,6.806
-0.424347,6.8073
-0.329895,6.8109
-0.183258,6.8164
-0.112762,6.8204
-0.078583,6.8204
-0.056152,6.8253
-0.045471,6.8301
-0.037994,6.8356
-0.023804,6.8353
-0.014954,6.8408
-0.009003,6.8457
-0.001526,6.8478
0.010681,6.85
0.01236,6.8552
0.020294,6.8549
0.031891,6.86
0.046997,6.8646
0.063171,6.864
0.07782,6.8643
0.095215,6.8695
0.112305,6.8692
0.13031,6.8704
0.142212,6.875
0.142365,6.875
0.138245,6.8741
0.106659,6.875
0.044098,6.8735
-0.029144,6.8747
-0.093842,6.8744
-0.140228,6.8698
-0.170288,6.8695
-0.175323,6.8689
-0.175323,6.8695
-0.166321,6.8646
-0.156097,6.8646
-0.139618,6.8613
-0.125122,6.8594
-0.106506,6.8591
-0.089874,6.8542
-0.077515,6.8549
-0.07019,6.8497
-0.059814,6.8506
-0.050507,6.8448
-0.046844,6.8457
-0.039062,6.8399
-0.033569,6.8402
-0.030975,6.8359
-0.026093,6.8359
-0.023499,6.8317
-0.023499,6.8304
-0.023499,6.8304
-0.023346,6.8256
-0.023804,6.8253
-0.023804,6.8204
-0.018616,6.8213
-0.011292,6.821
-0.00885,6.8158
-0.004272,6.8164
-0.006409,6.8161
-0.003815,6.8161
-0.001678,6.8109
0.003357,6.8106
0.005646,6.8109
0.007935,6.8115
0.008087,6.8066
0.007935,6.8066
0.010834,6.8066
0.010681,6.806
0.013275,6.806
0.012817,6.8066
0.013123,6.806
0.010529,6.8024
0.015411,6.8008
0.025482,6.8021
0.049286,6.8011
0.056915,6.8008
0.058289,6.8008
0.052795,6.8018
0.01709,6.8018
-0.016479,6.8018
-0.023804,6.8018
-0.006866,6.8002
-0.01297,6.8011
-0.023804,6.7963
-0.026093,6.796
-0.023499,6.796
-0.01358,6.7963
-0.011444,6.7966
-0.006561,6.7963
-0.006561,6.7972
-0.009003,6.7963
-0.059509,6.7914
-0.053558,6.7911
0.122528,6.7914
0.674438,6.7911
1.010437,6.7911
0.325623,6.7865
-0.247345,6.7865
-0.441742,6.7865
-0.343628,6.7822
-0.184326,6.7816
-0.107727,6.7813
-0.073547,6.7813
-0.055389,6.7764
-0.043182,6.7773
-0.030823,6.7737
-0.02121,6.7712
-0.011444,6.7715
-0.002441,6.7667
0.009766,6.7664
0.0177,6.7627
0.02655,6.7618
0.036774,6.7618
0.047302,6.7572
0.059357,6.7551
0.07309,6.7517
0.0914,6.7471
0.113068,6.7477
0.136719,6.7432
0.154419,6.7374
0.166016,6.7325
0.172119,6.7276
0.162201,6.7239
0.121155,6.7188
0.050964,6.713
-0.032349,6.709
-0.10849,6.7035
-0.1651,6.6959
-0.200043,6.6898
-0.214844,6.6837
-0.214539,6.6739
-0.203094,6.669
-0.187073,6.6599
-0.167999,6.6537
-0.150909,6.6455
-0.133667,6.6357
-0.114441,6.6309
-0.097046,6.6205
-0.084686,6.6113
-0.072479,6.6058
-0.062714,6.5961
-0.053101,6.5906
-0.045624,6.5811
-0.036316,6.5717
-0.031128,6.5668
-0.028534,6.557
-0.026093,6.5518
-0.023651,6.5424
-0.023346,6.5369
-0.021362,6.5277
-0.021667,6.5225
-0.021362,6.5176
-0.021057,6.5085
-0.018921,6.5036
-0.014038,6.4951
-0.013885,6.4883
-0.011444,6.4838
-0.011139,6.4789
-0.006409,6.47
-0.006866,6.4642
-0.001526,6.4594
-0.001678,6.4545
0.000916,6.4496
0.000305,6.4395
0.00351,6.4352
0.005646,6.4297
0.008087,6.4252
0.008392,6.4154
0.010529,6.4102
0.010376,6.4059
0.010529,6.3962
0.010223,6.3919
0.010681,6.3867
0.01297,6.3773
0.010681,6.3721
0.00824,6.3617
0.010223,6.3568
0.01297,6.348
0.015564,6.3428
0.013885,6.333
0.01297,6.3284
0.013123,6.3187
0.01297,6.3126
0.022736,6.3028
0.043945,6.2988
0.064392,6.2891
0.049438,6.2839
0.056915,6.2744
0.025787,6.2683
-0.011597,6.2598
-0.021057,6.2543
-0.009155,6.2451
-0.010529,6.2405
-0.020599,6.2305
-0.023499,6.2256
-0.02121,6.2152
-0.016785,6.2112
-0.011444,6.2018
-0.009155,6.1957
-0.006409,6.1862
-0.003967,6.1777
-0.025635,6.1713
-0.065002,6.1618
0.023041,6.1569
0.377808,6.1475
1.061554,6.138
0.652618,6.1328
-0.073242,6.1234
-0.432587,6.1139
-0.399628,6.1087
-0.233917,6.0989
-0.125122,6.088
-0.084686,6.0794
-0.062866,6.0693
-0.050201,6.0596
-0.036316,6.0501
-0.026093,6.0403
-0.014496,6.0306
-0.006714,6.0199
0.003204,6.0117
0.012665,6.0019
0.02182,5.9921
0.03418,5.9818
0.044556,5.972
0.054169,5.9622
0.069275,5.9521
0.087585,5.939
0.109711,5.9283
0.136414,5.9146
0.159607,5.9036
0.174255,5.889
0.183868,5.8746
0.179291,5.8636
0.155487,5.8496
0.09491,5.835
0.014191,5.8206
-0.074005,5.8057
-0.145569,5.7907
-0.197601,5.7761
-0.224304,5.762
-0.233765,5.7462
-0.228729,5.7327
-0.214996,5.7178
-0.195618,5.7031
-0.177765,5.69
-0.158386,5.679
-0.138092,5.6641
-0.119476,5.6506
-0.104675,5.6396
-0.089569,5.629
-0.075531,5.6155
-0.06546,5.6055
-0.055084,5.5957
-0.048981,5.5865
-0.043182,5.5762
-0.036011,5.5667
-0.030823,5.5573
-0.026398,5.5493
-0.026093,5.542
-0.023956,5.5328
-0.025787,5.527
-0.023651,5.5225
-0.02121,5.5133
-0.019073,5.5072
-0.016022,5.5032
-0.012054,5.498
-0.011597,5.4932
-0.00946,5.4883
-0.009003,5.4886
-0.003967,5.484
-0.006409,5.4785
-0.003815,5.4791
-0.001984,5.4739
0.000916,5.4736
0.003815,5.47
0.005798,5.4688
0.003052,5.4642
0.005493,5.4645
0.007477,5.4642
0.00824,5.4639
0.008392,5.459
0.00824,5.4596
0.010681,5.4593
0.012817,5.4593
0.013275,5.4541
0.015411,5.4538
0.015411,5.4535
0.015564,5.4544
0.015411,5.4547
0.015106,5.4544
0.01297,5.4541
0.013275,5.451
0.015411,5.4498
0.015564,5.4498
0.012817,5.4498
0.015564,5.4495
0.019531,5.4498
0.033112,5.4501
0.061493,5.4495
0.054016,5.4492
0.058899,5.4495
0.045013,5.4492
0.001221,5.4495
-0.016327,5.4489
-0.009155,5.4498
-0.00824,5.4489
-0.018921,5.4498
-0.023499,5.4492
-0.02594,5.4459
-0.023804,5.4446
-0.019226,5.444
-0.016785,5.4443
-0.014038,5.4456
-0.009308,5.4443
-0.015717,5.4446
-0.074615,5.4437
-0.053711,5.4446
0.179901,5.4449
0.847015,5.4443
0.960388,5.4443
0.177765,5.4443
-0.362854,5.4453
-0.44281,5.4443
-0.296478,5.4446
-0.15213,5.4443
-0.102539,5.4388
-0.077209,5.4404
-0.058594,5.4404
-0.045929,5.4401
-0.0354,5.4395
-0.021667,5.4398
-0.009613,5.4398
0.000916,5.4346
0.010834,5.4349
0.020447,5.4349
0.030365,5.4352
0.037994,5.4306
0.048676,5.43
0.059357,5.4251
0.075531,5.4199
0.09613,5.415
0.119629,5.4053
0.141449,5.3958
0.164032,5.3882
0.179138,5.3769
0.183868,5.3668
0.173645,5.3564
0.131073,5.3433
0.059814,5.3317
-0.027771,5.3195
-0.108337,5.3082
-0.167389,5.2933
-0.206451,5.2832
-0.221558,5.2679
-0.224304,5.2557
-0.214539,5.2444
-0.195618,5.2301
-0.179749,5.2206
-0.162964,5.2051
-0.145874,5.1956
-0.126038,5.1834
-0.106354,5.1715
-0.089264,5.1624
-0.075836,5.1514
-0.06546,5.1419
-0.052948,5.1324
-0.048523,5.123
-0.043182,5.1135
-0.037689,5.1083
-0.031128,5.098
-0.026398,5.0931
-0.023956,5.0851
-0.018463,5.0797
-0.018921,5.0742
-0.016479,5.0696
-0.01358,5.065
-0.013885,5.0595
-0.013733,5.0552
-0.009003,5.054
-0.008698,5.0497
-0.006409,5.0497
-0.004272,5.0449
-0.001221,5.0452
0.003204,5.0415
0.003052,5.0403
0.005646,5.0403
0.005798,5.04
0.005493,5.0403
0.008087,5.04
0.013123,5.0403
0.01297,5.04
0.015717,5.0403
0.015564,5.0449
0.012817,5.0449
0.015564,5.0455
0.015106,5.0449
0.013123,5.05
0.010986,5.0497
0.010834,5.0549
0.010681,5.0546
0.010681,5.0549
0.010834,5.0595
0.010681,5.0598
0.013123,5.0644
0.011444,5.0647
0.010529,5.0696
0.008087,5.0699
0.010529,5.0739
0.010529,5.0787
0.012512,5.0793
0.020294,5.0839
0.031891,5.0833
0.063477,5.0882
0.057526,5.0885
0.059509,5.0934
0.05661,5.0934
0.010223,5.0977
-0.013733,5.1028
-0.011597,5.1028
-0.008392,5.1077
-0.020447,5.108
-0.028687,5.1126
-0.026703,5.1129
-0.023346,5.1172
-0.016632,5.1175
-0.013885,5.1181
-0.011139,5.1224
-0.009003,5.1233
-0.029907,5.127
-0.08728,5.1279
-0.031738,5.1276
0.315247,5.1321
1.05423,5.1321
0.753479,5.1376
-0.006866,5.1376
-0.420685,5.1376
-0.415192,5.1422
-0.256958,5.1422
-0.139923,5.1419
-0.098114,5.1419
-0.075226,5.1471
-0.055389,5.1474
-0.041962,5.1468
-0.033264,5.1468
-0.023804,5.1474
-0.012817,5.1471
-0.003815,5.1514
0.005646,5.1517
0.016632,5.152
0.029755,5.1514
0.039673,5.1523
0.049286,5.152
0.061646,5.152
0.081024,5.1514
0.098419,5.1471
0.120087,5.1465
0.141144,5.1477
0.159302,5.1422
0.176544,5.1422
0.181122,5.1373
0.163574,5.1318
0.119476,5.1285
0.040436,5.1273
-0.04776,5.1227
-0.127411,5.1175
-0.181122,5.1129
-0.208893,5.108
-0.219269,5.1031
-0.219269,5.0977
-0.204773,5.0934
-0.188751,5.0888
-0.176544,5.0833
-0.158081,5.0775
-0.139008,5.0702
-0.124359,5.0653
-0.108032,5.061
-0.092316,5.0555
-0.082092,5.0525
-0.072937,5.0507
-0.065308,5.0452
-0.055695,5.0397
-0.050507,5.0351
-0.045471,5.0308
-0.038452,5.0305
-0.036011,5.0253
-0.030823,5.0208
-0.025787,5.0201
-0.023499,5.0156
-0.023651,5.0159
-0.018921,5.0159
-0.018921,5.0107
-0.016174,5.0107
-0.013885,5.0104
-0.011292,5.0055
-0.011444,5.0055
-0.009003,5.0055
-0.00412,5.0061
-0.001678,5.0064
-0.001373,5.0067
-0.001678,5.0061
-0.001373,5.0058
0.000763,5.0055
0.005646,5.007
0.00824,5.011
0.008087,5.011
0.010834,5.0107
0.01297,5.0101
0.011597,5.0113
0.012207,5.0159
0.00824,5.0159
0.008087,5.0162
0.008087,5.0156
0.008087,5.0201
0.010529,5.0201
0.012817,5.0208
0.01297,5.0259
0.013123,5.0253
0.013123,5.0259
0.015564,5.0305
0.015564,5.0299
0.015411,5.0351
0.015564,5.0354
0.024109,5.0391
0.048218,5.0403
0.064087,5.0446
0.049438,5.0446
0.06424,5.05
0.024261,5.0494
-0.011292,5.0546
-0.018921,5.0543
-0.011444,5.0589
-0.015869,5.065
-0.026245,5.069
-0.028687,5.0693
-0.023346,5.0742
-0.018921,5.0793
-0.016174,5.0833
-0.013885,5.0885
-0.011749,5.0922
-0.012665,5.0949
-0.075531,5.0986
-0.083313,5.1035
0.100708,5.1077
0.726471,5.1144
1.045837,5.123
0.328827,5.1276
-0.266571,5.1324
-0.451508,5.1373
-0.346832,5.1413
-0.182953,5.1468
-0.110474,5.152
-0.078735,5.1614
-0.06012,5.1672
-0.045471,5.1709
-0.033569,5.1764
-0.02655,5.1859
-0.016174,5.1907
-0.006561,5.1996
0.001068,5.2054
0.010681,5.2106
0.017853,5.22
0.027924,5.2252
0.035095,5.235
0.046082,5.2405
0.060577,5.2451
0.07843,5.2496
0.095673,5.2545
0.117798,5.2591
0.137482,5.2646
0.158234,5.2686
0.166779,5.2728
0.16922,5.2731
0.146027,5.2792
0.088654,5.282
0.008087,5.2835
-0.070801,5.2847
-0.13443,5.2884
-0.179138,5.2884
-0.198669,5.2936
-0.199585,5.2924
-0.194702,5.2948
-0.177917,5.2988
-0.165253,5.2982
-0.147095,5.3036
-0.127258,5.3033
-0.114136,5.303
-0.103149,5.3079
-0.089417,5.3082
-0.080109,5.3122
-0.070038,5.3177
-0.062408,5.3226
-0.055389,5.3241
-0.048218,5.3284
-0.040894,5.3369
-0.0383,5.3424
-0.033417,5.3467
-0.028534,5.3574
-0.023651,5.361
-0.02243,5.3714
-0.02121,5.3812
-0.018768,5.3903
-0.016174,5.3995
-0.018768,5.4108
-0.013733,5.4196
-0.011444,5.4318
-0.009003,5.4443
-0.003967,5.4553
0.00061,5.4684
0.00351,5.4834
0.00351,5.4977
0.003204,5.5121
0.005646,5.5261
0.003357,5.5426
0.003204,5.5576
0.004425,5.5713
0.00824,5.5862
0.00824,5.6006
0.010529,5.6171
0.010834,5.6345
0.01297,5.6494
0.010681,5.6647
0.010834,5.6827
0.012207,5.6976
0.013123,5.7135
0.015564,5.7324
0.015717,5.7474
0.005646,5.7632
0.005646,5.7803
0.015717,5.7962
0.015411,5.8139
0.019684,5.8301
0.026855,5.8463
0.044403,5.8646
0.047455,5.8783
0.041046,5.8972
0.052948,5.9131
0.010834,5.9277
-0.007935,5.9442
-0.013733,5.9604
-0.001678,5.9766
-0.010071,5.9918
-0.018616,6.0062
-0.016327,6.0205
-0.016022,6.0364
-0.014038,6.0507
-0.016327,6.0681
-0.009003,6.0809
-0.006409,6.0947
-0.029602,6.1087
-0.08728,6.123
-0.029602,6.1374
0.273285,6.1514
0.957794,6.1624
0.742798,6.1771
0.157776,6.1865
-0.302887,6.2009
-0.435638,6.2109
-0.318909,6.2207
-0.170135,6.2354
-0.107727,6.2448
-0.07843,6.2546
-0.057831,6.2637
-0.045776,6.2756
-0.038452,6.2875
-0.028381,6.2988
-0.018768,6.3077
-0.011597,6.3184
-0.003967,6.3272
0.009613,6.3379
0.018005,6.3477
0.022888,6.3571
0.029907,6.3617
0.041809,6.3715
0.055847,6.3818
0.070496,6.3889
0.088348,6.3956
0.102997,6.405
0.120392,6.4105
0.131378,6.4157
0.140076,6.4249
0.133667,6.4297
0.1091,6.4355
0.05661,6.4398
-0.015411,6.4453
-0.078735,6.4511
-0.122681,6.4581
-0.148163,6.4603
-0.160675,6.4645
-0.158386,6.4691
-0.150757,6.4734
-0.140839,6.4789
-0.126495,6.4838
-0.113831,6.4883
-0.102081,6.4932
-0.090332,6.4972
-0.08255,6.4978
-0.070343,6.5039
-0.065308,6.5082
-0.062714,6.5137
-0.055542,6.5186
-0.050201,6.5182
-0.047913,6.5225
-0.043182,6.5277
-0.038605,6.5323
-0.035858,6.5375
-0.028381,6.543
-0.020905,6.5475
-0.018463,6.5488
-0.018311,6.5527
-0.018921,6.5573
-0.016327,6.5625
-0.016022,6.5671
-0.011139,6.5729
-0.006561,6.5765
-0.006561,6.5817
-0.006409,6.5863
-0.003815,6.5912
0.002289,6.5961
0.003204,6.6019
0.003204,6.6061
0.005798,6.6107
0.008087,6.6153
0.005798,6.6245
0.00824,6.6299
0.000916,6.6354
0.003357,6.64
0.007935,6.6449
0.01297,6.6504
0.020599,6.6544
0.039673,6.6611
0.049744,6.6693
0.039825,6.6748
0.061798,6.6797
0.026398,6.6843
-0.006256,6.6913
-0.016327,6.6995
-0.00412,6.7038
-0.003967,6.7093
-0.013733,6.7151
-0.014648,6.723
-0.003967,6.7285
-0.005493,6.7328
-0.003967,6.7416
0.001068,6.748
0.000916,6.752
-0.010681,6.7575
-0.072021,6.7664
-0.03067,6.7719
0.184937,6.777
0.808105,6.7822
0.843353,6.7862
0.272827,6.796
-0.211334,6.8015
-0.421143,6.806
-0.344543,6.8103
-0.190735,6.8158
-0.110016,6.8207
-0.080109,6.8271
-0.057831,6.835
-0.041656,6.8399
-0.033417,6.8451
-0.030975,6.8506
-0.018616,6.8546
-0.011444,6.8594
-0.006409,6.8652
0.005951,6.8689
0.015717,6.8747
0.018158,6.8802
0.025787,6.8842
0.037537,6.8842
0.055847,6.8887
0.074005,6.8936
0.093384,6.8988
0.108185,6.8991
0.120544,6.9034
0.132446,6.9037
0.132446,6.9086
0.120544,6.9089
0.087128,6.9128
0.029602,6.9131
-0.042267,6.9135
-0.101013,6.9189
-0.138092,6.9189
-0.162048,6.918
-0.167999,6.918
-0.162964,6.918
-0.155792,6.918
-0.143738,6.9199
-0.124969,6.9235
-0.106659,6.9238
-0.094452,6.9232
-0.082092,6.9229
-0.077515,6.9235
-0.070038,6.9232
-0.065308,6.9232
-0.052948,6.9229
-0.050201,6.9189
-0.04303,6.9183
-0.038452,6.9183
-0.033722,6.9186
-0.033569,6.9177
-0.026855,6.9177
-0.021973,6.918
-0.022888,6.9183
-0.021057,6.9186
-0.016479,6.9183
-0.011597,6.9183
-0.011292,6.9186
-0.006104,6.9189
-0.009308,6.9183
-0.006104,6.9177
-0.004272,6.9189
-0.004425,6.9177
-0.001526,6.9183
0.000916,6.9125
0.003052,6.9128
0.003357,6.9135
0.008087,6.9135
0.005646,6.9131
0.011902,6.9141
0.018311,6.9138
0.036774,6.9141
0.054321,6.9135
0.041809,6.9135
0.05188,6.9135
0.026245,6.9135
-0.003967,6.9131
-0.016327,6.9131
-0.00412,6.9141
-0.003967,6.9128
-0.011597,6.9144
-0.013428,6.9131
-0.018768,6.9135
-0.016327,6.9138
-0.008698,6.9131
-0.002136,6.9131
-0.003967,6.9135
-0.003204,6.9141
-0.054626,6.9131
-0.051117,6.9131
0.096588,6.9138
0.600433,6.9177
0.982361,6.9183
0.409546,6.9183
-0.133057,6.918
-0.408325,6.918
-0.365906,6.9177
-0.214691,6.9186
-0.119781,6.918
-0.083313,6.9189
-0.057983,6.918
-0.048218,6.918
-0.036469,6.9183
-0.02182,6.9183
-0.016174,6.9183
-0.011444,6.9232
-0.002289,6.9229
0.005798,6.9232
0.014801,6.9223
0.025177,6.9232
0.030212,6.9232
0.041199,6.9235
0.05722,6.9226
0.070496,6.9226
0.090179,6.9238
0.111847,6.9186
0.13031,6.9183
0.142212,6.9183
0.149536,6.9183
0.142975,6.9189
0.116272,6.9131
0.060883,6.9135
-0.007935,6.9101
-0.078278,6.9089
-0.132904,6.9083
-0.162811,6.9043
-0.182343,6.9031
-0.182495,6.8988
-0.172882,6.8988
-0.16037,6.8936
-0.149078,6.8939
-0.131226,6.8896
-0.113983,6.889
-0.096741,6.8835
-0.083313,6.8848
-0.075073,6.8793
-0.06546,6.8796
-0.057526,6.8753
-0.050354,6.8744
-0.045624,6.8732
-0.0383,6.8701
-0.035858,6.8695
-0.033417,6.8652
-0.030518,6.8643
-0.026093,6.8607
-0.028687,6.8594
-0.02594,6.8607
-0.021057,6.8549
-0.018463,6.8542
-0.014038,6.8549
-0.013885,6.8497
-0.013885,6.85
-0.00885,6.85
-0.006409,6.8451
-0.003967,6.8457
0.000916,6.8451
0.005646,6.8457
0.005646,6.8408
0.005188,6.8408
0.00824,6.8408
0.00824,6.8399
0.008698,6.8399
0.010834,6.8359
0.013428,6.835
0.010834,6.8359
0.020294,6.8359
0.032654,6.8353
0.051727,6.835
0.042114,6.8353
0.052032,6.8298
0.0383,6.8304
-0.00412,6.8311
-0.020294,6.8307
-0.009003,6.8304
-0.003967,6.8304
-0.014038,6.8301
-0.023499,6.8298
-0.021057,6.8304
-0.014648,6.8298
-0.009308,6.8298
-0.00885,6.8304
-0.001678,6.8301
-0.001678,6.8301
-0.029449,6.8304
-0.057678,6.8311
0.030823,6.8298
0.367889,6.8353
1.015472,6.835
0.634918,6.835
-0.004883,6.835
-0.380859,6.8347
-0.404205,6.835
-0.257568,6.8362
-0.132446,6.8356
-0.085754,6.8356
-0.062714,6.835
-0.043335,6.8359
-0.029449,6.8359
-0.02121,6.8356
-0.014038,6.8353
-0.004883,6.8353
0.001068,6.8353
0.01297,6.8353
0.020752,6.8356
0.027618,6.8353
0.037994,6.8304
0.051117,6.8304
0.066833,6.8301
0.085144,6.8304
0.107422,6.8253
0.129395,6.8253
0.151672,6.821
0.16861,6.821
0.171661,6.8158
0.1651,6.8109
0.140076,6.8066
0.08728,6.8018
0.009613,6.7969
-0.070038,6.7917
-0.135498,6.7862
-0.180206,6.7822
-0.199585,6.7764
-0.209351,6.7706
-0.202942,6.7621
-0.189972,6.7575
-0.174713,6.749
-0.158081,6.7435
-0.13855,6.7377
-0.121155,6.7279
-0.104218,6.7233
-0.087433,6.7136
-0.073395,6.7087
-0.065002,6.6989
-0.055237,6.6934
-0.048218,6.6837
-0.043335,6.6794
-0.0383,6.6699
-0.033569,6.6635
-0.030823,6.6544
-0.02594,6.6467
-0.023956,6.64
-0.021362,6.6309
-0.019684,6.626
-0.016327,6.6171
-0.016327,6.6104
-0.013885,6.6031
-0.010834,6.5955
-0.011444,6.59
-0.011139,6.582
-0.006409,6.575
-0.006714,6.5668
-0.006409,6.561
-0.003662,6.5524
0.000763,6.5424
0.003204,6.5375
0.005951,6.5286
0.00824,6.5231
0.008392,6.5137
0.005951,6.5079
0.008392,6.4993
0.00824,6.4948
0.00824,6.4841
0.010376,6.4789
0.01297,6.4697
0.017853,6.4648
0.015717,6.4542
0.015564,6.4496
0.016022,6.4398
0.012665,6.4349
0.017395,6.4255
0.024567,6.4206
0.046844,6.4108
0.061188,6.4047
0.052338,6.3971
0.063934,6.3864
0.020905,6.3809
-0.01297,6.3712
-0.016937,6.3632
-0.006409,6.3577
-0.010834,6.3483
-0.018768,6.3416
-0.021057,6.3327
-0.018616,6.3239
-0.018463,6.3168
-0.013733,6.3089
-0.011292,6.2994
-0.011292,6.2924
-0.014343,6.2839
-0.067749,6.2744
-0.036163,6.2692
0.182343,6.2598
0.808868,6.25
0.952301,6.2454
0.196381,6.235
-0.337372,6.2305
-0.439148,6.2207
-0.30365,6.2143
-0.151367,6.2057
-0.096588,6.1975
-0.06958,6.1914
-0.049896,6.1819
-0.038147,6.1774
-0.028229,6.167
-0.018616,6.1621
-0.008698,6.1517
0.003357,6.1475
0.010834,6.138
0.019989,6.1328
0.027313,6.123
0.037842,6.1142
0.049744,6.1087
0.062408,6.098
0.07843,6.0895
0.102692,6.0782
0.128326,6.0651
0.150452,6.0541
0.170898,6.041
0.18158,6.0297
0.179901,6.0162
0.162354,6.0043
0.120544,5.9909
0.045471,5.976
-0.042877,5.9619
-0.124054,5.9473
-0.18158,5.9335
-0.21347,5.9192
-0.22644,5.9042
-0.225983,5.8914
-0.216522,5.8792
-0.200043,5.8649
-0.180206,5.8505
-0.160675,5.8356
-0.141449,5.8252
-0.121918,5.8109
-0.106049,5.8011
-0.090179,5.7867
-0.077972,5.7776
-0.067139,5.7657
-0.05722,5.7526
-0.050507,5.7428
-0.045471,5.7327
-0.0383,5.723
-0.033112,5.712
-0.029297,5.7074
-0.026093,5.6989
-0.026093,5.6885
-0.02594,5.6839
-0.023651,5.6741
-0.02121,5.6689
-0.018463,5.6625
-0.015869,5.6546
-0.018921,5.6497
-0.01358,5.6448
-0.011292,5.64
-0.00885,5.6348
-0.006714,5.6299
-0.006561,5.625
-0.004425,5.6235
-0.006104,5.6204
-0.00351,5.6152
0.000916,5.6146
0.000916,5.61
0.003052,5.6058
0.005341,5.6055
0.005798,5.6046
0.010681,5.6003
0.010529,5.6006
0.010681,5.596
0.010834,5.596
0.010681,5.5957
0.013123,5.5954
0.013123,5.5908
0.013275,5.5905
0.010681,5.5902
0.013733,5.5908
0.015564,5.5908
0.017853,5.5862
0.025787,5.5865
0.05188,5.5859
0.068359,5.5862
0.054169,5.5859
0.066528,5.5865
0.028229,5.5869
-0.005951,5.5859
-0.016174,5.5859
-0.00885,5.5814
-0.011139,5.5814
-0.023499,5.5811
-0.026703,5.5811
-0.023804,5.5801
-0.016174,5.5814
-0.014038,5.5811
-0.010834,5.5762
-0.006104,5.5762
-0.008698,5.5762
-0.058136,5.5765
-0.066833,5.5759
0.100708,5.5713
0.656281,5.5713
1.081238,5.5713
0.365295,5.5676
-0.272369,5.5673
-0.436859,5.5664
-0.291138,5.5667
-0.151367,5.5618
-0.096436,5.5615
-0.070038,5.5569
-0.061035,5.5569
-0.043335,5.5518
-0.033569,5.5521
-0.023041,5.5466
-0.011139,5.5475
-0.001373,5.542
0.011292,5.5426
0.022583,5.5377
0.032349,5.5328
0.037537,5.5289
0.046844,5.5261
0.061188,5.5185
0.075989,5.513
0.094147,5.5035
0.115662,5.4984
0.139923,5.4895
0.161743,5.4794
0.174255,5.466
0.176544,5.4553
0.168762,5.4449
0.128326,5.4303
0.057373,5.4199
-0.028839,5.4062
-0.105896,5.3958
-0.165253,5.3815
-0.202332,5.368
-0.219269,5.3568
-0.219269,5.3418
-0.20752,5.3314
-0.192413,5.3183
-0.177002,5.3049
-0.159912,5.2933
-0.140686,5.2829
-0.121613,5.2689
-0.10498,5.2594
-0.089111,5.2481
-0.077362,5.2365
-0.063171,5.2261
-0.055237,5.2158
-0.049896,5.206
-0.043182,5.1993
-0.036316,5.1904
-0.03067,5.1813
-0.030975,5.1758
-0.027924,5.1669
-0.025787,5.162
-0.023499,5.1569
-0.023346,5.1505
-0.020905,5.1419
-0.018616,5.1373
-0.016174,5.1367
-0.01358,5.1324
-0.011444,5.1276
-0.00885,5.1233
-0.003662,5.1224
-0.003967,5.1175
0.000763,5.1175
0.001068,5.112
0.003052,5.1129
0.00824,5.1126
0.008698,5.1083
0.010681,5.1086
0.010834,5.1083
0.010681,5.1077
0.010223,5.1077
0.010681,5.1077
0.010986,5.1077
0.013275,5.1086
0.012817,5.108
0.013275,5.1074
0.013275,5.1083
0.01297,5.1086
0.015259,5.1126
0.013428,5.1126
0.013733,5.1129
0.010681,5.1129
0.010376,5.1129
0.005646,5.1181
0.008087,5.1178
0.011292,5.1175
0.022888,5.1224
0.039368,5.123
0.066528,5.1227
0.052643,5.1221
0.06424,5.1273
0.039825,5.1276
-0.001373,5.1282
-0.018616,5.1328
-0.009155,5.1318
-0.006409,5.1328
-0.018158,5.1355
-0.025787,5.1367
-0.023193,5.1367
-0.016479,5.1373
-0.013885,5.1419
-0.014038,5.1422
-0.013733,5.1425
-0.009003,5.1468
-0.037537,5.1465
-0.08728,5.1474
-0.003967,5.1468
0.385895,5.152
1.091614,5.152
0.652161,5.152
-0.07843,5.1523
-0.433655,5.1572
-0.396271,5.1562
-0.226746,5.1566
-0.123749,5.1566
-0.087891,5.1572
-0.067291,5.1569
-0.050354,5.1614
-0.036316,5.1611
-0.028229,5.1614
-0.019226,5.1617
-0.011597,5.1617
-0.001678,5.1614
0.006409,5.1617
0.015259,5.1614
0.022888,5.1614
0.034027,5.1614
0.044098,5.1611
0.058899,5.162
0.076141,5.1611
0.09903,5.1617
0.12085,5.1566
0.142365,5.1569
0.160217,5.1517
0.171661,5.1523
0.171509,5.1477
0.154114,5.1425
0.104828,5.1367
0.023346,5.1276
-0.062256,5.1181
-0.133057,5.108
-0.18219,5.0964
-0.210114,5.0833
-0.219421,5.0732
-0.214386,5.0595
-0.202179,5.0452
-0.187988,5.0308
-0.16983,5.0204
-0.149231,5.0067
-0.133057,4.9911
-0.114136,4.9768
-0.101318,4.964
-0.087433,4.9524
-0.077515,4.938
-0.065155,4.9286
-0.054626,4.913
-0.048218,4.9036
-0.041199,4.8935
-0.036011,4.8792
-0.031281,4.8691
-0.025482,4.8593
-0.023499,4.8502
-0.018768,4.8438
-0.018921,4.8358
-0.021057,4.8257
-0.019073,4.8209
-0.016632,4.8114
-0.014191,4.8062
-0.014038,4.8004
-0.011444,4.7968
-0.009155,4.791
-0.006714,4.787
-0.003815,4.7815
-0.001373,4.7772
0.000916,4.7723
0.001068,4.7717
0.001068,4.7662
0.001373,4.7672
0.005798,4.7675
0.007629,4.762
0.010681,4.7623
0.010681,4.7614
0.010529,4.7617
0.010376,4.7623
0.010681,4.7623
0.010529,4.762
0.013123,4.7617
0.013123,4.762
0.013275,4.7623
0.011444,4.7623
0.010986,4.7668
0.011139,4.7675
0.013733,4.7668
0.010529,4.7668
0.010681,4.7717
0.01297,4.7723
0.023193,4.7723
0.036011,4.7772
0.062561,4.7769
0.052185,4.7818
0.061798,4.7818
0.046997,4.7818
0.003052,4.7867
-0.015869,4.787
-0.010681,4.7916
-0.006561,4.7919
-0.01709,4.7916
-0.023193,4.7968
-0.020752,4.7968
-0.015869,4.801
-0.011292,4.801
-0.011292,4.8019
-0.006561,4.8056
-0.006866,4.8059
-0.04776,4.8099
-0.089569,4.8114
0.006104,4.8111
0.45929,4.816
1.114349,4.816
0.574188,4.8157
-0.128632,4.8209
-0.434875,4.8209
-0.382385,4.8218
-0.213928,4.8264
-0.121155,4.8257
-0.085144,4.826
-0.065002,4.8297
-0.050659,4.8303
-0.038452,4.8306
-0.030823,4.8303
-0.02121,4.8358
-0.011749,4.8352
-0.003052,4.8355
0.006561,4.8355
0.015411,4.8361
0.02533,4.8404
0.033417,4.8404
0.047302,4.8404
0.059967,4.8404
0.078583,4.8404
0.101624,4.8398
0.122528,4.8358
0.144043,4.8352
0.163879,4.8355
0.176544,4.8309
0.178986,4.8306
0.158997,4.8257
0.105743,4.8257
0.022278,4.8215
-0.064087,4.8166
-0.13382,4.8154
-0.179749,4.8114
-0.20462,4.8059
-0.211792,4.8013
-0.207214,4.8013
-0.196228,4.7961
-0.180511,4.7913
-0.165253,4.7864
-0.145111,4.7815
-0.128021,4.7812
-0.1091,4.7769
-0.095062,4.772
-0.08255,4.7723
-0.076599,4.7675
-0.067291,4.7662
-0.059662,4.762
-0.050201,4.762
-0.043335,4.7571
-0.037384,4.7577
-0.035248,4.7534
-0.028534,4.7525
-0.025635,4.7528
-0.021057,4.7531
-0.02121,4.7525
-0.018921,4.7476
-0.016327,4.7479
-0.013733,4.7476
-0.011444,4.7473
-0.011444,4.7473
-0.00885,4.7479
-0.006561,4.7473
-0.003967,4.7519
-0.001678,4.7525
0.000916,4.7528
0.005646,4.7531
0.005951,4.7577
0.008545,4.7568
0.005951,4.7574
0.005951,4.761
0.005646,4.7626
0.00824,4.762
0.007935,4.7668
0.010834,4.7675
0.013275,4.7717
0.015717,4.7723
0.01297,4.7726
0.015564,4.7769
0.015411,4.7772
0.017853,4.7821
0.018158,4.7821
0.018158,4.7864
0.018005,4.7867
0.017853,4.7913
0.017853,4.7916
0.0177,4.7961
0.02533,4.7971
0.047607,4.801
0.066681,4.8016
0.054016,4.8065
0.073547,4.8062
0.041656,4.8108
0.001526,4.8108
-0.016174,4.816
-0.009155,4.816
-0.011597,4.8206
-0.019531,4.8199
-0.023499,4.8257
-0.020599,4.8254
-0.016174,4.8257
-0.013733,4.8309
-0.00946,4.8303
-0.006256,4.8358
-0.01358,4.8349
-0.083008,4.8398
-0.078888,4.8401
0.147247,4.8438
0.82901,4.845
0.981293,4.845
0.238495,4.8502
-0.315552,4.8492
-0.451355,4.8544
-0.329742,4.855
-0.174103,4.859
-0.114594,4.8602
-0.082855,4.8627
-0.062561,4.8642
-0.04715,4.8642
-0.035706,4.8691
-0.026398,4.8694
-0.018005,4.8749
-0.006866,4.874
0.003204,4.8749
0.009003,4.8795
0.020294,4.8792
0.029449,4.8843
0.042114,4.8837
0.054169,4.884
0.070953,4.884
0.090942,4.8837
0.11261,4.884
0.13855,4.8843
0.157166,4.8843
0.173645,4.884
0.18158,4.8843
0.176544,4.8798
0.139313,4.8792
0.06897,4.874
-0.015259,4.8752
-0.116577,4.87
-0.16861,4.8645
-0.199432,4.8642
-0.211639,4.8599
-0.208588,4.855
-0.19516,4.8544
-0.180664,4.8502
-0.163269,4.8447
-0.146484,4.8441
-0.131226,4.8404
-0.111847,4.8358
-0.099792,4.8306
-0.087585,4.8306
-0.075226,4.8257
-0.065308,4.8254
-0.057831,4.8209
-0.052795,4.8157
-0.043793,4.816
-0.036011,4.8114
-0.033417,4.8114
-0.030823,4.8111
-0.028534,4.8062
-0.026093,4.8056
-0.023499,4.8059
-0.02121,4.8059
-0.020905,4.8013
-0.018768,4.801
-0.018616,4.8013
-0.018616,4.8007
-0.016479,4.8013
-0.014038,4.8013
-0.009155,4.801
-0.003967,4.801
-0.000763,4.8013
0.003357,4.801
0.003052,4.8013
0.005646,4.8056
0.007782,4.8059
0.008087,4.8068
0.01297,4.8062
0.013123,4.8059
0.012817,4.8111
0.013275,4.8114
0.013275,4.8123
0.013275,4.8163
0.010529,4.8157
0.010529,4.8209
0.010529,4.8209
0.010681,4.8257
0.010681,4.8306
0.011597,4.83
0.015564,4.8355
0.013123,4.8398
0.013123,4.8453
0.019073,4.8499
0.027924,4.855
0.050354,4.8599
0.056,4.8651
0.04303,4.8746
0.060883,4.8785
0.022278,4.8877
-0.009003,4.8941
-0.016174,4.9036
-0.006561,4.9088
-0.012817,4.9173
-0.023499,4.9277
-0.02594,4.9341
-0.022736,4.9435
-0.016479,4.9533
-0.011444,4.9622
-0.009003,4.9731
-0.006256,4.9817
-0.027008,4.9915
-0.084839,5.0009
-0.007629,5.011
0.214691,5.0214
0.939789,5.0311
0.852966,5.0436
0.151672,5.0543
-0.330048,5.065
-0.441132,5.0745
-0.316925,5.0876
-0.166779,5.0983
-0.10498,5.1074
-0.076294,5.1221
-0.055542,5.1328
-0.043335,5.1456
-0.030823,5.1566
-0.023804,5.1672
-0.016785,5.181
-0.006714,5.1901
0.00351,5.2054
0.010529,5.2185
0.018311,5.2298
0.025024,5.2426
0.030212,5.2542
0.039825,5.267
0.052795,5.2792
0.074158,5.2887
0.094299,5.3033
0.116425,5.3131
0.13855,5.3226
0.150909,5.3333
0.159454,5.3452
0.15625,5.3564
0.126801,5.3662
0.060272,5.376
-0.020447,5.3845
-0.095215,5.3912
-0.147552,5.4004
-0.178528,5.4105
-0.189819,5.4202
-0.192566,5.4297
-0.180359,5.4398
-0.165863,5.4489
-0.152283,5.459
-0.135498,5.4688
-0.119629,5.4776
-0.106812,5.4877
-0.093536,5.498
-0.079803,5.5075
-0.072784,5.5179
-0.067444,5.5307
-0.059662,5.5417
-0.050812,5.5533
-0.048218,5.5661
-0.042419,5.5804
-0.038147,5.5945
-0.033264,5.6058
-0.030975,5.6204
-0.03067,5.6354
-0.023499,5.6497
-0.023804,5.6647
-0.022583,5.6784
-0.016479,5.6931
-0.013733,5.7086
-0.013428,5.7257
-0.013733,5.7416
-0.006104,5.7568
-0.00885,5.7709
-0.00885,5.7864
-0.005035,5.8038
-0.003815,5.8206
0.00351,5.835
0.005951,5.8505
0.010681,5.8694
0.010681,5.8832
0.010681,5.8987
0.010834,5.9164
0.010834,5.9323
0.013123,5.9467
0.013123,5.9613
0.013428,5.9769
0.01297,5.9943
0.010681,6.0104
0.013123,6.0251
0.020142,6.0394
0.033722,6.0544
0.05661,6.0693
0.045929,6.0843
0.054016,6.098
0.046387,6.113
0.008545,6.1273
-0.01358,6.1411
-0.004272,6.153
0.00061,6.1667
-0.009003,6.181
-0.015869,6.192
-0.013733,6.2061
-0.011444,6.2186
-0.009003,6.2296
-0.009003,6.2408
-0.009003,6.2546
-0.007782,6.2646
-0.070496,6.2744
-0.070343,6.2888
0.086365,6.2988
0.626221,6.308
0.963287,6.3187
0.433197,6.3306
-0.097656,6.3419
-0.40741,6.3516
-0.394745,6.3623
-0.24353,6.3724
-0.133514,6.3818
-0.091248,6.3904
-0.067902,6.4014
-0.054626,6.4105
-0.042419,6.4209
-0.028534,6.4301
-0.023804,6.4398
-0.017548,6.4484
-0.006866,6.4548
0.003357,6.4642
0.005798,6.4737
0.015717,6.4786
0.023956,6.489
0.037384,6.4944
0.04837,6.503
0.057831,6.5082
0.076141,6.5164
0.09201,6.5231
0.110016,6.5271
0.122986,6.5326
0.125122,6.5372
0.130615,6.543
0.119324,6.5479
0.075531,6.553
0.01709,6.5567
-0.050507,6.5619
-0.102539,6.5674
-0.137329,6.5704
-0.150757,6.5714
-0.153198,6.5768
-0.148773,6.5811
-0.136414,6.5817
-0.131073,6.5869
-0.116425,6.5912
-0.102081,6.5909
-0.085907,6.5961
-0.07782,6.5958
-0.07019,6.601
-0.062714,6.6064
-0.055847,6.6061
-0.053101,6.6113
-0.046082,6.611
-0.040741,6.6162
-0.033569,6.6211
-0.030975,6.6208
-0.03067,6.6254
-0.02594,6.6302
-0.023956,6.6345
-0.021362,6.6354
-0.018463,6.64
-0.016174,6.6446
-0.019073,6.6501
-0.014191,6.6553
-0.013428,6.6553
-0.009003,6.6592
-0.003967,6.6641
-0.006561,6.6696
-0.006561,6.6742
-0.001678,6.6785
-0.001373,6.6837
0.000458,6.6898
0.000916,6.6943
0.003052,6.6983
0.007935,6.7035
0.02655,6.709
0.049438,6.713
0.045776,6.7178
0.052185,6.723
0.036621,6.7279
-0.000458,6.7334
-0.02121,6.738
-0.009155,6.7429
-0.00061,6.7471
-0.013885,6.7514
-0.016327,6.7569
-0.013885,6.7624
-0.006561,6.7679
-0.006409,6.7722
-0.004272,6.777
-0.001526,6.7816
0.001068,6.7862
-0.050354,6.792
-0.059052,6.7963
0.067902,6.8008
0.508423,6.8063
0.994263,6.8115
0.515594,6.8173
-0.035553,6.8213
-0.384827,6.8262
-0.395508,6.8301
-0.250702,6.8359
-0.137787,6.8402
-0.093384,6.8448
-0.067749,6.8494
-0.04837,6.8549
-0.040588,6.86
-0.028687,6.8643
-0.018311,6.8689
-0.011292,6.8747
-0.001678,6.8774
0.004425,6.8793
0.011902,6.8835
0.022888,6.8896
0.03479,6.8939
0.035095,6.8942
0.044708,6.8988
0.063782,6.8991
0.081024,6.9034
0.095673,6.9037
0.116577,6.9086
0.128937,6.9083
0.137482,6.9086
0.137329,6.9128
0.119019,6.9128
0.067749,6.9128
0.005951,6.9135
-0.063477,6.9131
-0.115356,6.9131
-0.150604,6.9135
-0.16449,6.9138
-0.165253,6.9135
-0.160675,6.9138
-0.148468,6.9141
-0.132599,6.9128
-0.116577,6.9144
-0.102844,6.9131
-0.084534,6.9086
-0.077667,6.908
-0.07019,6.9092
-0.059814,6.9083
-0.050659,6.9083
-0.040588,6.9034
-0.035858,6.9037
-0.036011,6.9037
-0.030975,6.9037
-0.02594,6.9043
-0.028381,6.8982
-0.025787,6.8985
-0.023804,6.8994
-0.02121,6.8985
-0.018768,6.8982
-0.018768,6.8988
-0.016327,6.8945
-0.013733,6.8936
-0.011444,6.8942
-0.006561,6.8939
-0.007324,6.8933
-0.006409,6.8939
-0.003967,6.8939
-0.001373,6.889
0.003204,6.8884
0.022736,6.889
0.044708,6.889
0.044556,6.889
0.058136,6.8896
0.041046,6.8896
0.000153,6.8884
-0.020142,6.8887
-0.016174,6.8887
-0.009155,6.8842
-0.012817,6.8842
-0.02121,6.8839
-0.018311,6.8842
-0.016022,6.8845
-0.011292,6.8839
-0.008698,6.8839
-0.003967,6.8848
-0.003815,6.8839
-0.032043,6.8842
-0.061493,6.8835
0.025177,6.8842
0.353699,6.8835
1.013947,6.8842
0.683899,6.8839
0.049286,6.8842
-0.361786,6.8839
-0.415039,6.8848
-0.279999,6.8839
-0.149841,6.8845
-0.093536,6.8842
-0.067749,6.8842
-0.052948,6.8839
-0.038147,6.8842
-0.023804,6.8835
-0.013733,6.8845
-0.005493,6.8835
0.002136,6.8848
0.008087,6.8842
0.018005,6.8848
0.029755,6.8802
0.039673,6.8787
0.05188,6.8802
0.061951,6.8793
0.080261,6.8793
0.099487,6.8787
0.120087,6.8747
0.142365,6.8747
0.160828,6.8747
0.166779,6.8689
0.162048,6.8695
0.136566,6.8652
0.084839,6.8649
0.007935,6.86
-0.093536,6.8552
-0.142212,6.8549
-0.179138,6.8503
-0.196991,6.8454
-0.193481,6.8445
-0.187378,6.8402
-0.177765,6.8353
-0.160522,6.8304
-0.144653,6.8256
-0.126495,6.8201
-0.107727,6.8149
-0.092621,6.8109
-0.078278,6.8057
-0.068665,6.8015
-0.060577,6.796
-0.052948,6.7905
-0.043182,6.7813
-0.038452,6.777
-0.034637,6.7719
-0.029602,6.7676
-0.028534,6.7621
-0.028229,6.7572
-0.023499,6.7471
-0.023651,6.7429
-0.020905,6.7377
-0.018616,6.7331
-0.016327,6.727
-0.018768,6.7227
-0.018768,6.7175
-0.018921,6.7139
-0.011444,6.7078
-0.009155,6.7041
-0.006256,6.6992
-0.003967,6.6934
-0.001068,6.6888
0.000763,6.6846
0.003357,6.6757
0.005951,6.6702
0.008392,6.6653
0.008087,6.6592
0.008087,6.6547
0.010834,6.6498
0.013275,6.6455
0.028992,6.6403
0.054321,6.6324
0.057068,6.6251
0.071259,6.6205
0.052948,6.615
0.006561,6.6107
-0.016022,6.6019
-0.014038,6.5964
-0.00885,6.5909
-0.015411,6.5857
-0.019989,6.5762
-0.018616,6.5717
-0.013885,6.5674
-0.011292,6.5616
-0.008698,6.5518
-0.00412,6.5475
-0.001678,6.5421
-0.029907,6.5375
-0.061188,6.5332
0.042419,6.5234
0.40741,6.5179
1.066437,6.5134
0.625,6.5079
-0.088348,6.5033
-0.433655,6.499
-0.392609,6.4908
-0.227356,6.4835
-0.116577,6.4789
-0.079956,6.4737
-0.058899,6.4648
-0.043945,6.459
-0.032043,6.4545
-0.019073,6.4453
-0.00885,6.4398
-0.001373,6.4307
0.010376,6.4249
0.018311,6.4154
0.03006,6.4102
0.037384,6.4011
0.049286,6.3907
0.063934,6.3815
0.076447,6.3721
0.095062,6.3626
0.116882,6.3519
0.139923,6.3425
0.159302,6.3321
0.171814,6.3187
0.176392,6.3077
0.169525,6.2946
0.13855,6.2793
0.078278,6.2643
-0.007019,6.2494
-0.088196,6.2354
-0.15213,6.2201
-0.197296,6.203
-0.216522,6.1859
-0.219727,6.1722
-0.212097,6.1566
-0.200043,6.138
-0.182648,6.1237
-0.166321,6.1081
-0.146027,6.091
-0.128937,6.0745
-0.110016,6.0596
-0.092163,6.0449
-0.077972,6.0303
-0.067596,6.0162
-0.055542,6.0004
-0.046387,5.9866
-0.038147,5.9732
-0.033569,5.9619
-0.028534,5.9479
-0.026093,5.9369
-0.026093,5.9235
-0.023651,5.9134
-0.023804,5.903
-0.023804,5.8929
-0.023956,5.8798
-0.023956,5.871
-0.021057,5.864
-0.021362,5.8545
-0.016479,5.845
-0.014038,5.8356
-0.014343,5.8304
-0.011292,5.8197
-0.009155,5.8148
-0.00885,5.8066
-0.006409,5.8008
-0.003967,5.7959
-0.001678,5.791
0.000763,5.787
0.000916,5.7809
0.003204,5.773
0.005493,5.7709
0.005951,5.7666
0.008087,5.7614
0.00824,5.7574
0.008087,5.7523
0.010529,5.7471
0.01297,5.7419
0.020294,5.7376
0.039062,5.7312
0.066681,5.7278
0.059357,5.723
0.072937,5.7227
0.050201,5.7178
0.007172,5.7135
-0.013733,5.708
-0.007324,5.7031
-0.005646,5.7001
-0.018616,5.6989
-0.023804,5.6937
-0.02121,5.6888
-0.018616,5.6885
-0.014038,5.6836
-0.011444,5.6781
-0.006409,5.6778
-0.004272,5.6741
-0.046234,5.6738
-0.063934,5.6689
0.076141,5.6689
0.540161,5.6644
1.115417,5.6644
0.48996,5.6586
-0.210724,5.6592
-0.454102,5.654
-0.36087,5.6543
-0.189209,5.6494
-0.107269,5.6497
-0.075989,5.6485
-0.06073,5.6445
-0.045624,5.6445
-0.033417,5.64
-0.021362,5.639
-0.009155,5.6396
0.000916,5.6348
0.009613,5.6351
0.020294,5.6296
0.027618,5.6302
0.035095,5.6305
0.04715,5.6253
0.06134,5.6204
0.071716,5.618
0.088348,5.6107
0.115509,5.6052
0.141296,5.6012
0.162048,5.5917
0.17807,5.5811
0.184021,5.5713
0.174255,5.5618
0.138245,5.5521
0.07309,5.5423
-0.009918,5.5325
-0.092773,5.5182
-0.157471,5.5075
-0.196381,5.495
-0.214844,5.484
-0.217133,5.4739
-0.211639,5.4614
-0.200653,5.4489
-0.183563,5.4395
-0.166168,5.4269
-0.149536,5.4156
-0.131226,5.4059
-0.111542,5.3961
-0.094604,5.3857
-0.079498,5.3766
-0.065155,5.3662
-0.055237,5.3568
-0.048981,5.3464
-0.040588,5.3378
-0.033264,5.332
-0.028534,5.3226
-0.028381,5.3174
-0.026093,5.3085
-0.02121,5.3033
-0.021515,5.2982
-0.021057,5.289
-0.021057,5.2835
-0.016174,5.2786
-0.016327,5.2737
-0.016479,5.2686
-0.013885,5.2646
-0.009003,5.2609
-0.006714,5.2591
-0.006561,5.2548
-0.006409,5.2496
-0.001678,5.249
-0.001373,5.2444
-0.001373,5.2441
0.000763,5.2448
0.00351,5.2399
0.003357,5.2396
0.008087,5.2399
0.010834,5.2344
0.01297,5.2347
0.01297,5.235
0.013275,5.235
0.010681,5.235
0.010529,5.2347
0.010681,5.2347
0.015717,5.2347
0.015717,5.2344
0.024719,5.2347
0.039825,5.2347
0.068817,5.2347
0.05661,5.2347
0.064545,5.2402
0.045166,5.2399
0.001221,5.2386
-0.016479,5.2396
-0.011749,5.2402
-0.010681,5.2399
-0.021362,5.2448
-0.028534,5.2448
-0.025787,5.2448
-0.021362,5.2451
-0.014038,5.2448
-0.011444,5.2441
-0.006561,5.2496
-0.006561,5.2493
-0.048523,5.2493
-0.079346,5.2499
0.050659,5.2493
0.522919,5.2545
1.124573,5.2536
0.511169,5.2533
-0.192566,5.2542
-0.453033,5.2545
-0.367737,5.2542
-0.199127,5.2591
-0.117188,5.2585
-0.083466,5.2594
-0.063477,5.2591
-0.050507,5.2585
-0.038452,5.2588
-0.028534,5.2591
-0.016174,5.2591
-0.006409,5.2594
0.005035,5.2588
0.015717,5.2591
0.022888,5.2588
0.032501,5.2591
0.041656,5.2588
0.054321,5.2591
0.070801,5.2585
0.089111,5.2551
0.110321,5.2539
0.134277,5.2493
0.15213,5.2396
0.164185,5.2347
0.171967,5.2252
0.168915,5.2155
0.140533,5.2017
0.079498,5.1907
-0.003204,5.1764
-0.085907,5.1624
-0.152588,5.1489
-0.192566,5.1346
-0.209656,5.1227
-0.214539,5.1074
-0.207977,5.0934
-0.193176,5.0793
-0.180054,5.0644
-0.161133,5.0497
-0.141296,5.0345
-0.124359,5.0208
-0.106964,5.0055
-0.090332,4.9927
-0.082092,4.9817
-0.067596,4.967
-0.058136,4.9573
-0.052795,4.9442
-0.045624,4.9335
-0.038757,4.9234
-0.035706,4.913
-0.030823,4.9045
-0.028229,4.8984
-0.028381,4.8895
-0.023499,4.8807
-0.023346,4.8749
-0.021362,4.87
-0.018616,4.8642
-0.016174,4.8557
-0.016174,4.8508
-0.013733,4.8477
-0.011597,4.8447
-0.009308,4.8404
-0.007324,4.8355
-0.006561,4.8358
-0.00412,4.8309
-0.001526,4.8303
0.000916,4.8312
0.00061,4.8257
0.003357,4.8251
0.005493,4.8254
0.005951,4.8254
0.005951,4.826
0.005798,4.8257
0.005341,4.8251
0.008087,4.8264
0.012665,4.8306
0.013123,4.8306
0.010681,4.8303
0.010681,4.8312
0.010834,4.8355
0.015717,4.8355
0.020599,4.8355
0.032043,4.8407
0.059509,4.8407
0.066376,4.845
0.057068,4.8453
0.066376,4.8499
0.023651,4.8499
-0.00824,4.8505
-0.016327,4.8544
-0.006714,4.8547
-0.011597,4.8596
-0.021057,4.8599
-0.018921,4.8648
-0.018768,4.8691
-0.011292,4.8697
-0.009003,4.8743
-0.00412,4.8737
-0.001678,4.8795
-0.017853,4.8792
-0.077209,4.8837
-0.03891,4.8846
0.252228,4.8889
0.984039,4.8892
0.857544,4.8941
0.08728,4.8932
-0.381927,4.8984
-0.422974,4.899
-0.266113,4.9033
-0.137482,4.9036
-0.094299,4.9088
-0.067291,4.9081
-0.052948,4.9139
-0.041809,4.9136
-0.030975,4.9182
-0.020905,4.9185
-0.013428,4.9188
-0.001831,4.9234
0.010529,4.9231
0.018158,4.928
0.025024,4.9277
0.035706,4.928
0.044556,4.9283
0.056763,4.9335
0.0737,4.9332
0.093384,4.9332
0.117035,4.9329
0.138855,4.9286
0.159607,4.928
0.171661,4.9277
0.171661,4.9274
0.162811,4.9231
0.118561,4.9207
0.042419,4.9188
-0.044708,4.9136
-0.118561,4.913
-0.16983,4.9091
-0.201569,4.9033
-0.211792,4.8987
-0.207062,4.8947
-0.19577,4.8944
-0.17746,4.8889
-0.160522,4.8849
-0.140839,4.8792
-0.123596,4.8737
-0.106659,4.8697
-0.092316,4.8694
-0.082397,4.8648
-0.069885,4.8596
-0.062256,4.855
-0.053101,4.8547
-0.045776,4.8505
-0.040588,4.8456
-0.035706,4.845
-0.033264,4.8413
-0.028534,4.8401
-0.028534,4.8352
-0.025787,4.8361
-0.026245,4.8364
-0.026093,4.8306
-0.023499,4.8309
-0.021362,4.8306
-0.014343,4.8254
-0.013733,4.8251
-0.012207,4.8257
-0.009003,4.8254
-0.006561,4.8257
-0.001526,4.8264
-0.001373,4.8248
0.000916,4.8257
0.003357,4.826
0.005798,4.8306
0.008087,4.8303
0.005646,4.8306
0.00824,4.8303
0.010681,4.8352
0.013123,4.8358
0.012817,4.8358
0.015564,4.8395
0.013275,4.8401
0.015411,4.8404
0.013123,4.8453
0.01297,4.8453
0.013123,4.845
0.010529,4.8502
0.010529,4.8502
0.010223,4.8553
0.01297,4.855
0.020599,4.8547
0.037994,4.8602
0.064392,4.8599
0.054474,4.8648
0.076447,4.8645
0.049744,4.8639
0.006104,4.8697
-0.013428,4.8697
-0.014038,4.874
-0.016327,4.8746
-0.026093,4.8746
-0.028839,4.8792
-0.026093,4.8788
-0.018616,4.8795
-0.016327,4.8843
-0.012207,4.8837
-0.00885,4.8849
-0.01297,4.8889
-0.079651,4.8886
-0.085297,4.8889
0.115509,4.8938
0.762329,4.8932
1.034546,4.8993
0.296631,4.8987
-0.290222,4.899
-0.451202,4.9039
-0.332794,4.903
-0.173492,4.9084
-0.109406,4.9081
-0.07843,4.9133
-0.06012,4.9179
-0.045166,4.9179
-0.0354,4.9231
-0.023804,4.9271
-0.014343,4.9332
-0.003815,4.9384
0.003815,4.9426
0.012817,4.9475
0.020447,4.953
0.027466,4.9573
0.037689,4.9625
0.046844,4.971
0.064545,4.9768
0.080719,4.982
0.102539,4.9915
0.127258,4.9963
0.145264,5.0015
0.157166,5.011
0.167389,5.0159
0.164032,5.0208
0.132599,5.0305
0.069885,5.0354
-0.010681,5.0406
-0.089874,5.05
-0.148468,5.0549
-0.182495,5.0647
-0.199585,5.0693
-0.202179,5.0784
-0.193176,5.0836
-0.178375,5.0931
-0.163422,5.0977
-0.14801,5.108
-0.126801,5.1172
-0.109406,5.123
-0.099335,5.1318
-0.09201,5.1419
-0.079956,5.152
-0.065918,5.1617
-0.06012,5.1712
-0.055695,5.1855
-0.047913,5.1959
-0.04303,5.206
-0.037994,5.2182
-0.033417,5.2298
-0.030975,5.2441
-0.02655,5.2542
-0.02121,5.2692
-0.019073,5.2832
-0.018616,5.2975
-0.016174,5.311
-0.016632,5.325
-0.016327,5.3415
-0.014038,5.3561
-0.009003,5.3711
-0.006561,5.386
-0.003967,5.4037
-0.003815,5.4205
0.000916,5.4349
0.00351,5.4541
0.007935,5.4691
0.003662,5.4877
0.000916,5.5035
0.003357,5.5219
0.005646,5.5396
0.008087,5.5566
0.013123,5.5756
0.012665,5.5951
0.01297,5.6155
0.012817,5.6339
0.013123,5.6519
0.013123,5.6717
0.017853,5.6915
0.023041,5.7104
0.039368,5.7297
0.05188,5.7474
0.049438,5.7663
0.06424,5.7864
0.035248,5.806
-0.001221,5.8255
-0.011292,5.8441
-0.003967,5.8646
-0.009003,5.8829
-0.018768,5.9009
-0.020905,5.9183
-0.014191,5.9375
-0.013733,5.9549
-0.011597,5.9708
-0.004272,5.9912
-0.004272,6.0059
-0.018616,6.0251
-0.079193,6.04
-0.043335,6.0583
0.220184,6.0742
0.908661,6.0889
0.800934,6.1063
0.199585,6.1224
-0.275574,6.1374
-0.436859,6.1523
-0.334778,6.1676
-0.179596,6.1813
-0.104828,6.1948
-0.077515,6.2082
-0.057373,6.2204
-0.038452,6.235
-0.028687,6.2494
-0.020599,6.2598
-0.011902,6.2741
-0.006409,6.2842
-0.001831,6.2961
0.005188,6.3086
0.013885,6.3187
0.020294,6.3275
0.027771,6.3382
0.037231,6.3477
0.050049,6.3568
0.063934,6.366
0.078278,6.3721
0.101471,6.3809
0.122375,6.3861
0.132751,6.3956
0.13504,6.4014
0.131836,6.4059
0.103149,6.4111
0.049591,6.4154
-0.019379,6.4212
-0.079803,6.4246
-0.128784,6.4301
-0.155029,6.4349
-0.162506,6.4346
-0.159912,6.4398
-0.148621,6.4453
-0.13916,6.4493
-0.124207,6.4493
-0.113525,6.4545
-0.097198,6.4554
-0.087128,6.4587
-0.077362,6.4624
-0.067139,6.4642
-0.058441,6.4691
-0.050354,6.4694
-0.045776,6.4737
-0.043182,6.4743
-0.040588,6.4792
-0.033875,6.4828
-0.030823,6.4835
-0.023956,6.4883
-0.023651,6.4932
-0.020447,6.4941
-0.018463,6.4981
-0.018616,6.503
-0.018463,6.506
-0.013885,6.5088
-0.013885,6.5137
-0.011444,6.5189
-0.006561,6.5231
-0.005798,6.5231
-0.005493,6.5277
-0.001373,6.5323
0.001068,6.5381
0.003052,6.5427
0.003815,6.5466
0.008087,6.5479
0.005798,6.5518
0.003204,6.5573
0.005951,6.5622
0.005798,6.5665
0.008698,6.5717
0.017548,6.5747
0.035706,6.5771
0.046997,6.582
0.046539,6.5863
0.066681,6.5921
0.03006,6.5964
-0.006561,6.6016
-0.016785,6.6013
-0.007019,6.6061
-0.013123,6.6104
-0.02121,6.6156
-0.022888,6.6205
-0.016327,6.626
-0.013733,6.6302
-0.010529,6.6333
-0.009003,6.6354
-0.003967,6.6394
-0.028534,6.6446
-0.069427,6.6495
0.001373,6.6547
0.315094,6.6592
0.975342,6.6644
0.711823,6.6669
0.113678,6.6693
-0.322266,6.6748
-0.424194,6.6797
-0.298767,6.6846
-0.157776,6.6888
-0.101471,6.6931
-0.067749,6.6934
-0.050812,6.6983
-0.0383,6.7035
-0.031433,6.7078
-0.02121,6.7142
-0.011292,6.7133
-0.003967,6.7181
0.003204,6.7233
0.013275,6.7285
0.023041,6.7279
0.029755,6.7331
0.040436,6.7374
0.050354,6.738
0.064392,6.7422
0.079956,6.7432
0.101471,6.7474
0.123749,6.7471
0.136871,6.7496
0.142517,6.7529
0.144653,6.7517
0.135651,6.7529
0.098114,6.7572
0.031891,6.7572
-0.041656,6.7572
-0.105133,6.7572
-0.145416,6.7569
-0.167236,6.7575
-0.175018,6.7575
-0.169373,6.7572
-0.15564,6.7575
-0.140839,6.7566
-0.124054,6.7572
-0.110626,6.7569
-0.094757,6.7566
-0.080261,6.7572
-0.075073,6.7578
-0.067444,6.7529
-0.060272,6.7523
-0.052795,6.7523
-0.048218,6.7523
-0.04303,6.7526
-0.040741,6.7517
-0.035858,6.7523
-0.033569,6.7474
-0.028839,6.7474
-0.02594,6.7471
-0.023956,6.748
-0.023651,6.7477
-0.018921,6.7471
-0.018616,6.7474
-0.016327,6.7477
-0.016479,6.7426
-0.014038,6.7429
-0.011292,6.7426
-0.009308,6.7416
-0.006409,6.7432
-0.006256,6.7429
-0.003967,6.7422
-0.001221,6.7422
-0.001526,6.7422
0.003357,6.7422
0.005798,6.7426
0.003204,6.7432
0.007629,6.7435
0.017853,6.7422
0.047302,6.7422
0.056458,6.7429
0.050354,6.7416
0.058289,6.7419
0.017395,6.7432
-0.00946,6.7422
-0.01358,6.7422
-0.001526,6.7383
-0.006256,6.7371
-0.013885,6.738
-0.018463,6.7377
-0.011292,6.7383
-0.009003,6.7377
-0.007019,6.7383
-0.001526,6.738
-0.001221,6.7377
-0.023651,6.7377
-0.069122,6.7386
0.002441,6.7374
0.302887,6.7374
0.989685,6.7322
0.754852,6.7325
0.067596,6.7325
-0.366058,6.7334
-0.426483,6.7331
-0.28244,6.7325
-0.143585,6.7276
-0.091248,6.7273
-0.06546,6.7282
-0.047455,6.7279
-0.035706,6.723
-0.021362,6.7236
-0.013885,6.723
-0.005951,6.7227
0.005646,6.7184
0.01297,6.7181
0.022888,6.716
0.03006,6.7136
0.03952,6.7133
0.051727,6.7081
0.066071,6.7081
0.085907,6.7032
0.106354,6.6989
0.1297,6.6986
0.149841,6.6937
0.166931,6.6882
0.177307,6.6846
0.174561,6.6788
0.150299,6.6739
0.100708,6.6647
0.021973,6.6592
-0.065155,6.6516
-0.137482,6.6455
-0.185699,6.6357
-0.207977,6.6306
-0.212097,6.6199
-0.207062,6.6113
-0.194702,6.6037
-0.179596,6.5964
-0.160828,6.586
-0.14267,6.5759
-0.124359,6.5674
-0.109406,6.5576
-0.095825,6.5475
-0.082397,6.5375
-0.070648,6.528
-0.062561,6.5182
-0.055237,6.5085
-0.048218,6.4984
-0.041199,6.4883
-0.038147,6.4789
-0.033417,6.4679
-0.028687,6.4594
-0.031128,6.4496
-0.028687,6.4401
-0.024109,6.4307
-0.021362,6.4203
-0.021057,6.4105
-0.016327,6.4008
-0.014038,6.3907
-0.011444,6.3818
-0.006714,6.3724
-0.003662,6.3623
-0.001831,6.3528
-0.001678,6.3446
0.001831,6.3373
0.002289,6.3278
0.000916,6.3187
0.005646,6.3086
0.007782,6.2991
0.008087,6.2897
0.010681,6.2848
0.010529,6.2744
0.010986,6.2646
0.01297,6.2546
0.013123,6.2451
0.014038,6.2372
0.020294,6.2305
0.034332,6.2207
0.064392,6.2106
0.059509,6.2012
0.066223,6.1917
0.053864,6.1865
0.006256,6.1765
-0.01709,6.1661
-0.016479,6.1578
-0.011139,6.1475
-0.02121,6.1377
-0.028229,6.1285
-0.025787,6.1206
-0.021057,6.1136
-0.015259,6.1032
-0.009155,6.0938
-0.006561,6.084
-0.00412,6.0742
-0.046692,6.0638
-0.066986,6.0547
0.068665,6.0452
0.536804,6.0352
1.111145,6.0263
0.508881,6.0202
-0.18158,6.0114
-0.451813,6.001
-0.372314,5.9912
-0.206146,5.9863
-0.118561,5.9772
-0.084229,5.9671
-0.063171,5.961
-0.048828,5.9521
-0.038452,5.9433
-0.026703,5.9375
-0.018005,5.9277
-0.009308,5.9219
0.001678,5.9131
0.015106,5.9058
0.02533,5.8987
0.035248,5.8887
0.044403,5.8838
0.05661,5.8737
0.072327,5.864
0.090027,5.8548
0.111237,5.8426
0.135498,5.8304
0.157013,5.8203
0.173035,5.8057
0.179138,5.7959
0.171814,5.7819
0.142059,5.7669
0.078888,5.7535
-0.007324,5.7394
-0.089417,5.7251
-0.157166,5.7126
-0.199432,5.6985
-0.218964,5.6839
-0.220795,5.6693
-0.212097,5.6546
-0.197754,5.6396
-0.180817,5.6256
-0.163574,5.6158
-0.14389,5.6003
-0.126801,5.5865
-0.108185,5.5765
-0.093384,5.5624
-0.079803,5.5518
-0.067596,5.5392
-0.057983,5.5273
-0.050507,5.5176
-0.045929,5.5081
-0.040436,5.498
-0.036163,5.4889
-0.028381,5.4819
-0.025787,5.4742
-0.02533,5.4636
-0.023651,5.4596
-0.022888,5.4495
-0.018768,5.4443
-0.016479,5.4401
-0.013885,5.43
-0.013428,5.4251
-0.011292,5.4202
-0.011597,5.4153
-0.008698,5.4108
-0.006561,5.4108
-0.006561,5.4053
-0.004272,5.4007
-0.00412,5.3986
-0.001678,5.3952
0.003357,5.3906
0.00412,5.3903
0.008087,5.3906
0.00824,5.3857
0.010376,5.3867
0.010681,5.387
0.007935,5.3812
0.01297,5.3815
0.012817,5.3809
0.022888,5.3812
0.049896,5.3815
0.070801,5.3821
0.056915,5.3766
0.06897,5.3769
0.036926,5.3757
-0.001221,5.3766
-0.01358,5.3766
-0.009155,5.3763
-0.011444,5.3757
-0.022278,5.376
-0.023651,5.3763
-0.018616,5.376
-0.015869,5.3815
-0.00885,5.3812
-0.00412,5.3815
-0.001678,5.3809
-0.021667,5.3815
-0.081635,5.3815
-0.03418,5.3818
0.268707,5.3815
0.998688,5.3815
0.852051,5.3809
0.071259,5.3809
-0.396881,5.3815
-0.423584,5.3815
-0.260773,5.3812
-0.137329,5.386
-0.093231,5.3864
-0.07019,5.386
-0.055389,5.3815
-0.042419,5.3809
-0.031738,5.3815
-0.018616,5.3818
-0.006714,5.3815
0.001068,5.3815
0.010223,5.3815
0.020294,5.3815
0.03006,5.3815
0.039825,5.3763
0.049744,5.3772
0.062408,5.3717
0.078735,5.3662
0.098114,5.3622
0.121155,5.3516
0.142212,5.3418
0.15686,5.3317
0.16449,5.3226
0.16922,5.3094
0.157471,5.2982
0.107727,5.2844
0.032043,5.2744
-0.052185,5.2597
-0.124359,5.2448
-0.173645,5.2295
-0.201569,5.2158
-0.211639,5.2008
-0.207062,5.1865
-0.194855,5.1727
-0.180511,5.1575
-0.162201,5.1443
-0.141602,5.1318
-0.124054,5.1175
-0.108185,5.1047
-0.092163,5.0934
-0.080261,5.0793
-0.069122,5.0699
-0.057831,5.0601
-0.050659,5.0504
-0.048218,5.0378
-0.039673,5.0284
-0.035706,5.0211
-0.031128,5.011
-0.026093,5.0015
-0.023499,4.9966
-0.02121,4.9869
-0.023804,4.9817
-0.020142,4.9725
-0.018768,4.9673
-0.016785,4.9625
-0.016479,4.9573
-0.016174,4.953
-0.015411,4.9475
-0.011139,4.9481
-0.009155,4.9423
-0.00885,4.9405
-0.00412,4.9384
-0.00412,4.9384
0.000763,4.9332
0.00351,4.9332
0.00351,4.9335
0.006104,4.9329
0.008087,4.9335
0.010681,4.928
0.010529,4.928
0.010529,4.9283
0.013123,4.9332
0.010529,4.9329
0.010681,4.9332
0.021362,4.9332
0.036163,4.9332
0.061798,4.9332
0.056915,4.9332
0.063477,4.9335
0.056305,4.9353
0.007782,4.938
-0.017395,4.938
-0.01358,4.9377
-0.009003,4.9377
-0.018311,4.938
-0.026093,4.9396
-0.025024,4.9426
-0.02121,4.9426
-0.011749,4.9429
-0.00885,4.9423
-0.006561,4.9435
-0.007629,4.9454
-0.055847,4.9481
-0.087128,4.9475
0.03952,4.9478
0.552216,4.9472
1.120758,4.9481
0.500641,4.95
-0.174408,4.9533
-0.442657,4.9518
-0.373383,4.9521
-0.202484,4.9527
-0.115662,4.9524
-0.08255,4.9521
-0.061035,4.9524
-0.046387,4.957
-0.036011,4.9567
-0.026093,4.9573
-0.016632,4.9576
-0.009003,4.957
0.00061,4.9576
0.010681,4.9573
0.020752,4.957
0.028229,4.9576
0.037689,4.9576
0.046997,4.957
0.062256,4.9579
0.078888,4.9573
0.099792,4.9579
0.124359,4.9521
0.145111,4.9524
0.158539,4.9475
0.166016,4.9475
0.166321,4.9426
0.140533,4.9374
0.084991,4.9344
-0.001373,4.9295
-0.081329,4.9228
-0.142822,4.9176
-0.180054,4.9048
-0.199432,4.8938
-0.200195,4.8804
-0.190735,4.8685
-0.177765,4.8517
-0.160828,4.8358
-0.145874,4.8209
-0.130768,4.8029
-0.115051,4.787
-0.107269,4.7678
-0.082245,4.7519
-0.07309,4.7333
-0.064697,4.718
-0.057678,4.6991
-0.048218,4.6841
-0.040588,4.6661
-0.035706,4.6497
-0.030975,4.6347
-0.028076,4.621
-0.028534,4.6057
-0.02594,4.5911
-0.02121,4.5773
-0.018921,4.567
-0.018616,4.5529
-0.014191,4.5428
-0.011292,4.5316
-0.011444,4.52
-0.008698,4.5102
-0.004425,4.5026
-0.006561,4.494
-0.001831,4.4836
0.001068,4.48
0.000763,4.4693
0.003204,4.4647
0.005493,4.4595
0.008545,4.4559
0.008087,4.4498
0.008087,4.4452
0.00824,4.44
0.010681,4.44
0.010681,4.4351
0.012665,4.4348
0.01236,4.4305
0.016022,4.4305
0.025787,4.4263
0.051727,4.4257
0.054932,4.4263
0.046844,4.426
0.058899,4.4257
0.021057,4.4257
-0.01297,4.4254
-0.018616,4.4257
-0.011444,4.4254
-0.0177,4.4302
-0.02594,4.4305
-0.028534,4.4312
-0.02121,4.4305
-0.016479,4.4354
-0.009003,4.4354
-0.00351,4.436
-0.001831,4.4406
-0.03479,4.4406
-0.084686,4.444
-0.017242,4.4452
0.38147,4.4449
1.10199,4.4507
0.679016,4.4501
-0.038452,4.4543
-0.416107,4.455
-0.406494,4.4547
-0.240479,4.4604
-0.131531,4.4595
-0.092926,4.4641
-0.06958,4.4647
-0.05127,4.4641
-0.038147,4.4693
-0.028381,4.4696
-0.016479,4.4696
-0.006561,4.4699
-0.001221,4.4745
0.010681,4.4739
0.018158,4.4751
0.029907,4.4751
0.037537,4.4742
0.048981,4.4742
0.061951,4.4736
0.081787,4.4742
0.101471,4.4742
0.123138,4.4696
0.141602,4.4696
0.159607,4.4647
0.169678,4.4608
0.171509,4.4595
0.153046,4.4547
0.098419,4.4498
0.021057,4.4455
-0.065002,4.4403
-0.130768,4.4308
-0.172729,4.426
-0.19455,4.4205
-0.19989,4.4156
-0.193024,4.4113
-0.179596,4.4025
-0.165253,4.3967
-0.145721,4.3912
-0.128632,4.3866
-0.113678,4.3817
-0.097504,4.3759
-0.085754,4.3671
-0.074615,4.3622
-0.065308,4.3576
-0.06012,4.3524
-0.050659,4.3478
-0.048218,4.3472
-0.045471,4.3423
-0.040588,4.3381
-0.035706,4.3332
-0.028534,4.3286
-0.028534,4.328
-0.02594,4.3225
-0.026093,4.3195
-0.018463,4.3176
-0.016479,4.3134
-0.016327,4.3134
-0.014191,4.3079
-0.011444,4.3088
-0.008698,4.3085
-0.003967,4.3027
0.000763,4.3036
0.001068,4.3042
0.001221,4.2978
0.003204,4.2987
0.005646,4.2987
0.008392,4.2978
0.008087,4.2993
0.010529,4.299
0.012817,4.2981
0.01297,4.2978
0.013733,4.2987
0.01297,4.2981
0.015259,4.299
0.01297,4.2987
0.013123,4.2987
0.006561,4.2984
0.013123,4.2987
0.012817,4.2984
0.019989,4.2993
0.027618,4.299
0.054169,4.299
0.059509,4.299
0.049896,4.3039
0.061035,4.3036
0.022278,4.3036
-0.007019,4.3039
-0.014343,4.3039
-0.007019,4.3088
-0.011902,4.3085
-0.023041,4.3082
-0.021515,4.3127
-0.013885,4.3127
-0.014343,4.3134
-0.003967,4.3182
-0.001678,4.3231
0.000763,4.3231
-0.018616,4.3274
-0.083008,4.3326
-0.06012,4.3384
0.222321,4.343
0.966187,4.3484
0.850525,4.357
0.115051,4.3628
-0.362091,4.3719
-0.437317,4.382
-0.290527,4.3906
-0.150452,4.4012
-0.099487,4.411
-0.07309,4.4202
-0.055847,4.4302
-0.04303,4.4437
-0.035706,4.4553
-0.026093,4.469
-0.016327,4.4806
-0.010986,4.494
-0.001984,4.5087
0.007782,4.5227
0.018463,4.5377
0.029907,4.552
0.037384,4.5673
0.049286,4.5813
0.065918,4.5972
0.084229,4.614
0.106049,4.6301
0.128326,4.6454
0.147247,4.6597
0.161743,4.6738
0.164948,4.689
0.155182,4.7043
0.115662,4.7208
0.047302,4.7379
-0.033569,4.7525
-0.106659,4.7662
-0.15625,4.7815
-0.1828,4.7971
-0.194855,4.8151
-0.187531,4.8303
-0.177765,4.8453
-0.167542,4.8602
-0.153809,4.8743
-0.137939,4.8889
-0.12085,4.9045
-0.106201,4.9191
-0.089874,4.9359
-0.081787,4.9512
-0.069885,4.9664
-0.063019,4.9811
-0.055237,4.9963
-0.046082,5.0113
-0.037994,5.0293
-0.036163,5.0446
-0.033722,5.0598
-0.030975,5.0781
-0.02655,5.0934
-0.023651,5.1114
-0.02121,5.1273
-0.018921,5.1459
-0.018768,5.1617
-0.015869,5.1807
-0.018616,5.1968
-0.016174,5.2158
-0.01358,5.2344
-0.008545,5.2499
-0.006256,5.2692
-0.00412,5.2881
-0.00412,5.3079
-0.003967,5.3259
-0.001678,5.3421
0.000916,5.3619
0.000916,5.3809
0.000916,5.3986
0.003204,5.4163
0.005493,5.4346
0.005646,5.4544
0.005493,5.4736
0.005798,5.4919
0.005798,5.509
0.009003,5.5273
0.018005,5.5466
0.032043,5.5661
0.049438,5.585
0.037537,5.6015
0.058594,5.621
0.037384,5.6396
-0.004883,5.6589
-0.021057,5.679
-0.005951,5.6982
0.000763,5.7175
-0.010681,5.737
-0.018616,5.7553
-0.014038,5.7721
-0.009003,5.791
-0.006256,5.8112
-0.005188,5.8298
0.002899,5.8481
-0.003815,5.8649
-0.070343,5.8832
-0.064392,5.903
0.124054,5.918
0.748444,5.9375
0.925446,5.9561
0.340881,5.9717
-0.178528,5.9909
-0.426941,6.0059
-0.366058,6.0239
-0.213623,6.04
-0.123749,6.0538
-0.08194,6.0693
-0.062103,6.087
-0.044556,6.102
-0.034027,6.1176
-0.024109,6.1325
-0.018921,6.1469
-0.008698,6.1615
0.000763,6.1752
0.007629,6.1862
0.015564,6.2009
0.018005,6.2155
0.027466,6.2259
0.037079,6.2399
0.047607,6.2491
0.063477,6.2607
0.080872,6.2741
0.101013,6.2842
0.117188,6.2933
0.127563,6.3037
0.13504,6.3126
0.130005,6.3181
0.107727,6.3281
0.05661,6.3379
-0.010986,6.3422
-0.074768,6.3519
-0.119171,6.3574
-0.146484,6.3611
-0.155487,6.3715
-0.15564,6.3766
-0.150909,6.3812
-0.13916,6.3861
-0.125732,6.391
-0.1091,6.3959
-0.097046,6.4005
-0.083923,6.4059
-0.072021,6.4108
-0.059967,6.4157
-0.057678,6.4209
-0.048218,6.4212
-0.043335,6.4249
-0.0383,6.4297
-0.038147,6.4349
-0.035858,6.4395
-0.033417,6.4395
-0.030823,6.445
-0.028381,6.4499
-0.023651,6.4542
-0.021362,6.4578
-0.018616,6.4594
-0.020905,6.4639
-0.016479,6.47
-0.011139,6.474
-0.009003,6.4786
-0.011444,6.4798
-0.006409,6.4838
-0.004272,6.489
-0.003967,6.4935
-0.003815,6.4984
-0.003815,6.503
0.0,6.5088
0.007629,6.5131
0.027466,6.5186
0.042725,6.5234
0.039673,6.5274
0.05188,6.5329
0.029907,6.5372
-0.008698,6.5421
-0.018768,6.5469
-0.00412,6.5524
-0.003967,6.557
-0.009003,6.5619
-0.013733,6.5662
-0.013885,6.5723
-0.010376,6.5762
-0.003967,6.5817
0.003357,6.5866
0.003357,6.5918
0.000153,6.5955
-0.050354,6.6006
-0.059357,6.6064
0.070953,6.6113
0.527496,6.6159
1.003113,6.6205
0.503998,6.626
-0.051727,6.6299
-0.393677,6.6348
-0.392456,6.6397
-0.244141,6.6446
-0.13092,6.6507
-0.0914,6.6541
-0.069122,6.6599
-0.055695,6.6647
-0.04364,6.6693
-0.026398,6.6742
-0.018921,6.6788
-0.01297,6.684
-0.001678,6.6882
0.005646,6.6916
0.015564,6.6943
0.023041,6.6986
0.025177,6.7038
0.039825,6.7084
0.050354,6.7139
0.065002,6.7139
0.083313,6.7181
0.096741,6.7227
0.118866,6.7236
0.13031,6.7276
0.132294,6.7273
0.132446,6.7331
0.110931,6.7328
0.06012,6.7328
-0.004272,6.7377
-0.06897,6.7374
-0.121918,6.7377
-0.149384,6.738
-0.167542,6.7422
-0.167694,6.7432
-0.155182,6.7429
-0.141144,6.7422
-0.128937,6.7422
-0.113831,6.7422
-0.098572,6.7426
-0.083923,6.7422
-0.070038,6.7432
-0.058136,6.7426
-0.053101,6.7471
-0.049286,6.7471
-0.040894,6.748
-0.036011,6.7474
-0.035706,6.7471
-0.033722,6.7468
-0.030823,6.7474
-0.028534,6.7474
-0.028534,6.7471
-0.02594,6.7465
-0.023499,6.7471
-0.023651,6.7471
-0.016174,6.7468
-0.016327,6.752
-0.013885,6.752
-0.015411,6.7523
-0.011292,6.752
-0.011444,6.7529
-0.006256,6.7523
-0.009003,6.7526
-0.000763,6.7523
-0.001526,6.7517
-0.000763,6.7517
0.005188,6.7523
0.017395,6.752
0.041809,6.7569
0.045013,6.7578
0.049438,6.7572
0.044708,6.7569
0.007782,6.7572
-0.016785,6.7584
-0.015411,6.7575
-0.003967,6.7578
-0.009766,6.7569
-0.016174,6.7615
-0.016632,6.7627
-0.011444,6.7621
-0.005646,6.7621
-0.001373,6.7624
0.000458,6.7615
0.001068,6.7618
-0.009308,6.7618
-0.062561,6.7621
-0.014343,6.7664
0.20874,6.7667
0.653534,6.7667
0.719147,6.7664
0.13031,6.7661
-0.290527,6.7676
-0.424652,6.7667
-0.313263,6.767
-0.164185,6.767
-0.09903,6.7715
-0.068054,6.7712
-0.050354,6.7715
-0.037994,6.7715
-0.028687,6.7715
-0.018311,6.7722
-0.010071,6.7715
-0.001678,6.7722
0.012512,6.7719
0.015564,6.7715
0.023193,6.7712
0.030518,6.7715
0.039673,6.7719
0.052795,6.7725
0.071106,6.7719
0.098114,6.7719
0.112762,6.7688
0.128784,6.7667
0.143433,6.7667
0.144958,6.7676
0.144958,6.7618
0.128021,6.763
0.081024,6.7621
0.011597,6.7578
-0.061951,6.7572
-0.121765,6.7523
-0.166321,6.7529
-0.182648,6.7474
-0.185089,6.7474
-0.182648,6.7432
-0.165558,6.7432
-0.149536,6.7377
-0.13382,6.7331
-0.118256,6.7334
-0.102234,6.7273
-0.088654,6.7285
-0.074768,6.7224
-0.06546,6.7184
-0.052948,6.7184
-0.047302,6.7133
-0.043488,6.7133
-0.036011,6.7084
-0.030975,6.709
-0.026093,6.7032
-0.02594,6.7029
-0.023651,6.6986
-0.023804,6.698
-0.019836,6.6934
-0.018616,6.6928
-0.018616,6.6888
-0.018616,6.6885
-0.018616,6.684
-0.018768,6.6846
-0.016327,6.6843
-0.013733,6.6791
-0.011139,6.6791
-0.007782,6.6742
-0.006714,6.6742
-0.002899,6.6748
0.000916,6.6693
0.003357,6.6699
0.000458,6.6693
0.000916,6.6656
0.002899,6.6641
0.005646,6.6647
0.005798,6.6641
0.008087,6.6599
0.008087,6.6595
0.010834,6.6592
0.013123,6.6556
0.018005,6.6541
0.043182,6.6544
0.059204,6.6547
0.05661,6.6501
0.066986,6.6498
0.034332,6.647
-0.003815,6.6449
-0.018616,6.6455
-0.003204,6.6397
-0.006104,6.6394
-0.014038,6.6354
-0.019073,6.6345
-0.016327,6.6309
-0.01358,6.6306
-0.013885,6.6254
-0.011444,6.6211
-0.005341,6.6205
-0.003967,6.6153
-0.027924,6.6107
-0.057983,6.6055
0.038147,6.6052
0.385437,6.6006
1.044006,6.5964
0.617523,6.5918
-0.075073,6.5866
-0.421753,6.5811
-0.392914,6.5738
-0.230713,6.5665
-0.117188,6.5622
-0.075226,6.5564
-0.054474,6.5472
-0.040894,6.5424
-0.031128,6.5332
-0.021362,6.5277
-0.010376,6.517
0.000916,6.5131
0.012665,6.5027
0.020447,6.4935
0.028992,6.4844
0.037689,6.4746
0.046844,6.4651
0.059357,6.4548
0.072327,6.4453
0.091858,6.4349
0.11261,6.4249
0.137177,6.4111
0.154724,6.4005
0.164337,6.3864
0.169525,6.3721
0.162048,6.3614
0.137024,6.3477
0.080872,6.333
-0.00061,6.3177
-0.08606,6.2994
-0.15625,6.2842
-0.196991,6.2689
-0.214386,6.254
-0.219116,6.2357
-0.213623,6.221
-0.202179,6.2051
-0.185242,6.1865
-0.167999,6.1719
-0.151215,6.156
-0.133514,6.1389
-0.116882,6.123
-0.095825,6.1072
-0.078125,6.0938
-0.06546,6.0788
-0.056763,6.0641
-0.045929,6.0501
-0.038147,6.0358
-0.033417,6.0245
-0.033417,6.0107
-0.028687,5.9979
-0.028534,5.9854
-0.028229,5.976
-0.025635,5.9641
-0.023804,5.9521
-0.02121,5.9418
-0.021515,5.9329
-0.016327,5.9225
-0.016327,5.9137
-0.016174,5.9073
-0.013885,5.8984
-0.011444,5.8881
-0.011444,5.8835
-0.011139,5.8743
-0.007782,5.8691
-0.004272,5.8588
-0.00412,5.8545
-0.001373,5.8502
-0.001831,5.8405
0.000763,5.834
0.003357,5.8295
0.005493,5.8249
0.00824,5.8206
0.010681,5.8154
0.010834,5.8109
0.01297,5.8051
0.01297,5.8002
0.012817,5.7962
0.010529,5.7901
0.013275,5.7855
0.011749,5.7782
0.010376,5.7715
0.01297,5.7666
0.013123,5.7611
0.015564,5.7568
0.015717,5.752
0.015564,5.7474
0.015411,5.7419
0.017853,5.737
0.022736,5.733
0.047913,5.7272
0.061798,5.7224
0.049438,5.7181
0.058136,5.7141
0.019684,5.7126
-0.01358,5.7083
-0.022736,5.7034
-0.007782,5.6973
-0.011444,5.6958
-0.02243,5.6934
-0.028687,5.6885
-0.023804,5.6836
-0.02121,5.6839
-0.013885,5.679
-0.009003,5.676
-0.00824,5.6741
-0.006714,5.6693
-0.042419,5.6686
-0.063934,5.665
0.053101,5.6638
0.478363,5.6592
1.091003,5.6595
0.517883,5.6546
-0.182953,5.6546
-0.452423,5.6494
-0.374756,5.6494
-0.205231,5.6448
-0.120544,5.6445
-0.083618,5.64
-0.064087,5.6393
-0.045776,5.6342
-0.031433,5.6302
-0.02121,5.6293
-0.011292,5.6256
-0.00412,5.621
0.008087,5.6207
0.018158,5.6155
0.027008,5.61
0.03479,5.6104
0.03952,5.6052
0.059357,5.6006
0.076141,5.5911
0.093689,5.5859
0.115356,5.5762
0.137787,5.5667
0.157776,5.5576
0.173798,5.5475
0.179138,5.5368
0.174408,5.528
0.146484,5.5142
0.089264,5.5029
0.006409,5.4926
-0.079193,5.4791
-0.148773,5.4657
-0.19577,5.4544
-0.217743,5.4398
-0.226288,5.4297
-0.215607,5.4153
-0.202484,5.4053
-0.190125,5.3928
-0.171967,5.3818
-0.150146,5.3711
-0.130005,5.3568
-0.112915,5.3473
-0.095062,5.3372
-0.077667,5.3268
-0.062866,5.3143
-0.053253,5.3049
-0.045929,5.2954
-0.038605,5.2881
-0.035858,5.278
-0.030823,5.2689
-0.026093,5.264
-0.02594,5.2545
-0.023651,5.2496
-0.026245,5.2402
-0.026245,5.2347
-0.026093,5.2298
-0.023804,5.2258
-0.020905,5.2203
-0.018768,5.2151
-0.016479,5.21
-0.014038,5.206
-0.016327,5.2026
-0.011139,5.2011
-0.006866,5.1956
-0.004425,5.1953
-0.001984,5.1904
0.003204,5.1907
0.003052,5.1868
0.003204,5.1862
0.00824,5.1868
0.006256,5.1862
0.010529,5.1813
0.008392,5.1804
0.007935,5.1813
0.010376,5.181
0.010529,5.1816
0.012817,5.1822
0.010834,5.1813
0.01297,5.1807
0.01297,5.1813
0.010681,5.181
0.010681,5.1813
0.012817,5.1816
0.013123,5.1807
0.013275,5.1813
0.015564,5.1807
0.015564,5.1859
0.013123,5.1859
0.013275,5.1859
0.010376,5.1862
0.015411,5.1865
0.027466,5.1852
0.054321,5.1859
0.053253,5.1917
0.046997,5.1907
0.049896,5.1907
0.006866,5.1904
-0.016327,5.1907
-0.016327,5.191
-0.009003,5.1965
-0.014038,5.1953
-0.021362,5.1959
-0.021362,5.1962
-0.021057,5.1959
-0.016327,5.1956
-0.012817,5.2014
-0.009003,5.2008
-0.006409,5.2008
-0.013428,5.2005
-0.071259,5.2011
-0.058289,5.2005
0.152435,5.206
0.791931,5.2057
0.980835,5.2051
0.217285,5.206
-0.337219,5.206
-0.445862,5.2054
-0.310822,5.206
-0.158844,5.2103
-0.098572,5.21
-0.07309,5.2109
-0.054169,5.2109
-0.038147,5.2106
-0.028534,5.2106
-0.016327,5.2103
-0.003204,5.2106
0.005798,5.2097
0.013123,5.21
0.025024,5.2103
0.034943,5.2112
0.040588,5.2106
0.053101,5.2106
0.063782,5.2103
0.077515,5.2075
0.09552,5.2057
0.116425,5.2054
0.139771,5.2008
0.156708,5.2008
0.174255,5.1962
0.174255,5.191
0.158691,5.1859
0.105896,5.181
0.028229,5.1709
-0.057678,5.1614
-0.13092,5.1474
-0.186005,5.1376
-0.216675,5.1227
-0.22644,5.1074
-0.226593,5.0937
-0.212097,5.079
-0.192413,5.065
-0.17395,5.0504
-0.156097,5.0354
-0.136414,5.0208
-0.118103,5.0061
-0.103149,4.9908
-0.089722,4.9774
-0.077667,4.9625
-0.067444,4.9481
-0.055542,4.938
-0.048523,4.9231
-0.044708,4.9133
-0.036163,4.8993
-0.031128,4.8895
-0.028687,4.8788
-0.028534,4.8694
-0.02594,4.8596
-0.025787,4.8505
-0.025787,4.8401
-0.023804,4.8297
-0.023499,4.8254
-0.018768,4.8163
-0.016327,4.8114
-0.010986,4.8062
-0.011597,4.801
-0.009155,4.7964
-0.006256,4.7913
-0.003662,4.7867
-0.001526,4.7824
-0.001678,4.7824
-0.001526,4.7766
0.00061,4.7769
0.005951,4.7723
0.005951,4.7723
0.005951,4.772
0.00946,4.7717
0.010681,4.7723
0.013275,4.772
0.015564,4.7714
0.015259,4.7717
0.013123,4.7723
0.015411,4.7717
0.015869,4.7714
0.01297,4.7723
0.013123,4.7769
0.015411,4.7766
0.015411,4.7772
0.020447,4.7821
0.020752,4.7815
0.018005,4.7818
0.018005,4.787
0.015259,4.7864
0.018158,4.7919
0.018005,4.7916
0.015259,4.7964
0.017548,4.7968
0.015259,4.8013
0.018005,4.8022
0.025177,4.8056
0.05249,4.8062
0.05722,4.8114
0.046844,4.8117
0.056915,4.8154
0.014343,4.816
-0.013885,4.8212
-0.016632,4.8209
-0.011597,4.8257
-0.016479,4.8257
-0.023956,4.83
-0.028534,4.8306
-0.023499,4.8358
-0.018463,4.8361
-0.018463,4.8392
-0.011597,4.841
-0.009003,4.841
-0.019684,4.8453
-0.081024,4.8453
-0.063477,4.8456
0.176392,4.8499
0.871429,4.8502
0.942993,4.8499
0.17334,4.855
-0.355682,4.8544
-0.454102,4.8547
-0.313416,4.8593
-0.161285,4.8602
-0.098267,4.8599
-0.072784,4.8599
-0.054169,4.8642
-0.039368,4.8648
-0.028839,4.8642
-0.023499,4.8642
-0.011444,4.8651
-0.00061,4.8694
0.009308,4.8691
0.020142,4.8691
0.028839,4.87
0.037384,4.8694
0.043335,4.87
0.056763,4.8697
0.071259,4.87
0.088043,4.8697
0.107727,4.8694
0.131226,4.8688
0.149231,4.8645
0.165405,4.8639
0.174255,4.8639
0.169373,4.8599
0.13916,4.8557
0.076752,4.8547
-0.00885,4.8502
-0.094147,4.8459
-0.158844,4.841
-0.200958,4.8355
-0.223694,4.8325
-0.223999,4.8303
-0.214539,4.8254
-0.19989,4.8215
-0.1828,4.8166
-0.16098,4.8105
-0.143585,4.8065
-0.126648,4.8013
-0.109406,4.7961
-0.092163,4.7913
-0.079956,4.787
-0.068817,4.7818
-0.060272,4.7821
-0.053253,4.7763
-0.043488,4.7745
-0.036011,4.7723
-0.033112,4.7726
-0.030975,4.7668
-0.028534,4.7675
-0.028687,4.7665
-0.02594,4.7675
-0.023499,4.7668
-0.018616,4.7678
-0.019073,4.7672
-0.018768,4.7672
-0.011597,4.772
-0.011292,4.7723
-0.007019,4.7766
-0.003815,4.7772
-0.006409,4.7815
-0.00412,4.7867
0.000763,4.7916
-0.001831,4.7961
-0.001831,4.801
0.000916,4.8099
0.000916,4.816
0.003052,4.8251
0.005646,4.8303
0.008087,4.8401
0.010529,4.8505
0.010834,4.8593
0.013275,4.8697
0.015564,4.8795
0.015411,4.8889
0.015106,4.8984
0.015564,4.9133
0.016632,4.9237
0.015564,4.9335
0.018005,4.9478
0.018005,4.9573
0.016022,4.9716
0.015259,4.982
0.017853,4.996
0.017853,5.0058
0.018005,5.0208
0.018005,5.0348
0.015411,5.0449
0.016632,5.0601
0.020294,5.0735
0.019531,5.0836
0.014343,5.0986
0.019379,5.1117
0.025177,5.1233
0.051575,5.1367
0.044556,5.1514
0.051727,5.1657
0.050507,5.1764
0.009308,5.191
-0.016327,5.2057
-0.012512,5.2182
-0.011139,5.2304
-0.02243,5.2444
-0.026093,5.2588
-0.02594,5.2713
-0.023346,5.2832
-0.018463,5.2985
-0.01358,5.3125
-0.011292,5.3226
-0.011444,5.3369
-0.045776,5.3516
-0.089417,5.3659
-0.008392,5.376
0.411224,5.3909
1.072083,5.4056
0.611877,5.4205
-0.043182,5.4346
-0.414429,5.4474
-0.42099,5.4596
-0.265045,5.4736
-0.139923,5.4886
-0.09079,5.5035
-0.065308,5.5176
-0.051727,5.5328
-0.04303,5.5463
-0.028534,5.5618
-0.018921,5.5768
-0.011444,5.5933
-0.001221,5.6104
0.005951,5.625
0.012817,5.6403
0.019531,5.6567
0.032654,5.6738
0.043488,5.6885
0.054169,5.7031
0.072479,5.7175
0.089722,5.7333
0.112,5.7474
0.132446,5.7626
0.148315,5.7758
0.154419,5.791
0.154419,5.8041
0.131073,5.8157
0.080109,5.8301
0.008545,5.8395
-0.070038,5.8545
-0.129852,5.8643
-0.174103,5.874
-0.192719,5.8859
-0.197296,5.8978
-0.189819,5.9082
-0.177917,5.9177
-0.158386,5.9268
-0.141907,5.9326
-0.126495,5.9424
-0.111542,5.9525
-0.099335,5.9619
-0.089569,5.9668
-0.077209,5.9769
-0.06546,5.9866
-0.057831,5.9912
-0.052795,6.0013
-0.045776,6.0095
-0.04303,6.015
-0.04303,6.0257
-0.031281,6.0309
-0.030823,6.0397
-0.025635,6.0498
-0.026245,6.055
-0.028534,6.0651
-0.023499,6.0742
-0.02121,6.0791
-0.018616,6.0886
-0.018768,6.0983
-0.013885,6.1035
-0.015259,6.1127
-0.00885,6.123
-0.009003,6.1279
-0.006561,6.138
-0.006561,6.1472
-0.004272,6.1551
-0.001831,6.1618
0.000763,6.1716
-0.001526,6.1807
0.00351,6.1865
0.006104,6.1951
0.00824,6.2061
0.005646,6.2155
0.009918,6.2207
0.015717,6.2305
0.012817,6.2396
0.018005,6.2503
0.016022,6.2576
0.015564,6.264
0.015869,6.2744
0.015717,6.2842
0.015259,6.2924
0.010529,6.2988
0.010834,6.3083
0.013275,6.3184
0.015411,6.3235
0.022736,6.3324
0.044556,6.3412
0.040894,6.3477
0.028992,6.3565
0.037842,6.3641
0.006409,6.3715
-0.011749,6.3815
-0.004272,6.387
0.000763,6.3956
-0.003967,6.4011
-0.011292,6.4108
-0.009003,6.4182
-0.004425,6.4252
-0.006409,6.4346
-0.001678,6.4407
0.000916,6.4496
0.003204,6.4551
-0.02243,6.4642
-0.067749,6.4688
0.002289,6.4792
0.319824,6.4835
0.993958,6.4941
0.725098,6.499
0.114288,6.5082
-0.322876,6.5125
-0.428467,6.5179
-0.304108,6.5274
-0.162964,6.5332
-0.109558,6.5405
-0.07843,6.5475
-0.057983,6.5521
-0.04303,6.5573
-0.036011,6.5665
-0.029297,6.5723
-0.023804,6.5762
-0.013733,6.586
-0.006256,6.5918
-0.001526,6.5961
0.010834,6.6016
0.017853,6.6064
0.023956,6.611
0.037537,6.615
0.050964,6.6217
0.066528,6.6257
0.083618,6.6309
0.106964,6.6345
0.122375,6.64
0.132294,6.6434
0.134888,6.6455
0.127258,6.6498
0.099487,6.6507
0.044403,6.6547
-0.022583,6.6577
-0.087585,6.6592
-0.135803,6.6602
-0.16449,6.6638
-0.175476,6.6641
-0.173187,6.6693
-0.167847,6.6702
-0.151978,6.6696
-0.133667,6.6742
-0.119019,6.6742
-0.102844,6.6739
-0.088348,6.6797
-0.080109,6.6797
-0.067596,6.6797
-0.060272,6.6837
-0.053711,6.684
-0.050964,6.6843
-0.050507,6.6888
-0.045471,6.6885
-0.038452,6.6934
-0.036926,6.6937
-0.033569,6.6943
-0.026093,6.6992
-0.023804,6.6986
-0.021057,6.7035
-0.020905,6.7035
-0.018921,6.7084
-0.014954,6.7081
-0.011139,6.7133
-0.009155,6.7133
-0.00412,6.7178
-0.004272,6.7178
-0.001831,6.7236
-0.001678,6.723
0.001831,6.7279
0.000916,6.7282
0.007477,6.7322
0.005646,6.7325
0.010529,6.7374
0.010376,6.7401
0.010834,6.7429
0.010681,6.748
0.010834,6.748
0.010529,6.7523
0.017853,6.7529
0.026703,6.7578
0.050964,6.7569
0.052948,6.7624
0.05188,6.7673
0.061493,6.7667
0.018921,6.7722
-0.011444,6.7715
-0.012207,6.7767
0.001068,6.7764
-0.011444,6.7813
-0.016022,6.7813
-0.016479,6.7825
-0.013733,6.7871
-0.006561,6.7865
-0.001678,6.792
0.003052,6.7911
0.000916,6.7969
-0.030365,6.7969
-0.060425,6.7957
0.031433,6.8005
0.389252,6.8018
1.02356,6.8008
0.632477,6.8008
0.018768,6.806
-0.367126,6.8057
-0.407104,6.806
-0.226898,6.8063
-0.144196,6.806
-0.08316,6.8066
-0.058594,6.806
-0.046234,6.81
-0.031281,6.8109
-0.024719,6.8115
-0.015869,6.8106
-0.006561,6.8109
-0.001221,6.8109
0.010376,6.8109
0.017853,6.8106
0.022125,6.806
0.031891,6.8069
0.044403,6.8066
0.059052,6.8057
0.074005,6.8063
0.092468,6.8011
0.111847,6.8005
0.132446,6.8015
0.151367,6.7963
0.157166,6.7963
0.15686,6.792
0.138245,6.7911
0.092926,6.7865
0.022278,6.7862
-0.056152,6.7813
-0.119781,6.7761
-0.167084,6.7767
-0.194397,6.7722
-0.202179,6.767
-0.196991,6.7627
-0.184631,6.7621
-0.169067,6.7572
-0.148621,6.752
-0.131226,6.748
-0.116272,6.7471
-0.100708,6.7432
-0.087128,6.738
-0.077209,6.7377
-0.063629,6.7331
-0.054016,6.7288
-0.050507,6.7252
-0.043945,6.723
-0.038452,6.7184
-0.033722,6.7184
-0.028381,6.7139
-0.023804,6.709
-0.021057,6.7087
-0.018311,6.7041
-0.019073,6.7035
-0.018921,6.6989
-0.018616,6.6949
-0.01358,6.6946
-0.011749,6.6882
-0.011597,6.6888
-0.006561,6.6837
-0.004272,6.684
-0.004272,6.6791
-0.001526,6.6791
-0.001984,6.6739
0.00061,6.6742
0.003357,6.669
0.00061,6.6699
0.000458,6.665
0.003204,6.6641
0.005951,6.6589
0.005646,6.6602
0.003204,6.6547
0.003204,6.6507
0.003204,6.6504
0.005646,6.6443
0.00824,6.6449
0.010681,6.6403
0.017853,6.6351
0.032043,6.6342
0.059357,6.6299
0.054016,6.6257
0.072937,6.6199
0.052643,6.6156
0.008545,6.6113
-0.011292,6.6107
-0.00885,6.6058
-0.006409,6.601
-0.018158,6.5964
-0.02594,6.5918
-0.02182,6.5857
-0.02121,6.5814
-0.016174,6.5762
-0.013885,6.5717
-0.009155,6.5674
-0.015869,6.5582
-0.072327,6.5527
-0.032196,6.5472
0.212555,6.5424
0.860291,6.5375
0.914001,6.5323
0.175018,6.5286
-0.334778,6.5189
-0.449066,6.5131
-0.316467,6.5082
-0.16449,6.5005
-0.097504,6.4938
-0.072479,6.4883
-0.052948,6.4801
-0.039062,6.4743
-0.028381,6.4642
-0.01709,6.4557
-0.006561,6.4493
0.005646,6.4407
0.015717,6.4304
0.023041,6.4252
0.034332,6.4154
0.042267,6.4059
0.052338,6.3959
0.065765,6.3867
0.083618,6.377
0.103302,6.3629
0.124512,6.3522
0.149536,6.3403
0.166779,6.3275
0.176697,6.3132
0.176392,6.2988
0.160065,6.2851
0.12085,6.2698
0.052338,6.2546
-0.032806,6.2402
-0.115051,6.2256
-0.174561,6.2057
-0.211182,6.1911
-0.22644,6.1734
-0.226593,6.1575
-0.215149,6.142
-0.199585,6.1249
-0.183411,6.1078
-0.163727,6.0944
-0.144501,6.0791
-0.12619,6.0614
-0.107422,6.0452
-0.090332,6.0309
-0.077209,6.0156
-0.065002,6.0019
-0.052948,5.9872
-0.045624,5.9772
-0.038452,5.9622
-0.033875,5.9476
-0.031128,5.9375
-0.028687,5.9235
-0.02594,5.9134
-0.026398,5.9012
-0.028076,5.8884
-0.026245,5.8786
-0.023651,5.8698
-0.02121,5.8594
-0.018768,5.8499
-0.018768,5.8398
-0.016479,5.834
-0.013885,5.8258
-0.011139,5.8154
-0.00885,5.8105
-0.009155,5.8008
-0.00885,5.7959
-0.006561,5.7858
-0.001373,5.7812
0.000916,5.7758
0.000916,5.7663
0.003357,5.7617
0.005646,5.7568
0.010681,5.7526
0.010529,5.7431
0.010529,5.7376
0.013123,5.7327
0.010681,5.7272
0.013275,5.7217
0.015564,5.7175
0.015869,5.7132
0.015411,5.704
0.018005,5.6982
0.02533,5.6937
0.049744,5.6885
0.06897,5.6839
0.066681,5.6793
0.08606,5.6744
0.052185,5.6689
0.007782,5.6647
-0.011292,5.6598
-0.004272,5.6543
-0.011292,5.6497
-0.019073,5.6448
-0.023499,5.6396
-0.018463,5.6351
-0.016785,5.6296
-0.013885,5.6241
-0.00885,5.6204
-0.006409,5.6158
-0.025635,5.6107
-0.074921,5.6052
-0.017395,5.6006
0.29892,5.596
1.021576,5.5911
0.776672,5.5865
0.006866,5.5807
-0.418091,5.5756
-0.421448,5.571
-0.257416,5.5713
-0.134583,5.5667
-0.090179,5.5615
-0.067902,5.5566
-0.052643,5.5527
-0.03891,5.5472
-0.029144,5.542
-0.020752,5.538
-0.009155,5.5374
0.000305,5.5325
0.013275,5.5276
0.019836,5.5231
0.030823,5.5182
0.039673,5.5124
0.048981,5.5026
0.064087,5.4977
0.080109,5.4886
0.10376,5.4788
0.126953,5.4688
0.149841,5.459
0.16922,5.4449
0.179138,5.4352
0.174255,5.4199
0.150146,5.4062
0.096741,5.3915
0.015564,5.3784
-0.069122,5.3644
-0.140228,5.3494
-0.191803,5.3348
-0.218964,5.3195
-0.226898,5.3052
-0.222015,5.2911
-0.209198,5.2762
-0.190582,5.2612
-0.169983,5.2496
-0.150146,5.235
-0.130768,5.2206
-0.112305,5.2054
-0.09903,5.1962
-0.08316,5.181
-0.068512,5.1688
-0.062866,5.1566
-0.055389,5.1468
-0.045471,5.1373
-0.040588,5.1276
-0.035095,5.1181
-0.033264,5.108
-0.033569,5.1025
-0.028381,5.0928
-0.030975,5.0882
-0.03067,5.0845
-0.024109,5.0793
-0.021667,5.0793
-0.018768,5.0745
-0.016174,5.0742
-0.013885,5.0735
-0.01358,5.0748
-0.011902,5.0745
-0.011597,5.0748
-0.011444,5.0742
-0.00412,5.079
-0.003815,5.079
0.000916,5.0836
0.00351,5.0891
0.005951,5.0879
0.005646,5.0937
0.005646,5.0983
0.005798,5.1028
0.010681,5.1074
0.012665,5.1126
0.012817,5.1175
0.013123,5.123
0.016785,5.1276
0.018005,5.1318
0.022583,5.1373
0.034485,5.1443
0.066681,5.1517
0.066681,5.1562
0.066833,5.1617
0.06897,5.1666
0.023193,5.1709
-0.005951,5.1755
-0.013733,5.1807
-0.009308,5.1837
-0.02121,5.1865
-0.028687,5.1901
-0.023956,5.1959
-0.016785,5.2008
-0.013885,5.2054
-0.006561,5.209
-0.001831,5.2103
-0.003815,5.2148
-0.065002,5.22
-0.070496,5.2194
0.127258,5.2249
0.747833,5.2301
1.090393,5.2298
0.502472,5.2344
-0.181732,5.235
-0.453491,5.2393
-0.377502,5.2399
-0.202942,5.2444
-0.114594,5.2441
-0.076904,5.2496
-0.053558,5.2496
-0.038605,5.2539
-0.028534,5.2545
-0.019379,5.2542
-0.007172,5.2591
0.002594,5.2597
0.012512,5.2594
0.017853,5.264
0.028229,5.2646
0.037689,5.264
0.044708,5.2655
0.054932,5.2692
0.071259,5.2692
0.090637,5.2692
0.111084,5.2695
0.130615,5.2692
0.151367,5.2679
0.164337,5.2686
0.171814,5.2689
0.171814,5.2643
0.152435,5.264
0.096893,5.2643
0.016327,5.2591
-0.070038,5.2591
-0.14267,5.2545
-0.189667,5.2548
-0.21637,5.2493
-0.22644,5.2493
-0.219421,5.2441
-0.20401,5.2444
-0.183258,5.2393
-0.163574,5.2399
-0.14801,5.2344
-0.131378,5.2301
-0.113678,5.2249
-0.097198,5.2252
-0.084839,5.22
-0.074768,5.2151
-0.064545,5.2151
-0.055695,5.21
-0.04837,5.21
-0.045166,5.2054
-0.035858,5.2054
-0.033417,5.2051
-0.031128,5.2054
-0.028381,5.2051
-0.02655,5.206
-0.02655,5.2054
-0.021667,5.2103
-0.018768,5.2103
-0.013885,5.2145
-0.00885,5.2206
-0.008545,5.2252
-0.009003,5.2322
-0.006104,5.2386
-0.009155,5.2487
-0.006714,5.2545
-0.001984,5.2637
0.000763,5.2765
0.003052,5.2881
0.001068,5.2988
0.00351,5.3131
0.007477,5.3265
0.022583,5.3418
0.046387,5.3568
0.053711,5.3717
0.057068,5.3864
0.0737,5.4053
0.030212,5.4199
-0.008087,5.4398
-0.017853,5.4587
-0.006561,5.4767
-0.011902,5.4956
-0.018768,5.5127
-0.018311,5.5328
-0.013885,5.5545
-0.00885,5.5734
-0.001373,5.5951
0.003357,5.6158
0.005646,5.6351
-0.046082,5.654
-0.063324,5.6772
0.061188,5.6982
0.543671,5.7175
1.038971,5.7373
0.493622,5.7596
-0.091248,5.7806
-0.411987,5.7996
-0.393677,5.8212
-0.234833,5.8405
-0.126648,5.8597
-0.082703,5.8792
-0.05722,5.8975
-0.043182,5.9186
-0.031433,5.9372
-0.022888,5.9552
-0.013123,5.9717
-0.003815,5.9909
0.003204,6.0101
0.005798,6.0251
0.018463,6.0443
0.025024,6.059
0.032806,6.0742
0.037537,6.0895
0.046539,6.1038
0.068512,6.1179
0.083771,6.1328
0.10025,6.145
0.118408,6.1569
0.127869,6.167
0.137939,6.1816
0.140076,6.1914
0.124817,6.2018
0.074463,6.2109
0.012512,6.2201
-0.056,6.2274
-0.106964,6.2354
-0.142822,6.2448
-0.160217,6.2497
-0.162659,6.2592
-0.155487,6.2646
-0.148468,6.2686
-0.131378,6.2781
-0.116882,6.283
-0.104065,6.2881
-0.092316,6.2939
-0.082397,6.2988
-0.067749,6.3034
-0.062256,6.308
-0.052948,6.3129
-0.043793,6.3223
-0.038452,6.3278
-0.033264,6.3324
-0.030975,6.3379
-0.033417,6.3422
-0.026245,6.3467
-0.031128,6.3525
-0.026398,6.3568
-0.023499,6.3672
-0.021515,6.3708
-0.021362,6.376
-0.016327,6.3812
-0.01358,6.3864
-0.013123,6.3913
-0.006256,6.3983
-0.006409,6.4059
-0.001373,6.4102
-0.001373,6.4157
-0.001831,6.4209
-0.004272,6.4249
-0.001678,6.4343
0.00351,6.4404
0.005493,6.4447
0.014648,6.449
0.036926,6.4584
0.041809,6.4639
0.065002,6.4694
0.061798,6.4737
0.025482,6.4838
-0.00824,6.4883
-0.018921,6.4938
-0.003967,6.5042
-0.014191,6.5082
-0.018768,6.5131
-0.018616,6.5225
-0.016174,6.528
-0.011749,6.5372
-0.00412,6.543
-0.003815,6.5472
0.003204,6.5576
-0.018768,6.5625
-0.067596,6.5717
-0.00885,6.5771
0.250549,6.5851
0.904388,6.5921
0.784149,6.5991
0.188751,6.6064
-0.277863,6.6113
-0.424042,6.6202
-0.319061,6.6248
-0.172272,6.6348
-0.10376,6.64
-0.075378,6.6495
-0.059814,6.6547
-0.040131,6.665
-0.033417,6.6687
-0.028534,6.6791
-0.018768,6.6858
-0.00885,6.6943
-0.002136,6.7004
0.002899,6.7081
0.012512,6.7136
0.018158,6.7227
0.027771,6.7279
0.039825,6.7334
0.050201,6.7429
0.063782,6.7477
0.083466,6.7529
0.103302,6.7572
0.116119,6.7627
0.128021,6.7667
0.127716,6.7715
0.115051,6.7767
0.085907,6.7773
0.032959,6.7813
-0.033417,6.7871
-0.089722,6.7859
-0.128174,6.7914
-0.153046,6.7911
-0.15564,6.796
-0.15564,6.7963
-0.143585,6.8015
-0.133057,6.8002
-0.118256,6.8036
-0.106201,6.8069
-0.092621,6.8054
-0.079651,6.8069
-0.070496,6.8115
-0.061035,6.8115
-0.057678,6.8106
-0.050507,6.8152
-0.043488,6.8158
-0.04303,6.8155
-0.043182,6.8207
-0.040741,6.8207
-0.040741,6.8207
-0.033722,6.8253
-0.028381,6.8259
-0.023651,6.8256
-0.023651,6.8307
-0.02121,6.8311
-0.018768,6.835
-0.016174,6.835
-0.014038,6.8359
-0.00885,6.8399
-0.001984,6.8408
0.024872,6.8451
0.032501,6.8451
0.042877,6.8494
0.077057,6.8503
0.06897,6.8549
0.03006,6.8552
-0.00473,6.8594
-0.023193,6.8594
-0.02594,6.8643
-0.03418,6.8646
-0.037994,6.8701
-0.036316,6.8692
-0.031281,6.8741
-0.026245,6.8741
-0.02121,6.8796
-0.016327,6.8817
-0.011139,6.8845
-0.021515,6.8887
-0.070343,6.889
-0.017548,6.8936
0.210571,6.8939
0.848083,6.8991
0.836334,6.9031
0.228271,6.9034
-0.257111,6.9092
-0.421448,6.9089
-0.321045,6.9131
-0.175171,6.9141
-0.108795,6.918
-0.076904,6.9232
-0.057068,6.9235
-0.045013,6.9281
-0.028076,6.9281
-0.019073,6.933
-0.009003,6.9339
0.00061,6.9379
0.010071,6.9415
0.017548,6.9427
0.025177,6.9449
0.030212,6.9476
0.041962,6.9476
0.050201,6.9519
0.066681,6.9525
0.083466,6.9522
0.098114,6.9574
0.115509,6.9574
0.125275,6.9577
0.13031,6.9574
0.127869,6.9574
0.113678,6.9577
0.080414,6.9577
0.024261,6.9574
-0.043182,6.9571
-0.097504,6.9574
-0.137024,6.958
-0.157623,6.9574
-0.165253,6.9516
-0.153198,6.9522
-0.148621,6.9522
-0.131378,6.9519
-0.11673,6.9473
-0.103455,6.9473
-0.089722,6.947
-0.075073,6.944
-0.069427,6.9424
-0.055695,6.9427
-0.042725,6.9427
-0.040588,6.9376
-0.033264,6.9382
-0.033417,6.9382
-0.030975,6.9333
-0.030975,6.9327
-0.028534,6.9333
-0.026093,6.9287
-0.023804,6.9281
-0.023499,6.9275
-0.021057,6.9287
-0.023346,6.9238
-0.016022,6.9229
-0.01358,6.9229
-0.011292,6.9232
-0.011292,6.9238
-0.009003,6.918
-0.006714,6.918
0.013885,6.9183
0.035095,6.918
0.037079,6.918
0.070953,6.9189
0.079346,6.918
0.045166,6.9183
0.005493,6.9193
-0.023651,6.9135
-0.023499,6.9131
-0.035248,6.9144
-0.043182,6.9141
-0.040741,6.9135
-0.033722,6.9135
-0.028381,6.9128
-0.028534,6.9135
-0.020905,6.9135
-0.016327,6.9141
-0.01709,6.9189
-0.056,6.918
-0.042725,6.9177
0.112762,6.918
0.619507,6.918
0.992126,6.918
0.388794,6.9183
-0.166931,6.9183
-0.423431,6.9183
-0.354767,6.9183
-0.198212,6.9223
-0.111084,6.9229
-0.075226,6.9232
-0.053558,6.9226
-0.041351,6.9235
-0.029144,6.9229
-0.02121,6.9232
-0.008698,6.9235
-0.001526,6.9229
0.008392,6.9272
0.020142,6.9275
0.030212,6.9281
0.037537,6.9281
0.046997,6.9278
0.05661,6.9287
0.072479,6.9232
0.089417,6.9238
0.107574,6.9235
0.122528,6.9229
0.137177,6.9183
0.147095,6.918
0.144958,6.918
0.126953,6.9138
0.095215,6.9135
0.037384,6.9092
-0.03479,6.9086
-0.097198,6.9034
-0.146332,6.8988
-0.172577,6.8985
-0.181732,6.8942
-0.175171,6.8887
-0.162964,6.8869
-0.146332,6.8845
-0.131073,6.879
-0.116577,6.875
-0.10437,6.8726
-0.089874,6.8701
-0.077362,6.8646
-0.065155,6.8597
-0.06012,6.8573
-0.053253,6.8555
-0.045776,6.8497
-0.040894,6.8451
-0.034637,6.8454
-0.035706,6.8402
-0.035858,6.8362
-0.030823,6.835
-0.028839,6.8301
-0.02594,6.8259
-0.021057,6.8256
-0.02121,6.8207
-0.018616,6.821
-0.016174,6.8164
-0.016479,6.8118
-0.01358,6.8103
-0.00885,6.8069
-0.007782,6.806
-0.001526,6.806
-0.001526,6.8011
0.000916,6.8008
0.003357,6.7969
0.00351,6.796
0.003204,6.7969
0.003052,6.796
0.008087,6.7914
0.010681,6.7908
0.010681,6.7914
0.010529,6.7923
0.010834,6.7862
0.012817,6.7871
0.015717,6.7871
0.0177,6.7868
0.015411,6.7865
0.013123,6.7865
0.013123,6.7828
0.013275,6.7816
0.018005,6.7819
0.048065,6.7813
0.056915,6.7816
0.065002,6.777
0.083618,6.777
0.043793,6.7761
0.00473,6.7767
-0.016022,6.7709
-0.011597,6.7719
-0.020905,6.7719
-0.028229,6.7676
-0.030975,6.7673
-0.028381,6.7667
-0.023499,6.7624
-0.021362,6.7627
-0.016327,6.7615
-0.010529,6.7581
-0.01358,6.7569
-0.061035,6.7517
-0.047455,6.752
0.128174,6.7484
0.657043,6.7477
1.013031,6.7422
0.300446,6.7432
-0.287476,6.7377
-0.450439,6.7325
-0.330811,6.7285
-0.16922,6.7288
-0.098877,6.7227
-0.067596,6.7184
-0.050812,6.712
-0.037231,6.7047
-0.02533,6.6986
-0.016174,6.6943
-0.004425,6.6888
0.006866,6.6843
0.016785,6.6739
0.027924,6.6699
0.036163,6.662
0.041962,6.6544
0.055542,6.6446
0.07019,6.6382
0.085907,6.6309
0.10788,6.6211
0.127563,6.6104
0.148468,6.6016
0.166779,6.5909
0.174103,6.5778
0.174255,6.5677
0.15976,6.5576
0.121918,6.5424
0.050049,6.5323
-0.030365,6.5179
-0.107269,6.5033
-0.166168,6.4914
-0.2034,6.4783
-0.221558,6.4642
-0.219116,6.4499
-0.208282,6.4355
-0.197296,6.4221
-0.180511,6.4081
-0.158081,6.3965
-0.136261,6.3821
-0.118103,6.3666
-0.099335,6.3525
-0.087433,6.3409
-0.074921,6.3275
-0.060883,6.3129
-0.048065,6.3013
-0.040894,6.2885
-0.038452,6.2775
-0.033264,6.2637
-0.030518,6.2549
-0.033722,6.2415
-0.033417,6.2311
-0.033417,6.2198
-0.031281,6.2088
-0.028534,6.1969
-0.02594,6.1865
-0.026398,6.1768
-0.023804,6.1667
-0.021362,6.1566
-0.021057,6.1475
-0.018921,6.1368
-0.016327,6.1276
-0.013733,6.1179
-0.011292,6.1084
-0.006714,6.0986
-0.006561,6.0883
-0.004272,6.0785
-0.001526,6.0693
0.000916,6.0593
0.006104,6.0498
0.008545,6.0403
0.008087,6.0306
0.005798,6.0202
0.00824,6.0107
0.010834,6.0019
0.013428,5.9915
0.010681,5.9818
0.01297,5.9711
0.010529,5.9619
0.010681,5.9567
0.01297,5.9473
0.013123,5.9378
0.013885,5.9277
0.015564,5.9186
0.013123,5.9134
0.013428,5.9036
0.010529,5.8936
0.010986,5.8887
0.012512,5.8786
0.013275,5.8719
0.015411,5.8643
0.018005,5.8548
0.044403,5.8502
0.057373,5.8398
0.067291,5.8359
0.081329,5.8252
0.041656,5.82
0.004578,5.8105
-0.016174,5.8051
-0.013733,5.7959
-0.023041,5.7904
-0.032959,5.7812
-0.032959,5.7764
-0.030975,5.7678
-0.026093,5.762
-0.021515,5.7565
-0.016479,5.7474
-0.011444,5.7425
-0.011444,5.7376
-0.062103,5.7278
-0.069427,5.7224
0.090942,5.7175
0.611877,5.7129
1.075592,5.7059
0.379944,5.6982
-0.271454,5.6934
-0.452728,5.6894
-0.333252,5.683
-0.169373,5.6787
-0.098724,5.6738
-0.072479,5.6689
-0.054321,5.6644
-0.03891,5.6592
-0.026245,5.6552
-0.016327,5.6491
-0.006714,5.6421
0.003204,5.6357
0.013123,5.6296
0.025024,5.6253
0.034637,5.6201
0.039978,5.6155
0.049286,5.6055
0.060425,5.6012
0.075989,5.5917
0.095367,5.5811
0.119019,5.5713
0.143433,5.56
0.161438,5.5472
0.174408,5.5371
0.174408,5.5231
0.162354,5.5087
0.129089,5.498
0.071106,5.4828
-0.008392,5.4691
-0.091553,5.4572
-0.158844,5.4446
-0.200653,5.43
-0.222015,5.415
-0.223236,5.4016
-0.213318,5.3909
-0.202332,5.3766
-0.183716,5.3622
-0.164337,5.3516
-0.146179,5.3372
-0.125275,5.3275
-0.105438,5.3128
-0.089874,5.3024
-0.074921,5.2933
-0.065308,5.2829
-0.057831,5.2737
-0.050812,5.2637
-0.048065,5.2542
-0.042572,5.2438
-0.037689,5.2353
-0.038147,5.2298
-0.036163,5.2203
-0.033264,5.2151
-0.033112,5.2063
-0.030823,5.2008
-0.028687,5.1959
-0.023651,5.1904
-0.021057,5.1859
-0.016022,5.1813
-0.014191,5.1767
-0.013885,5.1718
-0.011292,5.1712
-0.010986,5.1663
-0.00885,5.1669
-0.00412,5.1614
-0.001678,5.1617
0.001068,5.1569
0.000763,5.1566
0.005951,5.1562
0.003357,5.1523
0.003357,5.152
0.005798,5.1523
0.007782,5.152
0.00824,5.1523
0.008087,5.1523
0.010529,5.1517
0.01297,5.1514
0.013123,5.152
0.014343,5.1514
0.015411,5.1523
0.015259,5.152
0.015564,5.1523
0.018005,5.1517
0.01709,5.1517
0.015717,5.1523
0.015869,5.1523
0.024109,5.152
0.038452,5.1523
0.06897,5.152
0.055695,5.1523
0.066223,5.1514
0.048523,5.1514
0.004272,5.1566
-0.016174,5.1569
-0.011444,5.1559
-0.006409,5.1566
-0.018616,5.1559
-0.026093,5.1569
-0.022583,5.1575
-0.018768,5.1569
-0.016479,5.1566
-0.014343,5.1569
-0.011139,5.1566
-0.010071,5.1562
-0.043793,5.1572
-0.079803,5.1572
0.02594,5.1569
0.448608,5.1562
1.114655,5.1572
0.5896,5.1572
-0.145111,5.1566
-0.449524,5.1562
-0.37796,5.1572
-0.207062,5.1566
-0.118256,5.1569
-0.081177,5.1572
-0.058136,5.1572
-0.043182,5.1566
-0.03067,5.1566
-0.021057,5.1566
-0.012665,5.1569
-0.00412,5.1562
0.008087,5.152
0.018005,5.1514
0.027313,5.1523
0.035095,5.1523
0.043335,5.152
0.056305,5.148
0.07019,5.1474
0.083771,5.1422
0.09964,5.1324
0.122528,5.126
0.146027,5.1135
0.15976,5.1035
0.169067,5.0888
0.164795,5.0751
0.143738,5.0601
0.092926,5.0452
0.015106,5.0262
-0.068207,5.0116
-0.137787,4.9918
-0.185699,4.975
-0.210571,4.957
-0.21698,4.9377
-0.209351,4.9207
-0.194855,4.9042
-0.177765,4.8859
-0.159454,4.87
-0.142059,4.8514
-0.124359,4.8358
-0.105591,4.8206
-0.090637,4.8047
-0.074921,4.7876
-0.070343,4.7748
-0.06073,4.7617
-0.055542,4.7479
-0.049286,4.7379
-0.043182,4.7232
-0.0383,4.7137
-0.035706,4.7034
-0.033417,4.6939
-0.033264,4.6851
-0.028534,4.6793
-0.023804,4.6707
-0.023499,4.6646
-0.02243,4.66
-0.02121,4.6555
-0.020905,4.6497
-0.016479,4.6454
-0.016174,4.6451
-0.009308,4.6405
-0.009155,4.6408
-0.006256,4.635
-0.003815,4.6356
-0.003967,4.6353
-0.002899,4.6356
-0.001984,4.6356
0.003357,4.6356
0.004272,4.6353
0.005951,4.6402
0.008087,4.6408
0.007782,4.6399
0.010529,4.6451
0.010986,4.6457
0.013275,4.6454
0.013123,4.65
0.015869,4.6497
0.013275,4.6542
0.015564,4.6594
0.015411,4.66
0.018005,4.664
0.027466,4.6646
0.057678,4.6704
0.064392,4.6747
0.058136,4.675
0.071564,4.6796
0.029297,4.6793
-0.003815,4.6844
-0.016479,4.6893
-0.009308,4.689
-0.016327,4.6933
-0.023956,4.6976
-0.023651,4.6988
-0.018616,4.7034
-0.014038,4.7043
-0.014038,4.7089
-0.009155,4.7089
-0.006561,4.7134
-0.030212,4.7131
-0.084534,4.7186
-0.017395,4.7186
0.353546,4.7232
1.082458,4.7229
0.727081,4.7278
-0.034027,4.7287
-0.428162,4.733
-0.414886,4.7327
-0.245209,4.7379
-0.135651,4.7379
-0.093384,4.7382
-0.067749,4.7427
-0.050812,4.743
-0.040894,4.7424
-0.028687,4.7473
-0.017853,4.7476
-0.006714,4.7473
0.000763,4.7482
0.010834,4.7525
0.020447,4.7528
0.02533,4.7525
0.037384,4.7528
0.049286,4.7525
0.059204,4.7519
0.073547,4.7528
0.095673,4.7519
0.119019,4.7473
0.140839,4.7467
0.156555,4.7424
0.166626,4.7427
0.168304,4.7379
0.15213,4.7327
0.107727,4.729
0.033875,4.7284
-0.052338,4.7232
-0.124359,4.7183
-0.176086,4.7134
-0.205536,4.7086
-0.216827,4.7021
-0.207062,4.6939
-0.194855,4.689
-0.180054,4.6844
-0.157013,4.679
-0.137787,4.675
-0.123749,4.6698
-0.109558,4.6649
-0.09491,4.6597
-0.08255,4.6545
-0.072632,4.6503
-0.06546,4.6484
-0.057983,4.6448
-0.050659,4.6408
-0.048065,4.6356
-0.040894,4.635
-0.037994,4.6307
-0.030975,4.6289
-0.02655,4.6249
-0.028687,4.6259
-0.026245,4.621
-0.023651,4.6201
-0.02121,4.6207
-0.013885,4.6161
-0.013733,4.6158
-0.013733,4.6158
-0.009003,4.6158
-0.006409,4.6155
-0.006409,4.6155
-0.00412,4.6158
-0.001373,4.6207
0.000763,4.6207
0.000763,4.621
0.006866,4.6228
0.008087,4.6252
0.010529,4.6255
0.010681,4.6304
0.012665,4.631
0.013123,4.6353
0.01297,4.6353
0.014343,4.6402
0.010529,4.6445
0.010681,4.6454
0.010529,4.6497
0.013428,4.6521
0.01297,4.6552
0.013123,4.66
0.013123,4.6643
0.013123,4.6646
0.013275,4.6692
0.018005,4.6747
0.022888,4.6747
0.041504,4.6796
0.064087,4.6838
0.049591,4.6866
0.066376,4.6884
0.039215,4.6945
-0.000458,4.6982
-0.015106,4.6991
-0.011749,4.7031
-0.013733,4.7079
-0.023499,4.7083
-0.026093,4.7131
-0.021515,4.7134
-0.018768,4.7186
-0.016327,4.7232
-0.014191,4.7226
-0.011444,4.7278
-0.019531,4.7321
-0.082703,4.733
-0.05188,4.7382
0.281677,4.7379
0.82077,4.7433
1.008759,4.7476
0.257874,4.7479
-0.3125,4.7522
-0.455322,4.7568
-0.328674,4.7623
-0.171356,4.7623
-0.10849,4.7665
-0.07843,4.7714
-0.059357,4.7766
-0.048065,4.7815
-0.0383,4.7864
-0.02594,4.7916
-0.014191,4.7968
-0.006561,4.8013
0.001068,4.8056
0.010681,4.8108
0.022888,4.816
0.032806,4.8206
0.039825,4.8254
0.050659,4.8346
0.069122,4.841
0.088654,4.8453
0.109406,4.8499
0.131531,4.8544
0.149841,4.8593
0.164337,4.8651
0.166473,4.8697
0.158539,4.8743
0.125732,4.8788
0.059967,4.8837
-0.008392,4.8889
-0.084381,4.8944
-0.144043,4.8987
-0.177155,4.9036
-0.19104,4.91
-0.19455,4.9182
-0.185089,4.9234
-0.172729,4.9295
-0.157928,4.9374
-0.138855,4.9466
-0.124512,4.9524
-0.109711,4.9628
-0.099487,4.9692
-0.087433,4.9771
-0.079956,4.9866
-0.072784,4.9963
-0.065002,5.0046
-0.057678,5.0134
-0.050354,5.0208
-0.045471,5.0311
-0.038147,5.0403
-0.033264,5.0519
-0.033264,5.0638
-0.028534,5.0739
-0.025787,5.083
-0.023499,5.0931
-0.019073,5.1065
-0.015869,5.1181
-0.013733,5.1279
-0.011139,5.1413
-0.00885,5.1517
-0.011749,5.1672
-0.008087,5.1782
-0.004425,5.1907
-0.00412,5.2057
-0.001526,5.2151
0.000763,5.2295
0.001068,5.2448
0.003052,5.2588
0.000763,5.2725
0.003357,5.2856
0.003357,5.2994
0.005493,5.3171
0.003204,5.3317
0.00824,5.347
0.005951,5.3619
0.005798,5.376
0.008392,5.3922
0.010529,5.4099
0.015869,5.4251
0.009766,5.4449
0.008087,5.4605
0.008392,5.4791
0.013275,5.4974
0.010681,5.5148
0.020447,5.5325
0.043945,5.5511
0.051727,5.5704
0.048065,5.5881
0.06073,5.6058
0.027008,5.6247
-0.004883,5.6436
-0.018616,5.6604
-0.006256,5.6781
-0.017548,5.6982
-0.029144,5.7162
-0.02121,5.7324
-0.016174,5.752
-0.011139,5.7684
-0.006256,5.7861
-0.002899,5.8044
-0.006409,5.8206
-0.039978,5.8362
-0.085449,5.8542
-0.024414,5.8691
0.323639,5.8881
0.999756,5.903
0.690308,5.9183
0.09552,5.936
-0.335693,5.9512
-0.434265,5.9662
-0.305634,5.9814
-0.179291,5.9958
-0.109406,6.011
-0.072479,6.0263
-0.053406,6.04
-0.040741,6.0544
-0.028687,6.0675
-0.019226,6.0791
-0.011902,6.0944
-0.004272,6.1084
0.003357,6.1179
0.010071,6.1319
0.017853,6.1429
0.020142,6.1523
0.030518,6.1664
0.039368,6.1761
0.054321,6.1865
0.066986,6.1954
0.086517,6.2054
0.105133,6.2131
0.124664,6.2207
0.137787,6.2302
0.137482,6.2354
0.130157,6.2448
0.102997,6.25
0.052032,6.2582
-0.017853,6.2637
-0.079803,6.2695
-0.128021,6.2738
-0.151215,6.279
-0.158081,6.2842
-0.15564,6.2885
-0.148773,6.2933
-0.141144,6.2994
-0.12207,6.304
-0.109406,6.3083
-0.099182,6.3138
-0.088959,6.3181
-0.084229,6.3229
-0.077515,6.3278
-0.069885,6.3324
-0.06073,6.337
-0.053101,6.3419
-0.045776,6.347
-0.04303,6.3525
-0.038452,6.3568
-0.034332,6.3623
-0.029297,6.3699
-0.026093,6.3745
-0.023956,6.3806
-0.020905,6.3873
-0.018616,6.3913
-0.018616,6.3959
-0.018616,6.4008
-0.012207,6.4066
-0.008698,6.4105
-0.006561,6.4154
-0.001831,6.4206
0.000916,6.4261
0.003357,6.4301
-0.001678,6.4349
0.003052,6.4398
0.000763,6.4444
0.005493,6.4493
0.008392,6.4539
0.005646,6.459
0.005951,6.4639
0.007782,6.4691
0.010681,6.4746
0.015717,6.4819
0.015564,6.4883
0.020294,6.4935
0.042267,6.4978
0.049286,6.5024
0.048828,6.5079
0.054016,6.5128
0.013733,6.5179
-0.011749,6.5228
-0.011902,6.5277
0.003204,6.5332
-0.005951,6.5381
-0.013733,6.543
-0.013733,6.5482
-0.016022,6.5518
-0.00412,6.557
-0.001678,6.5616
0.001068,6.5671
-0.001678,6.575
-0.030975,6.5811
-0.067139,6.5866
0.017548,6.5918
0.345306,6.5961
0.975647,6.6006
0.668945,6.6064
0.097504,6.6107
-0.322876,6.6162
-0.415802,6.6205
-0.289001,6.6251
-0.155945,6.6309
-0.097046,6.6348
-0.070496,6.6406
-0.050964,6.6455
-0.037537,6.6501
-0.028839,6.6556
-0.018768,6.6599
-0.011292,6.6641
-0.003967,6.6693
0.001068,6.6742
0.008087,6.6803
0.015411,6.6837
0.018463,6.6867
0.028076,6.6891
0.037079,6.6934
0.054932,6.6986
0.06958,6.6989
0.090332,6.7035
0.110779,6.7041
0.122223,6.7078
0.132294,6.7081
0.132446,6.7087
0.125427,6.7136
0.091095,6.713
0.033722,6.713
-0.033417,6.7133
-0.095825,6.7133
-0.138855,6.713
-0.161133,6.713
-0.170593,6.713
-0.162659,6.7139
-0.153656,6.7139
-0.141449,6.7133
-0.126648,6.7139
-0.111237,6.7093
-0.096588,6.7081
-0.089722,6.7084
-0.082703,6.7087
-0.069733,6.7084
-0.065002,6.7081
-0.057831,6.7032
-0.052795,6.7035
-0.047913,6.7029
-0.045319,6.7038
-0.037842,6.7035
-0.033417,6.7038
-0.030823,6.6992
-0.026703,6.698
-0.02121,6.6995
-0.02121,6.6983
-0.018616,6.6986
-0.016479,6.6986
-0.016327,6.6983
-0.013733,6.6986
-0.011139,6.6986
-0.008545,6.6992
-0.00412,6.6986
-0.006256,6.6995
-0.001221,6.6977
0.00061,6.698
-0.001678,6.6989
0.000763,6.698
0.003052,6.6983
0.003357,6.6989
0.010223,6.6983
0.022278,6.6986
0.045166,6.6992
0.049591,6.6989
0.048676,6.7035
0.056305,6.7035
0.013428,6.7035
-0.013428,6.7035
-0.016785,6.7041
-0.003815,6.7032
-0.009308,6.7084
-0.021362,6.709
-0.018616,6.7081
-0.013885,6.7081
-0.011139,6.7126
-0.006561,6.7136
-0.001373,6.7133
0.001221,6.713
-0.01358,6.7184
-0.065308,6.7181
-0.027466,6.7188
0.187988,6.7184
0.812988,6.7227
0.887146,6.7227
0.260162,6.7236
-0.241699,6.7233
-0.424194,6.7285
-0.335083,6.7276
-0.1828,6.7282
-0.107574,6.7276
-0.074768,6.7334
-0.055237,6.7322
-0.041351,6.7331
-0.028839,6.7319
-0.019684,6.7374
-0.00885,6.7377
-0.00351,6.7383
0.005646,6.7377
0.01297,6.7432
0.015564,6.7422
0.025024,6.7432
0.036926,6.7426
0.046082,6.7426
0.058746,6.7422
0.079193,6.7419
0.097961,6.7429
0.117798,6.7426
0.132599,6.7395
0.141907,6.738
0.142365,6.7374
0.129852,6.7377
0.100403,6.7328
0.041962,6.7331
-0.028839,6.7322
-0.094452,6.7276
-0.144043,6.7273
-0.174561,6.723
-0.182495,6.723
-0.178223,6.7178
-0.165863,6.7184
-0.15274,6.7133
-0.13443,6.709
-0.119171,6.7084
-0.104828,6.7032
-0.094147,6.7044
-0.080109,6.6986
-0.069885,6.6986
-0.062103,6.6943
-0.053101,6.6937
-0.050812,6.6891
-0.047913,6.6895
-0.043335,6.6837
-0.040283,6.6843
-0.033569,6.6788
-0.03067,6.6791
-0.03067,6.6748
-0.02594,6.6742
-0.023651,6.6739
-0.02182,6.6693
-0.018921,6.6696
-0.016174,6.6696
-0.016327,6.6647
-0.015717,6.6644
-0.011292,6.6644
-0.008698,6.6638
-0.006561,6.6599
-0.004272,6.6589
-0.000916,6.6589
0.000916,6.6592
0.003204,6.6592
0.00351,6.6544
0.005493,6.6547
0.005493,6.6547
0.005646,6.6544
0.010529,6.6547
0.022888,6.6544
0.042572,6.6544
0.054169,6.6547
0.052185,6.6504
0.061646,6.6501
0.030365,6.6507
-0.006104,6.6504
-0.018616,6.6495
-0.006104,6.6504
-0.005951,6.6504
-0.016327,6.6501
-0.018616,6.6501
-0.015869,6.6498
-0.013733,6.6501
-0.011444,6.6507
-0.006714,6.6504
-0.001526,6.6507
-0.003815,6.6498
-0.048676,6.6498
-0.059509,6.6498
0.076447,6.6455
0.54657,6.6452
1.050415,6.6446
0.464172,6.6455
-0.147705,6.6449
-0.426941,6.6446
-0.37323,6.6455
-0.211487,6.6397
-0.113983,6.6397
-0.074158,6.64
-0.048676,6.6354
-0.036163,6.6351
-0.026093,6.6357
-0.018616,6.6309
-0.006409,6.6302
0.003357,6.6254
0.01297,6.6251
0.021362,6.6205
0.030975,6.6162
0.037537,6.6162
0.04715,6.6107
0.058594,6.6068
0.071716,6.6003
0.093994,6.5961
0.115356,6.5912
0.134583,6.5811
0.151978,6.5765
0.16449,6.5714
0.16922,6.5619
0.157623,6.5543
0.125275,6.5472
0.063629,6.5372
-0.016785,6.5277
-0.095367,6.5186
-0.155792,6.5088
-0.192719,6.4993
-0.210876,6.4883
-0.211639,6.4792
-0.202332,6.4697
-0.179749,6.459
-0.16098,6.4496
-0.146332,6.4359
-0.130463,6.4249
-0.112,6.4163
-0.09613,6.4056
-0.08255,6.3922
-0.06958,6.3821
-0.060577,6.3715
-0.050659,6.3593
-0.045624,6.3477
-0.041046,6.3382
-0.0383,6.3281
-0.038147,6.3181
-0.033417,6.308
-0.033722,6.2958
-0.030823,6.2857
-0.026093,6.2744
-0.023956,6.2653
-0.023651,6.2549
-0.018463,6.246
-0.018768,6.2366
-0.018768,6.2265
-0.016174,6.218
-0.016327,6.2106
-0.010986,6.2012
-0.009003,6.1905
-0.006561,6.1816
-0.001984,6.1713
0.001068,6.1597
0.000763,6.1481
-0.001221,6.1374
0.000916,6.1276
0.001221,6.1182
0.003357,6.1084
0.005798,6.0962
0.008087,6.0843
0.008392,6.0739
0.008087,6.0638
0.012817,6.0516
0.01297,6.0403
0.015564,6.0306
0.015564,6.0199
0.01297,6.0074
0.013275,5.9955
0.0177,5.9863
0.023956,5.9769
0.05661,5.9671
0.064392,5.9567
0.060272,5.9451
0.06546,5.9348
0.0177,5.9247
-0.009613,5.9155
-0.015869,5.9058
-0.00885,5.8981
-0.014191,5.8884
-0.023651,5.8792
-0.023651,5.8691
-0.023499,5.8591
-0.016174,5.8499
-0.011139,5.8447
-0.006561,5.8356
-0.006561,5.8252
-0.01358,5.8157
-0.068359,5.8063
-0.042725,5.8005
0.17746,5.7907
0.807495,5.7809
0.970459,5.7761
0.202942,5.7663
-0.3508,5.759
-0.445404,5.752
-0.304565,5.7443
-0.157623,5.7373
-0.099182,5.7297
-0.072784,5.723
-0.057068,5.7147
-0.040741,5.7077
-0.028381,5.7001
-0.018158,5.6934
-0.005646,5.6854
0.008392,5.6787
0.018005,5.6693
0.02533,5.6644
0.03006,5.6543
0.036011,5.6497
0.043945,5.6403
0.056458,5.6308
0.077057,5.6207
0.099182,5.6064
0.120087,5.5957
0.140839,5.5829
0.157623,5.5713
0.169373,5.5569
0.171509,5.5441
0.157318,5.5325
0.120239,5.5176
0.05127,5.5029
-0.036621,5.4892
-0.116425,5.4736
-0.173035,5.4587
-0.205383,5.4437
-0.219269,5.4303
-0.217285,5.4153
-0.205994,5.4004
-0.190277,5.3864
-0.170441,5.3723
-0.153351,5.3586
-0.134125,5.3473
-0.114441,5.3323
-0.097504,5.3198
-0.084839,5.3085
-0.072327,5.2957
-0.062103,5.2835
-0.050964,5.2744
-0.045624,5.2637
-0.041046,5.2518
-0.036011,5.2423
-0.033417,5.2344
-0.03067,5.2249
-0.028534,5.2151
-0.023499,5.2081
-0.023651,5.2005
-0.023499,5.1932
-0.021667,5.1868
-0.021057,5.1816
-0.018005,5.1764
-0.013733,5.1712
-0.016174,5.1666
-0.011292,5.1614
-0.00885,5.1572
-0.006256,5.152
-0.003967,5.1471
-0.001678,5.1471
0.000916,5.1422
0.000763,5.1373
0.000763,5.1367
0.003204,5.1324
0.005951,5.1321
0.005646,5.1321
0.005798,5.1273
0.00824,5.1276
0.008087,5.1276
0.00824,5.1282
0.007935,5.1276
0.013123,5.1279
0.013123,5.1276
0.012817,5.1273
0.013275,5.1273
0.015564,5.1276
0.015869,5.1282
0.018005,5.1279
0.027313,5.1273
0.052032,5.127
0.070496,5.1276
0.054016,5.1273
0.066681,5.1273
0.029755,5.1279
-0.006256,5.1328
-0.016174,5.1315
-0.00885,5.1318
-0.012054,5.1324
-0.018921,5.1334
-0.021057,5.1324
-0.020294,5.137
-0.016327,5.137
-0.014038,5.1373
-0.00885,5.137
-0.006561,5.137
-0.00885,5.137
-0.07019,5.1419
-0.066223,5.1428
0.147858,5.1422
0.780945,5.1422
1.021729,5.1419
0.262909,5.1425
-0.320129,5.145
-0.441132,5.1474
-0.311127,5.1474
-0.156708,5.1471
-0.09903,5.1471
-0.072937,5.1471
-0.057983,5.1471
-0.045624,5.1474
-0.035248,5.1468
-0.023346,5.1477
-0.011444,5.148
-0.001678,5.1471
0.010223,5.1471
0.019073,5.1468
0.028687,5.1468
0.037689,5.1474
0.04715,5.1468
0.059204,5.1474
0.077362,5.1422
0.095673,5.1425
0.11261,5.1425
0.134888,5.1376
0.152435,5.1321
0.164337,5.1236
0.169373,5.1151
0.159912,5.1028
0.127258,5.0906
0.060272,5.0766
-0.022278,5.0601
-0.131378,5.0449
-0.168762,5.0262
-0.199585,5.0061
-0.214081,4.9872
-0.209351,4.9673
-0.200195,4.9475
-0.187378,4.9274
-0.172882,4.9088
-0.154877,4.8889
-0.134888,4.8697
-0.116882,4.8495
-0.101929,4.83
-0.086365,4.8108
-0.072327,4.7916
-0.062561,4.7748
-0.052185,4.7574
-0.046082,4.7427
-0.039673,4.7253
-0.033264,4.7095
-0.028534,4.6964
-0.02594,4.6835
-0.028687,4.6695
-0.028687,4.6597
-0.025787,4.6451
-0.023804,4.6353
-0.018616,4.6255
-0.016632,4.6161
-0.013885,4.6066
-0.011292,4.6011
-0.009155,4.5923
-0.006409,4.5865
-0.002899,4.5822
0.001068,4.5761
0.003357,4.5718
0.003357,4.567
0.003357,4.5636
0.005646,4.5624
0.008087,4.5575
0.007935,4.5569
0.007935,4.5572
0.00824,4.5578
0.008087,4.5523
0.00824,4.5523
0.010834,4.552
0.007782,4.5566
0.010986,4.5572
0.008087,4.5575
0.010223,4.5572
0.010834,4.5618
0.01297,4.5624
0.01297,4.5618
0.017548,4.5673
0.018005,4.5673
0.018158,4.5724
0.021667,4.5721
0.037079,4.5767
0.066376,4.5764
0.05722,4.5813
0.065002,4.5865
0.058746,4.5865
0.010986,4.5908
-0.01236,4.5923
-0.010376,4.5963
-0.006409,4.6014
-0.016174,4.6014
-0.023804,4.606
-0.02121,4.6063
-0.018768,4.6109
-0.013885,4.6158
-0.00885,4.6164
-0.006256,4.621
-0.006561,4.6252
-0.019531,4.6252
-0.081024,4.6298
-0.049744,4.6304
0.234833,4.6356
0.95871,4.6402
0.859833,4.6405
0.09903,4.6454
-0.379028,4.6448
-0.434265,4.65
-0.283051,4.6503
-0.148163,4.6548
-0.097351,4.6545
-0.071411,4.6594
-0.054474,4.6594
-0.040436,4.6625
-0.028839,4.6646
-0.019073,4.6649
-0.008698,4.6701
-0.000916,4.6692
0.008392,4.6695
0.018005,4.6747
0.027924,4.6741
0.035095,4.6747
0.04425,4.6747
0.056915,4.6744
0.074921,4.6744
0.086212,4.6738
0.11322,4.6741
0.136871,4.6719
0.15213,4.6698
0.161438,4.6698
0.164642,4.6646
0.153503,4.6597
0.111084,4.6545
0.042877,4.6552
-0.042419,4.6497
-0.115814,4.6457
-0.168457,4.6405
-0.19928,4.6359
-0.209808,4.6304
-0.207062,4.6259
-0.195007,4.6204
-0.180511,4.6158
-0.161896,4.6088
-0.146027,4.6024
-0.129242,4.5966
-0.114136,4.5917
-0.103455,4.5868
-0.092163,4.5819
-0.077362,4.5767
-0.06546,4.5743
-0.055389,4.5721
-0.050201,4.5667
-0.043182,4.563
-0.035706,4.5572
-0.032806,4.5569
-0.030823,4.5523
-0.028534,4.5477
-0.026398,4.5474
-0.023499,4.5422
-0.021362,4.5428
-0.018921,4.5383
-0.016479,4.538
-0.013885,4.5377
-0.013885,4.5377
-0.011292,4.5334
-0.009003,4.5331
-0.006714,4.5328
-0.003967,4.5328
-0.00412,4.5328
0.000916,4.5328
0.003052,4.5331
0.003662,4.5328
0.008087,4.5328
0.008087,4.5383
0.010376,4.538
0.014191,4.5377
0.013123,4.5377
0.010681,4.5425
0.013123,4.5428
0.012817,4.5425
0.012817,4.5477
0.015411,4.5477
0.013275,4.5526
0.013275,4.5523
0.015411,4.5523
0.015411,4.5575
0.018005,4.5563
0.014191,4.5618
0.013123,4.5624
0.01297,4.5621
0.015564,4.567
0.03006,4.5673
0.056458,4.5721
0.056458,4.5718
0.052795,4.5718
0.048523,4.5767
0.007172,4.577
-0.01358,4.5816
-0.015259,4.5819
-0.009155,4.5819
-0.017395,4.5865
-0.023956,4.5871
-0.021362,4.5871
-0.016479,4.5865
-0.011444,4.5917
-0.011597,4.5914
-0.007629,4.5914
-0.008545,4.5905
-0.047607,4.5914
-0.087128,4.5966
0.007629,4.5963
0.443115,4.5966
1.101685,4.5963
0.583649,4.5963
-0.112305,4.5963
-0.435791,4.5966
-0.39032,4.5959
-0.222015,4.5963
-0.123138,4.5966
-0.08606,4.5963
-0.062866,4.5966
-0.049438,4.5959
-0.035706,4.5956
-0.026093,4.5963
-0.016327,4.5963
-0.004272,4.5966
0.00351,4.5963
0.015564,4.5963
0.024109,4.5963
0.03006,4.5963
0.039825,4.5963
0.046844,4.5917
0.06012,4.5908
0.078583,4.5917
0.09964,4.5908
0.119781,4.5859
0.140686,4.5865
0.157166,4.5816
0.166473,4.5816
0.162201,4.5767
0.145874,4.5731
0.096283,4.5718
0.021057,4.5673
-0.063324,4.5667
-0.133972,4.5618
-0.189667,4.5615
-0.207062,4.5569
-0.20462,4.5566
-0.194855,4.5572
-0.182343,4.5517
-0.167999,4.5526
-0.149384,4.5523
-0.13031,4.5529
-0.115051,4.5526
-0.098572,4.5523
-0.086212,4.5569
-0.076141,4.5566
-0.065155,4.5621
-0.055084,4.5667
-0.050354,4.5691
-0.045624,4.5758
-0.040588,4.5819
-0.036011,4.5862
-0.033264,4.5956
-0.033264,4.6017
-0.028687,4.6112
-0.026093,4.6207
-0.020905,4.6301
-0.02121,4.6408
-0.021362,4.65
-0.021362,4.6591
-0.018768,4.6747
-0.013733,4.6838
-0.011749,4.6991
-0.011444,4.7128
-0.006714,4.7275
-0.009155,4.7418
-0.003662,4.758
0.003357,4.772
0.001221,4.7864
0.002899,4.8059
0.000916,4.8212
0.003204,4.8395
0.004272,4.855
0.005798,4.874
0.00824,4.8892
0.009613,4.9084
0.011597,4.9255
0.010986,4.9426
0.010834,4.9622
0.013275,4.9792
0.010986,4.996
0.01297,5.0153
0.018005,5.0302
0.015411,5.0494
0.018158,5.0665
0.015106,5.0836
0.018311,5.1028
0.025177,5.1208
0.033722,5.1379
0.056915,5.1566
0.050964,5.174
0.055542,5.1907
0.046539,5.2106
0.002136,5.2289
-0.016174,5.2454
-0.006409,5.264
0.000916,5.2835
-0.011444,5.2975
-0.021057,5.3177
-0.016632,5.3369
-0.016327,5.3543
-0.013733,5.3717
-0.011139,5.3906
-0.006561,5.4099
-0.008698,5.43
-0.065613,5.4498
-0.079956,5.4688
0.04837,5.488
0.559082,5.5081
1.006622,5.5298
0.4599,5.5508
-0.102386,5.5716
-0.422058,5.5908
-0.410614,5.6131
-0.249023,5.6342
-0.134277,5.6543
-0.09613,5.6766
-0.067596,5.6976
-0.055084,5.7178
-0.04364,5.7373
-0.032196,5.7593
-0.021362,5.7806
-0.013733,5.8011
-0.002136,5.8191
0.007935,5.8398
0.010529,5.8588
0.018005,5.878
0.026703,5.8978
0.035095,5.9177
0.04303,5.9351
0.059052,5.9528
0.078583,5.9689
0.103149,5.9866
0.122833,6.0016
0.134888,6.0159
0.139771,6.0303
0.142517,6.0452
0.126953,6.0602
0.084076,6.0742
0.014954,6.0889
-0.048676,6.0986
-0.105133,6.1127
-0.146637,6.1255
-0.165558,6.1368
-0.168152,6.1472
-0.157013,6.1566
-0.150452,6.1691
-0.138702,6.1798
-0.12207,6.189
-0.105896,6.1987
-0.092163,6.2061
-0.079956,6.2155
-0.075226,6.2256
-0.065613,6.2357
-0.059967,6.2454
-0.053253,6.2494
-0.043182,6.2589
-0.038452,6.2683
-0.038147,6.2741
-0.033569,6.2836
-0.033417,6.2891
-0.028687,6.2991
-0.026245,6.3037
-0.02121,6.3126
-0.021973,6.3187
-0.023956,6.3229
-0.023651,6.3318
-0.018616,6.3376
-0.018921,6.3428
-0.016327,6.3492
-0.009155,6.3568
-0.004272,6.3614
-0.003815,6.3666
-0.006409,6.3742
-0.00412,6.3812
-0.004272,6.3861
0.00061,6.3922
0.003204,6.4011
0.005951,6.4056
0.00824,6.4102
0.01297,6.4151
0.010376,6.4255
0.01297,6.4307
0.015869,6.4346
0.015411,6.4447
0.020599,6.4502
0.031433,6.4572
0.055695,6.4645
0.056763,6.4682
0.058594,6.4792
0.062103,6.4835
0.019684,6.4929
-0.011597,6.499
-0.014191,6.5036
-0.003815,6.5137
-0.008698,6.5179
-0.016327,6.525
-0.016327,6.5326
-0.009003,6.5381
-0.009155,6.5469
-0.004425,6.5527
-0.003967,6.557
-0.003815,6.5674
-0.02655,6.5717
-0.069885,6.5762
0.013275,6.5863
0.320587,6.5912
0.976257,6.5961
0.711365,6.6061
0.11322,6.6104
-0.322266,6.6162
-0.423584,6.6205
-0.293579,6.6302
-0.155182,6.6351
-0.09964,6.64
-0.075073,6.6449
-0.062561,6.6495
-0.048065,6.6592
-0.034027,6.6644
-0.03006,6.6699
-0.018616,6.6739
-0.008698,6.6794
-0.004272,6.6846
0.004425,6.6888
0.015717,6.6934
0.015411,6.7004
0.032196,6.7062
0.038757,6.709
0.051727,6.7142
0.071106,6.7181
0.09079,6.7233
0.110321,6.727
0.124664,6.7276
0.130005,6.7328
0.127563,6.7371
0.116577,6.738
0.082397,6.7419
0.025482,6.7422
-0.048981,6.7471
-0.107422,6.7468
-0.144806,6.7535
-0.162811,6.752
-0.1651,6.7532
-0.165863,6.7572
-0.148926,6.7578
-0.138397,6.7575
-0.126648,6.7621
-0.110321,6.7615
-0.094604,6.7618
-0.083313,6.7615
-0.072784,6.7673
-0.06546,6.767
-0.057831,6.767
-0.045624,6.7712
-0.043182,6.7719
-0.04303,6.7712
-0.038452,6.7719
-0.036163,6.7764
-0.033417,6.7767
-0.030975,6.7764
-0.02594,6.7761
-0.018463,6.781
-0.021057,6.7819
-0.023651,6.7819
-0.021362,6.7859
-0.016174,6.7865
-0.016327,6.7871
-0.013733,6.7862
-0.011444,6.7908
-0.013733,6.7905
-0.006714,6.792
-0.008698,6.7935
-0.011444,6.7966
-0.00412,6.796
-0.001373,6.7963
-0.001678,6.8008
0.000916,6.8011
0.01236,6.8063
0.020447,6.8057
0.041046,6.8057
0.049591,6.8103
0.048218,6.8112
0.061951,6.8134
0.024414,6.8158
-0.006104,6.8167
-0.016174,6.8213
0.002899,6.821
0.00061,6.8207
-0.009003,6.8259
-0.014038,6.8246
-0.013733,6.8304
-0.009003,6.8304
-0.003815,6.8304
-0.001526,6.8359
0.001373,6.8359
-0.00351,6.835
-0.05661,6.8402
-0.036011,6.8399
0.140076,6.8402
0.682373,6.8451
0.952148,6.8451
0.348206,6.8454
-0.179443,6.85
-0.418396,6.8494
-0.357971,6.85
-0.203857,6.8497
-0.115356,6.8552
-0.078735,6.8552
-0.05661,6.8546
-0.038605,6.8542
-0.026245,6.8552
-0.018768,6.8591
-0.009918,6.8594
0.000763,6.8594
0.00824,6.8597
0.015564,6.8594
0.022888,6.8594
0.030212,6.8597
0.041962,6.8591
0.054169,6.86
0.066681,6.8597
0.075989,6.8594
0.094604,6.8561
0.116425,6.8546
0.13504,6.8546
0.144501,6.8546
0.147552,6.8506
0.137177,6.8497
0.107117,6.8494
0.053406,6.8451
-0.023499,6.8457
-0.093079,6.8396
-0.141907,6.8408
-0.174866,6.8353
-0.185089,6.8359
-0.180511,6.8298
-0.16983,6.8301
-0.158234,6.825
-0.141907,6.8253
-0.12619,6.8207
-0.10788,6.8185
-0.092316,6.8158
-0.07843,6.8115
-0.066528,6.8106
-0.060272,6.8057
-0.055695,6.806
-0.051727,6.8015
-0.04303,6.8008
-0.040741,6.7969
-0.035553,6.7963
-0.031128,6.7908
-0.030975,6.7914
-0.028687,6.7874
-0.028381,6.7865
-0.030823,6.7871
-0.028381,6.7816
-0.023804,6.7816
-0.021362,6.7773
-0.021057,6.777
-0.018921,6.7767
-0.016327,6.7728
-0.013733,6.7722
-0.010986,6.7712
-0.007782,6.7722
-0.006104,6.7667
-0.001526,6.767
0.000916,6.7676
0.000153,6.7624
0.003357,6.7621
0.003204,6.7624
0.003204,6.7615
0.005493,6.7618
0.005493,6.7569
0.00824,6.7569
0.009003,6.7569
0.00824,6.7575
0.013275,6.7569
0.018311,6.7569
0.044403,6.752
0.061646,6.7523
0.056915,6.7526
0.064087,6.752
0.026703,6.7517
-0.006104,6.7529
-0.016327,6.748
-0.004883,6.7471
-0.010529,6.748
-0.022736,6.748
-0.023804,6.7477
-0.021362,6.7471
-0.02121,6.7422
-0.011139,6.7416
-0.009155,6.7432
-0.006409,6.7426
-0.008698,6.7377
-0.056458,6.7371
-0.04715,6.7386
0.118866,6.7365
0.63385,6.7322
1.029358,6.7322
0.363922,6.7325
-0.227966,6.7276
-0.442963,6.7279
-0.349731,6.723
-0.18631,6.723
-0.105591,6.7227
-0.068665,6.7181
-0.055237,6.7184
-0.040588,6.7139
-0.028534,6.7133
-0.017395,6.7081
-0.005035,6.7032
0.004425,6.7038
0.010834,6.6989
0.020447,6.6968
0.027618,6.6937
0.035095,6.6888
0.04715,6.6846
0.061646,6.6788
0.080109,6.6745
0.098724,6.6693
0.120239,6.6638
0.141602,6.6553
0.158386,6.6504
0.169373,6.6452
0.169067,6.6354
0.157318,6.6302
0.121307,6.6202
0.053101,6.6135
-0.027313,6.6068
-0.110474,6.5964
-0.171661,6.5866
-0.208588,6.5793
-0.223846,6.5723
-0.221863,6.5619
-0.210419,6.5518
-0.193329,6.5417
-0.178833,6.5329
-0.161743,6.5234
-0.141144,6.5125
-0.121307,6.503
-0.10437,6.4935
-0.088348,6.4847
-0.075226,6.4771
-0.062714,6.4691
-0.051575,6.4594
-0.045776,6.4496
-0.038605,6.441
-0.035553,6.4346
-0.028839,6.4249
-0.026093,6.416
-0.028381,6.4105
-0.026093,6.4014
-0.023804,6.3916
-0.023346,6.3861
-0.021057,6.376
-0.020905,6.3721
-0.018463,6.3614
-0.021515,6.3568
-0.016327,6.3474
-0.013885,6.3425
-0.013885,6.3367
-0.009003,6.3281
-0.006714,6.3232
-0.006561,6.3181
-0.004272,6.3077
-0.002441,6.3043
0.001068,6.2985
0.00351,6.29
0.003204,6.2833
0.005188,6.2787
0.006104,6.2732
0.005798,6.2653
0.007782,6.2598
0.00824,6.2549
0.007935,6.2494
0.00824,6.2451
0.010681,6.2347
0.010834,6.2299
0.010376,6.2259
0.01297,6.2189
0.015106,6.2109
0.015411,6.2057
0.015717,6.2003
0.011749,6.1914
0.010376,6.1862
0.00824,6.1795
0.012817,6.1716
0.019989,6.1664
0.043488,6.1572
0.063934,6.1523
0.058899,6.1435
0.064087,6.1365
0.027466,6.1282
-0.007782,6.1227
-0.018463,6.1124
-0.006714,6.1029
-0.009003,6.0962
-0.019073,6.0886
-0.023804,6.0788
-0.018921,6.0693
-0.016174,6.059
-0.011292,6.0492
-0.011444,6.041
-0.00885,6.0333
-0.006714,6.0248
-0.046997,6.0156
-0.067749,6.0052
0.06424,5.9958
0.539856,5.9863
1.097107,5.9796
0.471191,5.9717
-0.206451,5.9616
-0.456238,5.9521
-0.368958,5.9473
-0.197906,5.9375
-0.115356,5.9277
-0.082397,5.9189
-0.062866,5.9131
-0.045471,5.9033
-0.028534,5.8942
-0.019531,5.8844
-0.010986,5.8743
-0.001526,5.8643
0.00946,5.8548
0.020294,5.8478
0.027771,5.8398
0.035095,5.8298
0.046692,5.8206
0.061646,5.8063
0.076141,5.7962
0.09552,5.7858
0.115356,5.7712
0.136719,5.7581
0.15625,5.7471
0.166779,5.7324
0.171661,5.7187
0.164337,5.7031
0.138855,5.6888
0.079803,5.6738
-0.002289,5.6592
-0.085754,5.6424
-0.154572,5.6281
-0.199738,5.6134
-0.223999,5.5984
-0.222931,5.5841
-0.218964,5.5685
-0.202789,5.556
-0.186157,5.5423
-0.166016,5.528
-0.149384,5.5136
-0.129852,5.5032
-0.109406,5.4886
-0.093079,5.4788
-0.079803,5.4657
-0.067749,5.4544
-0.057831,5.4443
-0.048218,5.4346
-0.045624,5.4248
-0.038452,5.415
-0.036011,5.4056
-0.033875,5.4007
-0.030975,5.3912
-0.02594,5.3839
-0.028381,5.3766
-0.026093,5.3711
-0.021362,5.3641
-0.018616,5.3568
-0.018921,5.3519
-0.016174,5.3473
-0.013885,5.3421
-0.013885,5.3381
-0.011444,5.3369
-0.006561,5.3323
-0.003815,5.3271
-0.003967,5.3275
-0.001373,5.3226
0.000763,5.3226
0.005798,5.3177
0.00824,5.3183
0.00824,5.3174
0.008392,5.318
0.008087,5.3125
0.010529,5.3134
0.012665,5.3125
0.012817,5.3125
0.012817,5.3131
0.01297,5.3125
0.015259,5.3131
0.015564,5.3131
0.015259,5.3079
0.015411,5.3082
0.01297,5.3079
0.015411,5.3088
0.015259,5.3082
0.012817,5.3079
0.012665,5.3079
0.015259,5.3085
0.01709,5.3076
0.015564,5.3079
0.018311,5.3076
0.01297,5.3085
0.010834,5.3076
0.017853,5.3082
0.029449,5.3076
0.061646,5.3085
0.055084,5.3076
0.06134,5.3082
0.049438,5.3085
0.005646,5.3079
-0.014038,5.3079
-0.016327,5.3085
-0.010223,5.3079
-0.020905,5.3082
-0.028839,5.3079
-0.028687,5.3082
-0.02594,5.3073
-0.020905,5.3076
-0.013885,5.3085
-0.011902,5.3046
-0.00885,5.3033
-0.027771,5.3036
-0.084686,5.3027
-0.043488,5.3021
0.24765,5.303
0.976715,5.303
0.847168,5.2982
0.065613,5.2979
-0.405273,5.2972
-0.43396,5.2985
-0.2742,5.293
-0.140381,5.2933
-0.094604,5.289
-0.071106,5.2884
-0.055542,5.2832
-0.040894,5.2737
-0.032043,5.2686
-0.021057,5.2588
-0.012817,5.2524
-0.001526,5.2444
0.003204,5.2347
0.015564,5.2252
0.02533,5.2151
0.032196,5.2017
0.046234,5.191
0.059357,5.1816
0.073853,5.1675
0.090027,5.1572
0.117035,5.1422
0.139008,5.1306
0.157318,5.1175
0.166779,5.1025
0.171509,5.0873
0.160217,5.0745
0.121307,5.0583
0.051117,5.0409
-0.033875,5.0256
-0.11322,5.0104
-0.172119,4.9942
-0.204468,4.9774
-0.216675,4.9619
-0.214691,4.9475
-0.202942,4.9326
-0.185089,4.9164
-0.172577,4.9014
-0.153656,4.8868
-0.131378,4.874
-0.113983,4.8599
-0.100403,4.8453
-0.088043,4.8331
-0.073853,4.8212
-0.063629,4.8108
-0.057983,4.7974
-0.050354,4.7867
-0.045624,4.7766
-0.038452,4.7672
-0.033264,4.7583
-0.028687,4.7525
-0.023651,4.7424
-0.02594,4.7382
-0.023651,4.7281
-0.023804,4.7238
-0.021057,4.718
-0.021057,4.7128
-0.018921,4.7086
-0.018768,4.7031
-0.016632,4.6991
-0.011292,4.6967
-0.009003,4.6942
-0.006714,4.6902
-0.003815,4.6881
-0.001373,4.689
0.000916,4.6893
0.005646,4.6851
0.008392,4.6841
0.010986,4.6844
0.013123,4.6902
0.012817,4.6893
0.010834,4.6887
0.010681,4.6893
0.015564,4.6887
0.012665,4.6936
0.013123,4.6942
0.015411,4.6939
0.013123,4.6994
0.015564,4.6997
0.015564,4.7037
0.018005,4.7037
0.015564,4.704
0.015564,4.7089
0.015564,4.7086
0.015564,4.7134
0.013275,4.7137
0.012817,4.7189
0.01297,4.7183
0.010681,4.7229
0.013123,4.7235
0.022888,4.7278
0.04837,4.7281
0.061646,4.7327
0.044708,4.733
0.058899,4.7382
0.018616,4.7375
-0.010223,4.7424
-0.018768,4.743
-0.011444,4.7473
-0.015411,4.7473
-0.02121,4.7519
-0.02594,4.7522
-0.023804,4.7528
-0.018616,4.7568
-0.011597,4.7577
-0.011292,4.7623
-0.009766,4.7623
-0.020294,4.7623
-0.082245,4.7672
-0.07431,4.7672
0.172577,4.7675
0.884094,4.7665
0.951691,4.772
0.211182,4.7723
-0.339661,4.7717
-0.450287,4.7729
-0.316162,4.7766
-0.165405,4.7766
-0.105133,4.7766
-0.075989,4.7769
-0.057983,4.7769
-0.044098,4.7769
-0.033569,4.776
-0.02121,4.7772
-0.011749,4.7763
-0.002441,4.7769
0.008087,4.7769
0.015411,4.7769
0.02533,4.7714
0.032654,4.772
0.042114,4.772
0.054016,4.7717
0.066681,4.7672
0.083313,4.7678
0.104828,4.7626
0.129242,4.7626
0.151367,4.7574
0.164185,4.7552
0.169067,4.7525
0.16922,4.7482
0.14328,4.7427
0.085602,4.7379
0.002747,4.733
-0.083008,4.7308
-0.149689,4.7281
-0.189056,4.7232
-0.209656,4.718
-0.216675,4.7131
-0.206757,4.7116
-0.190887,4.7092
-0.172729,4.7031
-0.153046,4.7037
-0.13382,4.6982
-0.11673,4.6988
-0.100403,4.6994
-0.089569,4.6988
-0.077667,4.6991
-0.070038,4.6997
-0.062561,4.7034
-0.052948,4.7034
-0.043488,4.7089
-0.038452,4.7137
-0.036011,4.7147
-0.031128,4.722
-0.025787,4.7281
-0.023651,4.7336
-0.021057,4.7382
-0.019531,4.7476
-0.013733,4.7568
-0.011139,4.7644
-0.011597,4.7736
-0.011597,4.7861
-0.011292,4.7964
-0.006409,4.8062
-0.00412,4.8203
-0.003967,4.8309
-0.004272,4.8453
0.000916,4.859
0.000763,4.8712
0.003204,4.884
0.005798,4.8987
0.005646,4.9139
0.008087,4.928
0.00824,4.9423
0.010529,4.9588
0.00824,4.9759
0.010681,4.9918
0.013123,5.0061
0.013123,5.0211
0.015411,5.0394
0.013275,5.0543
0.013275,5.0693
0.015259,5.0839
0.017853,5.1019
0.018005,5.1181
0.013428,5.1324
0.012817,5.1514
0.010376,5.166
0.010681,5.181
0.010834,5.1999
0.010834,5.2155
0.012665,5.2298
0.018158,5.2466
0.027924,5.264
0.053558,5.2789
0.047302,5.2948
0.059204,5.3125
0.050201,5.3271
0.008392,5.3433
-0.015259,5.3616
-0.016174,5.3763
-0.013733,5.3961
-0.021667,5.4105
-0.028839,5.4272
-0.026093,5.4446
-0.020905,5.4611
-0.020905,5.4788
-0.014038,5.4935
-0.011292,5.513
-0.011597,5.528
-0.070496,5.5469
-0.089874,5.5634
0.0354,5.5804
0.55191,5.6003
1.030426,5.6177
0.477142,5.6348
-0.107422,5.654
-0.424957,5.6732
-0.409088,5.6921
-0.245972,5.7101
-0.135498,5.7281
-0.090637,5.7474
-0.067902,5.7666
-0.055237,5.7867
-0.040894,5.806
-0.033112,5.8243
-0.02121,5.8414
-0.011444,5.8594
-0.001526,5.8786
0.00351,5.8975
0.00824,5.9125
0.015411,5.9323
0.020294,5.9488
0.030212,5.9668
0.039673,5.9814
0.056,5.9961
0.078888,6.0126
0.102386,6.0275
0.12207,6.04
0.134735,6.0556
0.147247,6.0684
0.144958,6.0828
0.13092,6.0938
0.089111,6.1075
0.022125,6.1185
-0.049744,6.1276
-0.11261,6.1417
-0.154724,6.1523
-0.175476,6.1615
-0.182648,6.1722
-0.178375,6.1823
-0.170288,6.1914
-0.15152,6.2015
-0.134735,6.2094
-0.118713,6.2155
-0.108795,6.2253
-0.097046,6.2354
-0.083008,6.2421
-0.075073,6.2491
-0.070038,6.2598
-0.057831,6.2646
-0.052795,6.2741
-0.043793,6.2787
-0.038605,6.2881
-0.035858,6.2958
-0.031891,6.304
-0.030518,6.3098
-0.028381,6.3177
-0.02121,6.3251
-0.016327,6.3324
-0.01358,6.3376
-0.011597,6.347
-0.014038,6.3522
-0.006409,6.3611
-0.006256,6.3672
-0.003967,6.373
0.000763,6.3818
-0.001678,6.3858
0.000763,6.3959
0.000916,6.4011
0.001068,6.4059
0.003204,6.4154
0.005646,6.42
0.00824,6.4255
0.008087,6.434
0.008545,6.4398
0.008087,6.4456
0.008087,6.4493
0.008545,6.4584
0.010681,6.4645
0.008087,6.4691
0.010834,6.4749
0.015564,6.4786
0.023041,6.4877
0.027466,6.4929
0.049438,6.499
0.042267,6.5027
0.057068,6.5079
0.04776,6.5179
0.006409,6.5225
-0.016479,6.528
-0.006561,6.5326
-0.003967,6.5381
-0.013733,6.5469
-0.018616,6.5518
-0.013733,6.5573
-0.011902,6.5616
-0.00885,6.5686
-0.006561,6.5762
-0.003815,6.5814
-0.001984,6.5872
-0.059204,6.5912
-0.070496,6.6003
0.066223,6.6058
0.549774,6.6113
0.99884,6.6159
0.482178,6.6245
-0.06958,6.6299
-0.396118,6.6348
-0.396576,6.6403
-0.245667,6.6446
-0.134735,6.6501
-0.089264,6.6592
-0.067291,6.6653
-0.053253,6.669
-0.043182,6.6745
-0.031891,6.6788
-0.02121,6.684
-0.013733,6.6888
-0.006104,6.6943
0.001678,6.6989
0.007935,6.705
0.015869,6.709
0.022888,6.7133
0.032501,6.7188
0.042419,6.7224
0.061798,6.7273
0.076752,6.7334
0.10025,6.7374
0.12085,6.7377
0.131836,6.7426
0.137482,6.7474
0.138245,6.7468
0.125275,6.7523
0.083771,6.7523
0.016174,6.7572
-0.05722,6.7572
-0.115814,6.7572
-0.157471,6.7615
-0.175323,6.7618
-0.173187,6.7664
-0.167847,6.767
-0.157928,6.7673
-0.139008,6.767
-0.123596,6.7712
-0.106354,6.7712
-0.094299,6.7722
-0.082245,6.7715
-0.071106,6.7709
-0.062714,6.777
-0.06012,6.7773
-0.048676,6.7767
-0.041504,6.7767
-0.045624,6.7767
-0.035706,6.7767
-0.03067,6.7767
-0.02594,6.7767
-0.02594,6.7764
-0.021057,6.7813
-0.021057,6.7813
-0.02121,6.7822
-0.021515,6.7807
-0.018616,6.7822
-0.011597,6.7816
-0.00885,6.7816
-0.011292,6.7816
-0.009918,6.7816
-0.006409,6.7813
-0.001984,6.7816
-0.001373,6.7816
0.000916,6.7813
0.003357,6.7819
0.003204,6.7822
0.00351,6.7767
0.005798,6.7767
0.00351,6.777
0.003204,6.7767
0.001373,6.7773
0.007477,6.7767
0.010834,6.7767
0.017853,6.7767
0.039825,6.7764
0.049438,6.7767
0.042114,6.7764
0.054626,6.7764
0.008698,6.7767
-0.019226,6.777
-0.023651,6.7767
-0.011292,6.7764
-0.019226,6.7767
-0.025787,6.7767
-0.026093,6.7764
-0.021057,6.7767
-0.016022,6.7761
-0.011139,6.7767
-0.006104,6.7764
-0.004272,6.7767
-0.015869,6.7773
-0.069733,6.777
-0.026398,6.7764
0.20813,6.7764
0.85022,6.7773
0.877075,6.7719
0.196075,6.7715
-0.298004,6.7722
-0.439758,6.7722
-0.325317,6.7719
-0.16922,6.7728
-0.101929,6.7719
-0.070343,6.7719
-0.052795,6.767
-0.038452,6.7676
-0.028687,6.7667
-0.016479,6.7664
-0.006561,6.7618
0.000916,6.7618
0.010986,6.7618
0.017242,6.7624
0.02533,6.7572
0.032959,6.7581
0.044403,6.7572
0.05661,6.7517
0.073242,6.752
0.091553,6.7474
0.115814,6.7474
0.140381,6.7422
0.159302,6.7377
0.171661,6.7386
0.173645,6.7328
0.161591,6.7279
0.123291,6.7227
0.052643,6.7188
-0.028534,6.7145
-0.106964,6.7133
-0.165253,6.7081
-0.197601,6.7032
-0.209351,6.6968
-0.207062,6.6898
-0.193024,6.6849
-0.175934,6.6797
-0.158234,6.6739
-0.138855,6.6693
-0.121155,6.6635
-0.101776,6.6602
-0.086823,6.655
-0.072174,6.6495
-0.06073,6.6434
-0.053864,6.6354
-0.045624,6.6299
-0.038147,6.6257
-0.03067,6.6211
-0.028687,6.6162
-0.026398,6.6107
-0.023499,6.6061
-0.021362,6.601
-0.020752,6.5967
-0.018616,6.5909
-0.018463,6.586
-0.019073,6.5799
-0.01358,6.5732
-0.011139,6.5671
-0.008545,6.5622
-0.011292,6.5567
-0.006561,6.5527
-0.003967,6.5472
-0.001373,6.5424
0.002594,6.5375
0.003662,6.5329
0.005951,6.5265
0.00824,6.5182
0.008087,6.5131
0.010681,6.5073
0.012817,6.4978
0.015564,6.4938
0.015411,6.4844
0.015411,6.4789
0.015259,6.4694
0.015411,6.4603
0.012665,6.4545
0.015869,6.445
0.015564,6.4346
0.01297,6.4267
0.013428,6.4209
0.015411,6.4108
0.015869,6.4014
0.018311,6.3916
0.028076,6.3818
0.05188,6.3718
0.069122,6.3614
0.054779,6.3528
0.068359,6.3422
0.025787,6.3327
-0.009613,6.3229
-0.02121,6.3132
-0.011444,6.3034
-0.011902,6.2921
-0.021362,6.2805
-0.023651,6.2695
-0.02182,6.2598
-0.016327,6.2497
-0.013885,6.2405
-0.013733,6.2305
-0.011444,6.2195
-0.016785,6.2061
-0.071869,6.1954
-0.048676,6.1868
0.169373,6.1765
0.800018,6.1667
0.970764,6.1533
0.225677,6.1429
-0.324249,6.1328
-0.449219,6.123
-0.323029,6.1127
-0.163574,6.102
-0.100098,6.0898
-0.073547,6.0797
-0.055084,6.0699
-0.040588,6.0596
-0.028687,6.0461
-0.019226,6.0352
-0.009155,6.0251
0.001068,6.0159
0.010529,6.004
0.019989,5.9915
0.027771,5.9818
0.035095,5.9723
0.044098,5.957
0.05722,5.9476
0.073853,5.9323
0.093842,5.9192
0.115509,5.9067
0.137634,5.892
0.158691,5.8752
0.16922,5.8594
0.171814,5.8447
0.162201,5.8301
0.127563,5.8112
0.062714,5.7959
-0.02121,5.7773
-0.106049,5.7614
-0.165253,5.7452
-0.205078,5.7275
-0.224304,5.712
-0.226593,5.6937
-0.215149,5.6787
-0.197144,5.6619
-0.177307,5.6454
-0.158234,5.6305
-0.138092,5.6155
-0.118408,5.6003
-0.101624,5.5862
-0.087433,5.5719
-0.075684,5.5563
-0.066986,5.5435
-0.058746,5.5328
-0.052948,5.5188
-0.048065,5.5081
-0.04303,5.4987
-0.040741,5.4852
-0.038452,5.4745
-0.033875,5.4639
-0.028534,5.4553
-0.028381,5.4492
-0.026245,5.4401
-0.021515,5.43
-0.018463,5.4245
-0.018921,5.4147
-0.016327,5.4105
-0.013275,5.4056
-0.009003,5.4001
-0.006866,5.3955
-0.001831,5.3909
0.000916,5.3867
0.001068,5.3809
0.000916,5.3763
0.003204,5.3714
0.005646,5.3711
0.00824,5.3665
0.00824,5.3668
0.005798,5.3616
0.010834,5.3613
0.010834,5.3571
0.01297,5.3571
0.012665,5.3564
0.013123,5.3516
0.012817,5.3525
0.013123,5.3519
0.015564,5.3525
0.013123,5.3516
0.012817,5.3522
0.01297,5.3522
0.013123,5.3519
0.013733,5.3516
0.015564,5.3519
0.013123,5.3519
0.018616,5.3522
0.032043,5.3519
0.059357,5.3522
0.054016,5.3522
0.056305,5.3528
0.052338,5.3522
0.008545,5.3525
-0.014191,5.3519
-0.012054,5.3516
-0.003967,5.3519
-0.01297,5.3519
-0.023651,5.3519
-0.024261,5.3519
-0.02121,5.3522
-0.014038,5.3516
-0.011444,5.3522
-0.011597,5.3522
-0.011444,5.3522
-0.032959,5.3528
-0.086975,5.3519
-0.026093,5.3522
0.308685,5.3473
1.042633,5.347
0.748138,5.3473
-0.00824,5.3473
-0.421143,5.3467
-0.415192,5.347
-0.250244,5.3473
-0.134277,5.3418
-0.094604,5.3418
-0.070801,5.3424
-0.05249,5.3372
-0.040741,5.3372
-0.030823,5.3323
-0.018158,5.3278
-0.00885,5.3229
0.000916,5.3134
0.010529,5.3085
0.020447,5.3024
0.027313,5.2936
0.032654,5.2869
0.044708,5.2786
0.05722,5.2689
0.075684,5.2591
0.093994,5.2496
0.117493,5.2383
0.137329,5.2258
0.154419,5.2115
0.166779,5.2014
0.174103,5.1865
0.162354,5.1709
0.119019,5.1547
0.04303,5.1373
-0.042267,5.123
-0.119171,5.1074
-0.177155,5.0894
-0.206451,5.0748
-0.216675,5.058
-0.213776,5.0409
-0.200348,5.0256
-0.184326,5.011
-0.166016,4.9954
-0.15152,4.978
-0.130615,4.9628
-0.114594,4.949
-0.102692,4.9368
-0.091858,4.9237
-0.079956,4.9081
-0.072479,4.8956
-0.062866,4.8837
-0.053711,4.8749
-0.046234,4.8599
-0.040741,4.8502
-0.036316,4.8407
-0.031128,4.8303
-0.030823,4.8215
-0.028229,4.8163
-0.023499,4.8068
-0.021362,4.798
-0.020599,4.7919
-0.018768,4.7867
-0.016022,4.7778
-0.011444,4.772
-0.00885,4.7675
-0.00885,4.7623
-0.006409,4.758
-0.00412,4.7571
-0.002289,4.7525
-0.001526,4.7476
-0.001678,4.7482
0.001068,4.7424
-0.001373,4.7427
0.005035,4.7379
0.010071,4.7372
0.00824,4.7388
0.007782,4.7379
0.010529,4.7327
0.010529,4.7324
0.01297,4.7336
0.013428,4.7333
0.015564,4.7324
0.018158,4.7327
0.020294,4.7333
0.0177,4.7327
0.020294,4.7336
0.019836,4.7333
0.017853,4.7327
0.015411,4.7339
0.013123,4.7382
0.013123,4.7375
0.018158,4.7379
0.015411,4.7375
0.017853,4.7372
0.025787,4.7375
0.049286,4.7427
0.062103,4.7421
0.047302,4.7424
0.059204,4.7427
0.023041,4.7418
-0.00824,4.747
-0.016327,4.7479
-0.006409,4.7476
-0.011139,4.7476
-0.02594,4.7476
-0.023956,4.7479
-0.020905,4.747
-0.021362,4.7534
-0.018921,4.7525
-0.013733,4.7522
-0.011444,4.7519
-0.020905,4.7528
-0.086365,4.7519
-0.070496,4.7525
0.183868,4.7531
0.897369,4.7528
0.923615,4.7525
0.15686,4.7571
-0.358734,4.7574
-0.44281,4.7574
-0.303345,4.7568
-0.159149,4.7574
-0.104065,4.7568
-0.077362,4.7571
-0.060883,4.7565
-0.047607,4.7574
-0.035858,4.7577
-0.023804,4.7568
-0.014343,4.7577
-0.006561,4.7565
0.001068,4.7571
0.012817,4.7568
0.022888,4.7568
0.0354,4.7571
0.044708,4.7574
0.054321,4.7574
0.06424,4.7574
0.082703,4.7571
0.106354,4.7574
0.130768,4.7571
0.149994,4.7571
0.16922,4.7574
0.174103,4.7571
0.166473,4.7577
0.132904,4.7568
0.066681,4.7574
-0.023651,4.7574
-0.101624,4.7574
-0.157928,4.7574
-0.196533,4.7577
-0.21225,4.7577
-0.214539,4.7574
-0.204773,4.7574
-0.189209,4.7626
-0.172424,4.7623
-0.153809,4.7672
-0.133667,4.7678
-0.117188,4.7726
-0.106812,4.7772
-0.087891,4.7818
-0.079803,4.7858
-0.07019,4.7949
-0.058441,4.8016
-0.050507,4.8114
-0.045624,4.8196
-0.040588,4.8291
-0.037994,4.8398
-0.033569,4.8499
-0.030975,4.8608
-0.026093,4.8746
-0.026093,4.8889
-0.026093,4.8996
-0.023346,4.9139
-0.018921,4.9277
-0.016327,4.9432
-0.014038,4.9609
-0.011292,4.9765
-0.009155,4.9915
-0.00412,5.0095
0.001068,5.0253
0.007629,5.0449
0.007935,5.0613
0.007935,5.0787
0.007935,5.0974
0.007935,5.1175
0.010681,5.1376
0.010834,5.1569
0.010376,5.1767
0.01297,5.1962
0.013123,5.2148
0.015411,5.2356
0.012817,5.2582
0.01297,5.2789
0.015717,5.2985
0.015564,5.322
0.018005,5.3415
0.018158,5.3616
0.018311,5.3851
0.0177,5.4056
0.0177,5.4257
0.020599,5.4492
0.025177,5.4721
0.03891,5.4932
0.05661,5.5179
0.044556,5.5383
0.062866,5.5615
0.042572,5.5859
0.003815,5.6067
-0.013428,5.6296
-0.003357,5.6537
0.002747,5.6754
-0.00824,5.6973
-0.011292,5.7214
-0.011597,5.7422
-0.008698,5.7663
-0.006409,5.7861
-0.001678,5.8099
0.000916,5.8301
-0.001984,5.8496
-0.067444,5.8707
-0.075073,5.8929
0.074615,5.9125
0.625153,5.9326
0.998535,5.9518
0.432129,5.9714
-0.123444,5.9897
-0.423279,6.0068
-0.395508,6.0248
-0.23468,6.044
-0.128479,6.0605
-0.085449,6.0788
-0.06485,6.095
-0.047913,6.1127
-0.035706,6.1279
-0.028687,6.1429
-0.019226,6.1581
-0.009003,6.1755
-0.003967,6.1902
0.005493,6.2042
0.013123,6.2167
0.0177,6.2308
0.027313,6.2445
0.034943,6.254
0.046387,6.2692
0.061646,6.2781
0.079193,6.29
0.098724,6.3025
0.116272,6.3132
0.130157,6.3214
0.139771,6.3287
0.140076,6.3373
0.119781,6.347
0.079346,6.3519
0.01297,6.3611
-0.058441,6.3672
-0.116425,6.3763
-0.151367,6.3806
-0.166016,6.3858
-0.170288,6.3907
-0.165558,6.3953
-0.153503,6.4008
-0.138855,6.4059
-0.122986,6.4099
-0.111847,6.4154
-0.099792,6.4197
-0.089569,6.4255
-0.081787,6.4304
-0.070496,6.4319
-0.060272,6.4346
-0.052795,6.4404
-0.047913,6.445
-0.040741,6.449
-0.0383,6.4496
-0.035706,6.4542
-0.033417,6.459
-0.028534,6.4642
-0.028687,6.4639
-0.023346,6.4688
-0.02121,6.4743
-0.019531,6.4749
-0.018616,6.4786
-0.016174,6.4835
-0.014038,6.4893
-0.011444,6.4923
-0.00885,6.4926
-0.004272,6.4981
0.001373,6.5033
0.000916,6.5088
0.005951,6.5131
0.003204,6.5167
0.005646,6.5173
0.00824,6.5234
0.007782,6.5277
0.010529,6.5329
0.010681,6.5375
0.010681,6.5427
0.007935,6.5472
0.010834,6.5521
0.010834,6.5576
0.010681,6.5616
0.018463,6.5668
0.025787,6.5726
0.043945,6.5762
0.051575,6.5811
0.042419,6.5894
0.056305,6.5961
0.015564,6.6016
-0.00885,6.6064
-0.018311,6.6104
-0.00351,6.6156
-0.009155,6.6202
-0.016174,6.6266
-0.013885,6.6351
-0.016327,6.6391
-0.01358,6.6449
-0.006256,6.6501
-0.003815,6.6544
0.000916,6.6605
-0.009155,6.6647
-0.069275,6.669
-0.041199,6.6739
0.177002,6.6791
0.80719,6.6837
0.879669,6.6885
0.263977,6.6937
-0.23407,6.698
-0.429993,6.7038
-0.346222,6.7084
-0.191498,6.7139
-0.114136,6.7188
-0.079651,6.7233
-0.062256,6.7279
-0.047455,6.7328
-0.036469,6.7374
-0.026245,6.7426
-0.016327,6.7474
-0.013885,6.752
-0.006409,6.756
-0.001526,6.7572
0.010223,6.7621
0.019836,6.7667
0.029602,6.7722
0.042572,6.7715
0.054321,6.7761
0.072174,6.7816
0.093079,6.7819
0.108948,6.7862
0.12207,6.7877
0.131073,6.7914
0.137634,6.7914
0.134125,6.7957
0.110474,6.7963
0.052338,6.8011
-0.019379,6.8008
-0.08255,6.8015
-0.136261,6.8054
-0.16861,6.8063
-0.182495,6.8066
-0.180206,6.8054
-0.169373,6.8063
-0.156097,6.8112
-0.137787,6.8109
-0.119476,6.8109
-0.107117,6.8109
-0.093842,6.8109
-0.08255,6.8109
-0.070343,6.8112
-0.065155,6.8106
-0.056763,6.8115
-0.047455,6.8109
-0.043182,6.8106
-0.038605,6.8158
-0.038452,6.8158
-0.028687,6.8158
-0.028229,6.8149
-0.02594,6.8158
-0.025787,6.8149
-0.021515,6.8158
-0.018921,6.8155
-0.01709,6.8158
-0.016479,6.8155
-0.012817,6.8164
-0.01358,6.8158
-0.011444,6.8164
-0.008698,6.8152
-0.00885,6.8201
-0.005951,6.8207
-0.001526,6.8204
-0.001678,6.8204
-0.001831,6.8201
0.000916,6.8204
0.003204,6.8201
0.005951,6.8204
0.005646,6.8204
0.00824,6.8207
0.010681,6.8207
0.015717,6.8201
0.03067,6.821
0.054321,6.8204
0.046997,6.8256
0.056915,6.8259
0.034943,6.8256
-0.004425,6.8256
-0.018921,6.8256
-0.006561,6.8253
-0.00412,6.8253
-0.016174,6.825
-0.018616,6.825
-0.016022,6.8256
-0.009155,6.8253
-0.003967,6.8253
-0.004425,6.8253
0.00061,6.825
-0.000916,6.8283
-0.032043,6.8295
-0.060425,6.8301
0.036316,6.8304
0.388336,6.8295
1.029968,6.8298
0.636597,6.8301
0.007477,6.8301
-0.373535,6.8301
-0.350494,6.8301
-0.194244,6.8301
-0.131378,6.8311
-0.084076,6.8295
-0.06012,6.8301
-0.038605,6.8298
-0.02655,6.835
-0.021057,6.835
-0.011749,6.8359
-0.00412,6.8359
0.000763,6.8353
0.009918,6.8359
0.022583,6.835
0.032349,6.835
0.039825,6.8347
0.052338,6.8353
0.068817,6.8353
0.084076,6.8347
0.100708,6.8298
0.123749,6.8301
0.146484,6.8298
0.163879,6.8298
0.164185,6.8301
0.159302,6.8256
0.134583,6.8253
0.061646,6.8219
-0.019684,6.8207
-0.081024,6.821
-0.147858,6.8167
-0.189667,6.8158
-0.207062,6.8109
-0.209656,6.8115
-0.201263,6.8057
-0.189667,6.8021
-0.17334,6.8008
-0.152588,6.7963
-0.133209,6.7926
-0.115662,6.7914
-0.099792,6.7865
-0.08667,6.7822
-0.072632,6.7819
-0.063019,6.7767
-0.052948,6.7715
-0.048218,6.7715
-0.043335,6.767
-0.040741,6.7627
-0.033722,6.7618
-0.028534,6.7572
-0.026093,6.7542
-0.028381,6.7523
-0.023804,6.7474
-0.021057,6.748
-0.020905,6.7426
-0.021057,6.7426
-0.016479,6.7377
-0.013733,6.7325
-0.013885,6.7328
-0.011292,6.7279
-0.011292,6.7276
-0.00885,6.723
-0.006409,6.7227
-0.003967,6.7184
-0.001373,6.7184
0.000763,6.713
0.003357,6.713
0.005493,6.7081
0.005798,6.7087
0.005646,6.7038
0.00885,6.7029
0.010529,6.698
0.010834,6.6992
0.008087,6.6943
0.00824,6.6895
0.010681,6.6891
0.010681,6.6843
0.013123,6.6833
0.01297,6.6791
0.01297,6.6788
0.012665,6.6745
0.013123,6.673
0.013885,6.6687
0.020142,6.665
0.033264,6.6644
0.059204,6.6602
0.051727,6.6595
0.062561,6.6547
0.04425,6.6498
-0.001373,6.6498
-0.018921,6.6446
-0.009003,6.6415
-0.006561,6.6394
-0.014648,6.6354
-0.023651,6.6299
-0.023804,6.629
-0.02121,6.6254
-0.018768,6.6208
-0.012817,6.6165
-0.009155,6.6107
-0.011444,6.6061
-0.033569,6.6013
-0.070496,6.5958
0.013123,6.5909
0.354004,6.5857
1.042938,6.5817
0.682068,6.5771
-0.040131,6.5714
-0.420532,6.5671
-0.406647,6.5622
-0.242615,6.5579
-0.127411,6.5527
-0.089874,6.5442
-0.070496,6.5378
-0.055847,6.5332
-0.04303,6.5247
-0.030212,6.5179
-0.019226,6.5131
-0.006714,6.503
0.005493,6.4987
0.013123,6.4886
0.022736,6.4807
0.030975,6.4746
0.040894,6.4645
0.052185,6.456
0.066376,6.449
0.085754,6.4392
0.1091,6.4291
0.132446,6.4172
0.15564,6.4059
0.171204,6.3965
0.177612,6.3821
0.176697,6.3718
0.156555,6.3577
0.096893,6.3419
0.015411,6.3284
-0.071564,6.3135
-0.14267,6.2988
-0.193634,6.2842
-0.2211,6.2662
-0.226593,6.25
-0.219421,6.2347
-0.207367,6.2167
-0.187531,6.2003
-0.170441,6.1841
-0.151825,6.1664
-0.131378,6.1481
-0.111694,6.1328
-0.093079,6.1139
-0.077667,6.0986
-0.067444,6.08
-0.057831,6.0638
-0.048523,6.0498
-0.040894,6.0324
-0.038605,6.0159
-0.031433,6.0019
-0.028534,5.9872
-0.023804,5.9726
-0.02594,5.9601
-0.02594,5.9464
-0.021362,5.9323
-0.021057,5.9201
-0.02121,5.9085
-0.023804,5.8945
-0.020905,5.8835
-0.016327,5.8716
-0.014038,5.8603
-0.011292,5.8496
-0.011597,5.8401
-0.009918,5.8304
-0.006104,5.8206
-0.003815,5.8105
-0.001373,5.8011
-0.001526,5.791
0.000763,5.7825
0.003052,5.7776
0.003204,5.7663
0.007324,5.7611
0.010681,5.752
0.012817,5.7474
0.015411,5.7376
0.015411,5.7327
0.018005,5.7281
0.017853,5.7224
0.015869,5.7159
0.013123,5.7071
0.013428,5.7034
0.012817,5.6979
0.015411,5.6943
0.015259,5.6891
0.01297,5.6836
0.015411,5.679
0.012817,5.6741
0.01297,5.668
0.010529,5.6644
0.014648,5.6601
0.015564,5.6583
0.023346,5.6546
0.049591,5.6491
0.063934,5.6448
0.051727,5.6406
0.061188,5.6393
0.021362,5.6348
-0.013123,5.6296
-0.023651,5.6296
-0.013733,5.6247
-0.018768,5.6198
-0.031128,5.6177
-0.033417,5.6152
-0.031128,5.6097
-0.023499,5.6107
-0.019531,5.6055
-0.016327,5.6006
-0.013733,5.6006
-0.011139,5.5957
-0.05127,5.5911
-0.077057,5.5914
0.043335,5.5859
0.512848,5.582
1.114807,5.5811
0.52124,5.5768
-0.176544,5.5759
-0.448456,5.5713
-0.370789,5.5673
-0.202332,5.5667
-0.117493,5.5615
-0.082092,5.5618
-0.062866,5.5573
-0.050812,5.5542
-0.035858,5.5527
-0.024719,5.5469
-0.014038,5.5472
-0.00412,5.5426
0.004578,5.5396
0.015869,5.5371
0.027008,5.5319
0.035095,5.5276
0.048523,5.5228
0.059509,5.5182
0.073853,5.5081
0.091095,5.499
0.109711,5.4895
0.132141,5.4788
0.149536,5.4691
0.162201,5.4547
0.171509,5.4449
0.167542,5.4306
0.147705,5.4147
0.095215,5.401
0.016174,5.3851
-0.070801,5.3717
-0.14267,5.3543
-0.191803,5.3381
-0.21698,5.3229
-0.224152,5.3085
-0.21698,5.293
-0.202789,5.2789
-0.187531,5.2631
-0.170135,5.2493
-0.150757,5.2347
-0.133514,5.2203
-0.11673,5.2051
-0.101318,5.1907
-0.087128,5.1764
-0.075226,5.1663
-0.065155,5.1523
-0.058594,5.1422
-0.05127,5.1285
-0.04303,5.1181
-0.038605,5.108
-0.03067,5.0983
-0.030975,5.0879
-0.028229,5.079
-0.026245,5.0699
-0.023193,5.0647
-0.018616,5.0549
-0.014191,5.0497
-0.014191,5.0406
-0.011139,5.0354
-0.009003,5.0305
-0.007019,5.0253
-0.004425,5.0208
-0.001373,5.0159
0.000458,5.0113
0.003357,5.0055
0.005951,5.0012
0.00824,4.9988
0.008392,4.9966
0.010376,4.9921
0.008545,4.9921
0.00824,4.9866
0.007477,4.9869
0.010834,4.9869
0.00824,4.9814
0.00824,4.982
0.010529,4.982
0.009003,4.9762
0.013123,4.9768
0.010834,4.9774
0.010681,4.9765
0.012665,4.975
0.017853,4.9713
0.018005,4.9722
0.015869,4.9713
0.018311,4.9725
0.015411,4.9719
0.015259,4.9725
0.015259,4.9719
0.013275,4.9673
0.012817,4.967
0.013123,4.9677
0.013275,4.9673
0.015411,4.9677
0.0177,4.9667
0.028229,4.9677
0.053711,4.967
0.059204,4.967
0.048676,4.967
0.059967,4.9622
0.018158,4.9622
-0.011139,4.9622
-0.016479,4.9622
-0.003815,4.9625
-0.009155,4.9615
-0.021362,4.9619
-0.024414,4.957
-0.023804,4.9573
-0.016327,4.957
-0.011444,4.9573
-0.00885,4.9573
-0.006409,4.9576
-0.011139,4.9524
-0.069885,4.9521
-0.082703,4.9527
0.097809,4.953
0.723267,4.9524
1.055908,4.9521
0.318604,4.9475
-0.286255,4.9478
-0.451508,4.9478
-0.341187,4.9478
-0.178375,4.9426
-0.109253,4.9423
-0.078125,4.9426
-0.058594,4.9384
-0.045929,4.938
-0.0354,4.938
-0.024414,4.9332
-0.016479,4.9335
-0.003967,4.9329
0.00824,4.9283
0.015564,4.9277
0.022888,4.9231
0.027924,4.9185
0.037384,4.9161
0.049438,4.9088
0.064392,4.8984
0.08316,4.8846
0.102386,4.8691
0.126801,4.8511
0.149689,4.8303
0.166168,4.8117
0.174408,4.787
0.174103,4.7626
0.147247,4.7357
0.088654,4.7092
0.006409,4.682
-0.077057,4.6555
-0.142822,4.6259
-0.186615,4.599
-0.209198,4.5721
-0.213928,4.5432
-0.207062,4.5148
-0.192261,4.4888
-0.175781,4.4604
-0.157623,4.4357
-0.138397,4.4113
-0.119324,4.3866
-0.104218,4.3631
-0.091553,4.343
-0.079498,4.3213
-0.07019,4.3008
-0.06012,4.2838
-0.048218,4.2694
-0.04303,4.2554
-0.037994,4.2398
-0.035858,4.2307
-0.030975,4.2203
-0.028534,4.2114
-0.026093,4.2062
-0.023804,4.2017
-0.025482,4.1959
-0.025787,4.1956
-0.02121,4.1968
-0.018768,4.1959
-0.016785,4.1965
-0.018311,4.201
-0.013733,4.2062
-0.009613,4.2111
-0.006561,4.216
-0.006561,4.2252
-0.004272,4.2349
-0.001068,4.2453
-0.001221,4.2599
0.000763,4.2737
0.000763,4.288
-0.001526,4.3033
0.00351,4.3185
0.006256,4.3378
0.005951,4.3567
0.008392,4.3765
0.010681,4.3961
0.010681,4.4156
0.00824,4.4391
0.010681,4.4601
0.01297,4.4839
0.015411,4.5081
0.013275,4.5322
0.015411,4.5569
0.013123,4.581
0.013123,4.6066
0.015717,4.6344
0.015411,4.6622
0.010834,4.6893
0.013275,4.7183
0.015411,4.747
0.018005,4.7766
0.012817,4.8087
0.015411,4.8389
0.02533,4.8691
0.032043,4.9005
0.054169,4.9323
0.041656,4.9625
0.049896,4.9936
0.037689,5.0247
-0.000763,5.0546
-0.019073,5.0854
-0.00885,5.1172
-0.00412,5.1465
-0.013885,5.1782
-0.018463,5.2097
-0.018311,5.239
-0.018768,5.2689
-0.011292,5.2982
-0.008698,5.3275
-0.010986,5.3568
-0.011139,5.3857
-0.042419,5.4141
-0.091858,5.4446
-0.02594,5.4727
0.327606,5.5026
1.019897,5.5295
0.687256,5.5566
0.063782,5.5859
-0.362854,5.6119
-0.439911,5.6396
-0.308075,5.6668
-0.165558,5.6924
-0.10437,5.7178
-0.079498,5.7462
-0.065155,5.7709
-0.050201,5.7959
-0.036316,5.82
-0.028381,5.8456
-0.015869,5.8691
-0.00885,5.8932
-0.001373,5.9171
0.000763,5.9396
0.007324,5.9613
0.015411,5.9814
0.028076,6.0046
0.037842,6.0248
0.051575,6.0452
0.066223,6.0635
0.089111,6.0812
0.110016,6.0989
0.127411,6.1172
0.135345,6.1331
0.139923,6.1499
0.135803,6.1664
0.105896,6.181
0.046539,6.1966
-0.024261,6.2076
-0.091705,6.2201
-0.140686,6.2354
-0.168152,6.2476
-0.180054,6.2595
-0.180206,6.2695
-0.167847,6.2811
-0.148926,6.293
-0.138092,6.3034
-0.124359,6.3132
-0.107117,6.3226
-0.097046,6.3321
-0.084991,6.3416
-0.072479,6.3489
-0.066833,6.3574
-0.060272,6.3669
-0.052795,6.3766
-0.048218,6.3849
-0.042877,6.3913
-0.0383,6.4011
-0.033417,6.4093
-0.028687,6.4154
-0.026093,6.4252
-0.019379,6.4301
-0.018616,6.4401
-0.018616,6.4462
-0.015869,6.4548
-0.009003,6.4615
-0.011139,6.4694
-0.008392,6.4737
-0.00824,6.4838
-0.006714,6.4883
0.00061,6.4984
0.00061,6.5027
0.006104,6.5103
0.001221,6.5179
0.003357,6.5228
0.005341,6.5317
0.003357,6.5375
0.008087,6.5427
0.008087,6.5521
0.008087,6.5576
0.008087,6.5616
0.010834,6.5723
0.010529,6.5768
0.012817,6.5811
0.010834,6.5918
0.010834,6.5961
0.010529,6.601
0.012665,6.6113
0.01297,6.6162
0.01297,6.6205
0.015564,6.6312
0.015259,6.6348
0.020294,6.6406
0.033264,6.647
0.052185,6.6556
0.041809,6.6599
0.056763,6.6644
0.02533,6.6702
-0.008698,6.6779
-0.021362,6.684
-0.003204,6.6888
-0.004272,6.6937
-0.015869,6.698
-0.018768,6.7032
-0.013885,6.7084
-0.010986,6.7139
-0.008698,6.7175
-0.003967,6.723
-0.001678,6.7282
-0.005035,6.7322
-0.062866,6.7374
-0.057831,6.7426
0.097046,6.7468
0.634003,6.7529
0.989532,6.7572
0.419464,6.7618
-0.130768,6.7621
-0.418396,6.7667
-0.38681,6.7709
-0.235748,6.7767
-0.131073,6.7822
-0.092621,6.7813
-0.070343,6.7859
-0.050964,6.7914
-0.041351,6.7935
-0.033417,6.7966
-0.023651,6.8005
-0.011902,6.806
-0.005493,6.806
0.000763,6.8106
0.008087,6.8106
0.017853,6.8155
0.025024,6.8155
0.034485,6.8207
0.046997,6.821
0.062408,6.8256
0.083313,6.8256
0.100708,6.8253
0.122528,6.8253
0.140076,6.8298
0.144501,6.8304
0.142212,6.8298
0.122528,6.8304
0.078888,6.8311
0.008392,6.8301
-0.062714,6.8304
-0.121765,6.8301
-0.162964,6.8256
-0.184937,6.8253
-0.189667,6.8246
-0.182495,6.825
-0.167999,6.825
-0.150757,6.8204
-0.136719,6.8207
-0.119171,6.8207
-0.104218,6.8155
-0.092163,6.8155
-0.081329,6.8152
-0.067596,6.8112
-0.060425,6.8106
-0.055389,6.8109
-0.050964,6.8097
-0.045471,6.8063
-0.039825,6.8066
-0.035858,6.8057
-0.033264,6.8008
-0.030365,6.8011
-0.023651,6.8008
-0.026093,6.7966
-0.023499,6.796
-0.02121,6.796
-0.02121,6.7963
-0.016327,6.7957
-0.013885,6.7914
-0.008698,6.7914
-0.008698,6.792
-0.006714,6.7917
-0.003815,6.7914
0.00061,6.7865
0.000916,6.7865
0.003357,6.7871
0.008087,6.7871
0.006409,6.7859
0.007782,6.7859
0.010986,6.7813
0.010681,6.7816
0.00946,6.7813
0.010834,6.7813
0.010681,6.781
0.013123,6.7764
0.015564,6.7764
0.015717,6.7761
0.013275,6.7761
0.010834,6.7764
0.01297,6.777
0.015411,6.7709
0.018158,6.7725
0.034485,6.7715
0.054474,6.7712
0.049438,6.7715
0.061493,6.7667
0.030365,6.7667
-0.008392,6.7673
-0.02121,6.767
-0.011292,6.7633
-0.006561,6.7615
-0.015717,6.7618
-0.016327,6.7615
-0.013885,6.7572
-0.013733,6.7578
-0.009003,6.7569
-0.006256,6.7569
-0.006561,6.752
-0.006561,6.752
-0.045624,6.752
-0.059814,6.7526
0.063019,6.7471
0.506439,6.7468
1.070251,6.7474
0.523376,6.7429
-0.108948,6.7432
-0.424652,6.7416
-0.391541,6.738
-0.230865,6.7374
-0.122833,6.738
-0.082855,6.7325
-0.060577,6.7331
-0.045929,6.7325
-0.033569,6.7279
-0.02121,6.7285
-0.012817,6.7279
-0.00412,6.7224
0.00351,6.7227
0.015411,6.7178
0.025177,6.7184
0.031128,6.7139
0.039673,6.7133
0.051727,6.709
0.067596,6.7081
0.083923,6.7038
0.105286,6.7047
0.127106,6.6992
0.147705,6.6943
0.164948,6.6885
0.172882,6.6837
0.172272,6.6797
0.151672,6.6736
0.100098,6.6702
0.019531,6.662
-0.065918,6.6541
-0.138245,6.6495
-0.188141,6.6431
-0.216064,6.6351
-0.223846,6.6296
-0.216827,6.6205
-0.204773,6.6156
-0.189209,6.6058
-0.170898,6.601
-0.151215,6.5918
-0.131378,6.586
-0.115967,6.5762
-0.099487,6.5723
-0.087128,6.5619
-0.075073,6.557
-0.062714,6.5479
-0.055237,6.5421
-0.047455,6.5381
-0.041351,6.5277
-0.038147,6.5231
-0.036011,6.5155
-0.030975,6.5082
-0.028534,6.5039
-0.028534,6.4978
-0.02594,6.4899
-0.02121,6.4838
-0.018768,6.478
-0.016174,6.474
-0.01358,6.4688
-0.014038,6.4642
-0.00885,6.4594
-0.003815,6.4542
-0.001831,6.4496
-0.001526,6.4444
-0.001831,6.4398
0.000916,6.4346
0.00351,6.4294
0.005798,6.4258
0.008087,6.4203
0.008392,6.4154
0.00824,6.4102
0.010834,6.4059
0.010834,6.4023
0.011139,6.3992
0.010681,6.3943
0.01297,6.3873
0.013123,6.3818
0.013275,6.3763
0.013428,6.3715
0.015717,6.3672
0.015564,6.3611
0.015869,6.3519
0.015869,6.3467
0.015869,6.3419
0.015564,6.3327
0.015564,6.3275
0.015106,6.3208
0.014648,6.3129
0.01297,6.3068
0.010529,6.2979
0.010529,6.2897
0.007935,6.2839
0.013885,6.2741
0.0177,6.2646
0.033264,6.2555
0.054321,6.2479
0.045319,6.2405
0.056,6.228
0.027771,6.2189
-0.009613,6.2057
-0.021973,6.1957
-0.01358,6.1859
-0.011444,6.1771
-0.023651,6.163
-0.028839,6.1526
-0.023804,6.1423
-0.016785,6.131
-0.016174,6.1182
-0.017853,6.1078
-0.013733,6.0965
-0.013428,6.0843
-0.061493,6.0742
-0.076752,6.0605
0.078583,6.0498
0.612793,6.04
1.099854,6.0284
0.552826,6.0162
-0.14328,6.0059
-0.440063,5.9961
-0.379639,5.986
-0.210876,5.9747
-0.118561,5.9634
-0.086365,5.9525
-0.065155,5.9418
-0.050659,5.9329
-0.037994,5.9232
-0.026093,5.9134
-0.017853,5.9027
-0.006409,5.8936
0.005341,5.885
0.012817,5.8792
0.020294,5.8682
0.028381,5.8588
0.037537,5.8496
0.052185,5.8398
0.066528,5.8261
0.085602,5.8154
0.105438,5.8017
0.129852,5.7892
0.151672,5.7761
0.166779,5.7608
0.176697,5.7471
0.176239,5.73
0.15274,5.7135
0.105286,5.6989
0.031433,5.6839
-0.055695,5.665
-0.132446,5.6494
-0.185852,5.6332
-0.21759,5.6161
-0.22644,5.6006
-0.221558,5.582
-0.211334,5.5667
-0.196686,5.5524
-0.17807,5.5368
-0.160828,5.5206
-0.141144,5.5063
-0.12085,5.4916
-0.101929,5.4782
-0.090027,5.4639
-0.077667,5.4495
-0.067596,5.4379
-0.06012,5.4245
-0.052795,5.4138
-0.046082,5.4007
-0.040894,5.3909
-0.038147,5.3812
-0.03479,5.3714
-0.028534,5.3625
-0.028381,5.3525
-0.026245,5.3427
-0.021362,5.3372
-0.021362,5.3281
-0.020905,5.3229
-0.018921,5.3159
-0.013885,5.3082
-0.011139,5.303
-0.006714,5.2979
-0.003967,5.2927
-0.001526,5.2887
0.001221,5.2841
0.001068,5.2835
0.000916,5.2786
0.003052,5.2734
0.008087,5.2734
0.011444,5.2689
0.01297,5.2689
0.013123,5.2643
0.015717,5.264
0.015411,5.2634
0.015411,5.2588
0.01297,5.2594
0.015259,5.2591
0.015259,5.2594
0.015717,5.2542
0.015411,5.2539
0.015259,5.2539
0.015411,5.2542
0.015869,5.2542
0.015564,5.2542
0.017853,5.2542
0.015564,5.2505
0.01297,5.2496
0.012817,5.2499
0.018005,5.249
0.015411,5.2496
0.013275,5.249
0.015411,5.2496
0.015717,5.2493
0.026245,5.2499
0.052795,5.2496
0.054626,5.2496
0.046844,5.249
0.054779,5.2496
0.012817,5.2493
-0.012207,5.249
-0.018616,5.2444
-0.011139,5.2444
-0.018616,5.2448
-0.028229,5.2441
-0.026245,5.2448
-0.025787,5.2444
-0.018921,5.2448
-0.018463,5.2393
-0.012054,5.2399
-0.009308,5.2399
-0.016785,5.2396
-0.075226,5.238
-0.076904,5.2353
0.121307,5.2353
0.760956,5.235
1.044922,5.2347
0.301056,5.2295
-0.295105,5.2301
-0.453491,5.2298
-0.33844,5.2304
-0.179596,5.2249
-0.111389,5.2255
-0.081635,5.2249
-0.06073,5.2213
-0.047607,5.22
-0.035706,5.22
-0.02655,5.2155
-0.016479,5.2161
-0.004578,5.2155
0.003052,5.2106
0.010529,5.2103
0.020294,5.2051
0.027771,5.2008
0.037384,5.191
0.049286,5.1855
0.061798,5.1764
0.081024,5.1617
0.102997,5.1517
0.125885,5.1373
0.151672,5.123
0.168762,5.1086
0.18158,5.0925
0.176697,5.0739
0.149231,5.0577
0.093536,5.0403
0.012512,5.0204
-0.071259,5.0043
-0.136414,4.9863
-0.187988,4.967
-0.211334,4.9503
-0.214539,4.9329
-0.209503,4.9136
-0.199432,4.899
-0.186615,4.8792
-0.164642,4.8642
-0.146179,4.8486
-0.128784,4.8297
-0.113525,4.8163
-0.101166,4.801
-0.085907,4.787
-0.074768,4.7729
-0.06546,4.762
-0.056,4.7485
-0.050354,4.7382
-0.042267,4.7275
-0.0383,4.7186
-0.031738,4.7086
-0.031128,4.6982
-0.030365,4.6893
-0.026093,4.6844
-0.028534,4.6744
-0.023651,4.6689
-0.023651,4.6646
-0.021057,4.6555
-0.018768,4.6497
-0.013885,4.646
-0.006561,4.6454
-0.004272,4.6399
0.000763,4.6353
-0.001526,4.6359
0.000916,4.6304
-0.001526,4.6301
0.002594,4.6301
0.003204,4.6304
0.005951,4.6304
0.006104,4.6307
0.00824,4.6304
0.010681,4.6307
0.010681,4.6304
0.007935,4.631
0.010834,4.6347
0.013123,4.6353
0.018311,4.6347
0.015411,4.6402
0.015869,4.6396
0.013123,4.6402
0.016022,4.6454
0.018005,4.6445
0.018005,4.65
0.018311,4.6503
0.017853,4.6545
0.018005,4.6552
0.0177,4.6597
0.015564,4.6597
0.0177,4.6646
0.018005,4.6698
0.015411,4.6695
0.015564,4.6744
0.012817,4.6741
0.015564,4.6802
0.013733,4.6835
0.023651,4.6844
0.047302,4.6887
0.061646,4.689
0.046692,4.693
0.059204,4.6973
0.020142,4.6982
-0.012207,4.7037
-0.021057,4.704
-0.00885,4.7079
-0.009613,4.7089
-0.016174,4.7131
-0.018616,4.7128
-0.014038,4.7186
-0.013885,4.7183
-0.011444,4.7232
-0.009155,4.7229
-0.00885,4.7281
-0.012054,4.7287
-0.068665,4.7327
-0.091705,4.7327
0.064697,4.7372
0.86853,4.7379
1.064301,4.7379
0.340729,4.7424
-0.263367,4.7427
-0.453644,4.7427
-0.355682,4.7476
-0.193329,4.7473
-0.118713,4.7476
-0.086517,4.7522
-0.06546,4.7525
-0.048523,4.7583
-0.0383,4.7577
-0.028381,4.7577
-0.018921,4.7626
-0.00824,4.7638
0.003052,4.7675
0.010681,4.7723
0.018005,4.7723
0.025177,4.7769
0.036163,4.7787
0.044556,4.7821
0.056763,4.7864
0.077362,4.7864
0.099335,4.7913
0.126038,4.7958
0.147247,4.7961
0.159454,4.8007
0.167084,4.8013
0.166626,4.8059
0.149078,4.8059
0.097351,4.8105
0.019684,4.8148
-0.060883,4.816
-0.136414,4.8215
-0.183563,4.8212
-0.209961,4.8257
-0.219116,4.8303
-0.214386,4.8346
-0.201721,4.8358
-0.183105,4.841
-0.168152,4.8453
-0.148926,4.8499
-0.133972,4.8566
-0.117035,4.8651
-0.101013,4.8697
-0.092316,4.8788
-0.082397,4.8846
-0.072784,4.8941
-0.065002,4.9033
-0.05722,4.9133
-0.045776,4.9228
-0.043182,4.9326
-0.041046,4.9472
-0.0354,4.9573
-0.026398,4.9686
-0.026093,4.982
-0.025177,4.9954
-0.021362,5.0061
-0.018921,5.0211
-0.018768,5.036
-0.016022,5.0497
-0.013885,5.0641
-0.009308,5.0793
-0.006409,5.0934
-0.003967,5.108
-0.001678,5.1263
0.00351,5.1416
0.003204,5.1569
0.000916,5.1761
0.001221,5.1929
0.003357,5.21
0.003052,5.2295
0.008392,5.2481
0.00824,5.264
0.009766,5.2832
0.00824,5.3033
0.007935,5.3217
0.010529,5.3424
0.012817,5.3607
0.01297,5.3809
0.010834,5.3979
0.008087,5.4172
0.010071,5.4361
0.010376,5.4559
0.013123,5.4752
0.00824,5.4947
0.010376,5.5145
0.013123,5.5365
0.010834,5.5563
0.008392,5.5762
0.010529,5.5954
0.015259,5.6177
0.020599,5.6384
0.040131,5.6592
0.044861,5.6812
0.035095,5.7025
0.04364,5.723
0.007019,5.7458
-0.013123,5.7666
-0.009308,5.7855
0.005951,5.809
-0.001373,5.8301
-0.006561,5.8496
-0.006256,5.8707
-0.00885,5.8923
-0.009155,5.9122
-0.006409,5.9323
-0.003052,5.9518
0.000763,5.9717
-0.007172,5.9906
-0.07309,6.0107
-0.076752,6.0306
0.077972,6.0492
0.638733,6.0681
0.985413,6.084
0.429077,6.1035
-0.115356,6.1194
-0.41687,6.1383
-0.388489,6.1539
-0.231628,6.1716
-0.130768,6.1865
-0.088806,6.2024
-0.065613,6.2204
-0.052795,6.2344
-0.036316,6.25
-0.026245,6.264
-0.016785,6.2793
-0.013733,6.293
-0.008545,6.3071
0.001068,6.3184
0.00824,6.3327
0.013885,6.3422
0.020142,6.3571
0.027771,6.3666
0.038452,6.377
0.051727,6.3867
0.072327,6.3965
0.092926,6.4059
0.112915,6.4157
0.127869,6.424
0.136261,6.4301
0.142365,6.4401
0.129242,6.445
0.0914,6.4496
0.033569,6.4587
-0.0383,6.4642
-0.10437,6.4691
-0.142975,6.474
-0.164185,6.4786
-0.170288,6.4844
-0.167694,6.4886
-0.157166,6.4935
-0.143738,6.4941
-0.128784,6.499
-0.114288,6.5042
-0.101929,6.5048
-0.092163,6.5085
-0.080414,6.5128
-0.070038,6.5137
-0.065155,6.5182
-0.055847,6.5222
-0.045929,6.5228
-0.040131,6.5283
-0.035706,6.5286
-0.035858,6.5326
-0.035858,6.5378
-0.031128,6.5375
-0.026093,6.5421
-0.026093,6.5472
-0.023804,6.5475
-0.018768,6.5524
-0.016174,6.5573
-0.013885,6.5576
-0.012817,6.5619
-0.011597,6.5662
-0.009003,6.5717
-0.006561,6.5723
-0.00412,6.5765
-0.001526,6.5823
-0.002441,6.5863
0.000763,6.5912
0.00061,6.5918
0.001068,6.5967
0.005646,6.6016
0.005646,6.6058
0.005798,6.6104
0.006866,6.6159
0.003204,6.6205
0.005798,6.6248
0.00824,6.6293
0.010529,6.6318
0.013123,6.6348
0.015869,6.6403
0.013123,6.6452
0.015717,6.6498
0.012817,6.655
0.022888,6.6592
0.037079,6.6647
0.056915,6.6693
0.039978,6.6739
0.058746,6.6794
0.027161,6.6837
-0.008545,6.6888
-0.016327,6.6928
-0.001526,6.6974
-0.004425,6.7004
-0.01358,6.7029
-0.018616,6.7081
-0.016327,6.7133
-0.016022,6.7184
-0.011444,6.7221
-0.007629,6.7276
-0.001221,6.7337
-0.003357,6.7361
-0.063324,6.738
-0.062103,6.7429
0.093994,6.7474
0.607605,6.7526
0.985718,6.7572
0.447388,6.7624
-0.106506,6.7621
-0.403748,6.7667
-0.386353,6.7709
-0.233917,6.7758
-0.128021,6.7804
-0.08728,6.7819
-0.066833,6.7871
-0.053253,6.7914
-0.0383,6.796
-0.026093,6.7957
-0.018616,6.8002
-0.014038,6.806
-0.004425,6.8069
0.006866,6.8106
0.013123,6.8164
0.021515,6.8155
0.03006,6.821
0.038605,6.8265
0.046844,6.8253
0.058746,6.8301
0.073547,6.8307
0.097046,6.8301
0.115204,6.835
0.130157,6.8359
0.137482,6.8353
0.139923,6.8396
0.129089,6.8402
0.085754,6.8402
0.022125,6.8402
-0.053406,6.8405
-0.11261,6.8408
-0.151825,6.8402
-0.172729,6.8408
-0.182648,6.8402
-0.176392,6.8411
-0.162964,6.8405
-0.152283,6.8405
-0.134888,6.8399
-0.122223,6.8402
-0.107422,6.8344
-0.091858,6.8359
-0.080261,6.8359
-0.070496,6.8359
-0.062561,6.8353
-0.055695,6.8301
-0.048218,6.8301
-0.043488,6.8298
-0.040894,6.8307
-0.035858,6.8304
-0.028381,6.8256
-0.023956,6.8259
-0.018768,6.8253
-0.018616,6.825
-0.022583,6.8256
-0.018921,6.8204
-0.016174,6.821
-0.013885,6.8204
-0.016327,6.8204
-0.01358,6.8204
-0.011292,6.8158
-0.006409,6.8158
-0.006561,6.8164
-0.001831,6.8155
-0.001373,6.8161
-0.004272,6.8155
0.003357,6.8106
0.005646,6.8115
0.00824,6.8103
0.010681,6.8103
0.011902,6.8109
0.010681,6.8115
0.013123,6.8109
0.010529,6.806
0.010529,6.806
0.010681,6.8057
0.009613,6.8063
0.00824,6.8066
0.014038,6.8057
0.026093,6.8057
0.051575,6.806
0.051727,6.8008
0.046844,6.8018
0.050659,6.8005
0.004883,6.8008
-0.019073,6.8011
-0.015106,6.8002
-0.001526,6.8008
-0.011139,6.8018
-0.016327,6.8008
-0.016327,6.8015
-0.011139,6.7963
-0.010529,6.7963
-0.00885,6.796
-0.003967,6.7963
-0.001678,6.7963
-0.016327,6.7963
-0.065155,6.796
-0.011444,6.796
0.247955,6.7963
0.920563,6.7947
0.830688,6.7914
0.147095,6.792
-0.326843,6.7911
-0.43869,6.7911
-0.313568,6.792
-0.166016,6.7865
-0.103302,6.7859
-0.072479,6.7862
-0.057831,6.7868
-0.044403,6.7822
-0.031128,6.781
-0.021057,6.7822
-0.011292,6.781
-0.003967,6.7758
0.005646,6.7764
0.017853,6.7767
0.022583,6.7722
0.032501,6.7715
0.043488,6.767
0.059204,6.7667
0.075073,6.7624
0.095825,6.7621
0.115356,6.7578
0.137634,6.7575
0.15686,6.752
0.166931,6.7474
0.168915,6.7435
0.16098,6.7389
0.126343,6.7346
0.057373,6.7285
-0.026703,6.7227
-0.104828,6.7184
-0.164337,6.7133
-0.198212,6.7081
-0.21698,6.6992
-0.216827,6.6946
-0.205994,6.6895
-0.187378,6.684
-0.168152,6.6739
-0.149384,6.6696
-0.132599,6.665
-0.119019,6.6544
-0.103149,6.6498
-0.088348,6.6449
-0.073853,6.6348
-0.062103,6.6302
-0.055389,6.626
-0.04837,6.6196
-0.042267,6.6116
-0.033569,6.6061
-0.030823,6.6016
-0.023499,6.5961
-0.023651,6.5912
-0.023956,6.5872
-0.018463,6.5802
-0.016022,6.5723
-0.016174,6.5668
-0.016174,6.5622
-0.014954,6.5582
-0.016327,6.5558
-0.013885,6.5521
-0.011139,6.5469
-0.010223,6.543
-0.013733,6.5372
-0.009155,6.5329
-0.006714,6.5283
-0.001831,6.5265
-0.001678,6.5231
0.002747,6.5182
0.003357,6.5134
0.005646,6.5091
0.005493,6.5085
0.005798,6.5033
0.007935,6.499
0.010681,6.4984
0.013123,6.4935
0.01297,6.4886
0.01297,6.4844
0.013123,6.4804
0.01297,6.4786
0.012817,6.474
0.013123,6.4691
0.013123,6.4645
0.015564,6.46
0.01297,6.4545
0.01297,6.4502
0.01297,6.4444
0.01297,6.4386
0.01297,6.4304
0.01297,6.4255
0.016632,6.4203
0.023041,6.416
0.031586,6.4111
0.057068,6.4059
0.046997,6.4008
0.050659,6.3965
0.033875,6.3916
-0.001526,6.3828
-0.016327,6.3766
-0.006561,6.3712
-0.002899,6.3666
-0.011292,6.3614
-0.018616,6.3568
-0.016174,6.3522
-0.014038,6.3467
-0.011444,6.3412
-0.006409,6.3324
-0.003967,6.3281
-0.00412,6.3229
-0.035858,6.3184
-0.067444,6.3141
0.029449,6.3089
0.416565,6.3034
1.080017,6.2976
0.62088,6.2885
-0.080872,6.2836
-0.428772,6.2793
-0.40329,6.2744
-0.242767,6.2643
-0.13504,6.2598
-0.092316,6.2543
-0.067749,6.2445
-0.051575,6.2396
-0.040894,6.2305
-0.028687,6.2219
-0.018768,6.2158
-0.009155,6.2057
0.00061,6.1963
0.00824,6.1877
0.015564,6.1783
0.022736,6.167
0.033722,6.1572
0.049438,6.1462
0.061646,6.1322
0.077362,6.1179
0.100861,6.1038
0.125122,6.0889
0.147247,6.0742
0.16449,6.0602
0.174255,6.0437
0.175171,6.026
0.160675,6.0098
0.116425,5.9915
0.042114,5.9729
-0.043182,5.9564
-0.119629,5.9381
-0.174408,5.9186
-0.207825,5.8994
-0.223846,5.8832
-0.224152,5.8646
-0.216675,5.8456
-0.193634,5.8267
-0.176392,5.8099
-0.156097,5.791
-0.135193,5.7751
-0.119171,5.7571
-0.103149,5.741
-0.089874,5.723
-0.079346,5.7077
-0.069885,5.694
-0.060425,5.6793
-0.055542,5.6641
-0.047913,5.6494
-0.042114,5.6351
-0.0383,5.625
-0.033569,5.611
-0.033264,5.6012
-0.031128,5.5896
-0.028687,5.5765
-0.02594,5.5667
-0.023804,5.5573
-0.022278,5.5487
-0.018616,5.5423
-0.016174,5.5322
-0.013885,5.5267
-0.011444,5.5176
-0.011139,5.5127
-0.009003,5.5069
-0.003662,5.4987
-0.001526,5.4941
0.00351,5.4886
0.003357,5.4837
0.005798,5.484
0.00824,5.4785
0.010681,5.4736
0.008392,5.4703
0.00824,5.4697
0.010681,5.4648
0.011749,5.4645
0.01297,5.4626
0.013123,5.4593
0.013123,5.4593
0.01297,5.455
0.01297,5.4544
0.015411,5.4538
0.015564,5.4541
0.013123,5.4544
0.012817,5.4486
0.013123,5.4498
0.015106,5.4498
0.015869,5.4498
0.015411,5.4495
0.013275,5.4498
0.010681,5.4495
0.013123,5.4492
0.013123,5.4489
0.010834,5.4495
0.008087,5.4489
0.015411,5.4495
0.029755,5.4492
0.056458,5.4486
0.049591,5.4492
0.051575,5.4492
0.045776,5.4495
0.001984,5.4498
-0.018463,5.4492
-0.013885,5.4492
-0.00885,5.4501
-0.016327,5.4495
-0.026093,5.4501
-0.023804,5.4492
-0.018616,5.4453
-0.009766,5.444
-0.003967,5.4446
-0.001373,5.4443
0.000763,5.4449
-0.012665,5.4449
-0.073853,5.4443
-0.057831,5.4443
0.186768,5.4398
0.877228,5.4401
0.960541,5.4404
0.198059,5.4401
-0.345001,5.4395
-0.445099,5.4355
-0.312042,5.4349
-0.163269,5.4349
-0.105591,5.4297
-0.076141,5.4297
-0.060425,5.4251
-0.04837,5.4254
-0.035858,5.4199
-0.02594,5.4166
-0.015869,5.4156
-0.001526,5.4105
0.00824,5.4059
0.015411,5.401
0.024414,5.3952
0.032349,5.3906
0.042267,5.3864
0.05661,5.3763
0.071259,5.3662
0.090942,5.3568
0.112915,5.3467
0.136414,5.3323
0.157013,5.3214
0.17395,5.3082
0.179138,5.293
0.174103,5.2777
0.145874,5.2603
0.085907,5.2451
0.003052,5.2298
-0.082245,5.2115
-0.154266,5.1953
-0.198669,5.1797
-0.219421,5.1617
-0.223999,5.1468
-0.219116,5.1312
-0.205536,5.1129
-0.187836,5.0977
-0.168915,5.0833
-0.151062,5.0693
-0.132294,5.0549
-0.115051,5.0409
-0.097351,5.0256
-0.084686,5.0146
-0.0737,5.0015
-0.06546,4.9902
-0.057983,4.9765
-0.052948,4.967
-0.046234,4.957
-0.04303,4.9481
-0.037842,4.9374
-0.033569,4.9283
-0.031128,4.9234
-0.025635,4.9139
-0.02121,4.9084
-0.023499,4.9023
-0.02121,4.8941
-0.018768,4.8886
-0.016022,4.8846
-0.009766,4.8822
-0.009155,4.8788
-0.006561,4.8737
-0.00473,4.8709
-0.006409,4.8694
-0.00412,4.87
-0.000305,4.8642
0.001068,4.8648
0.000916,4.8645
0.005493,4.8648
0.008392,4.8645
0.010376,4.8648
0.010681,4.8645
0.01297,4.8645
0.013275,4.8642
0.01297,4.8645
0.012817,4.8645
0.014343,4.8651
0.012817,4.8694
0.015411,4.8691
0.01297,4.8694
0.01297,4.8749
0.015717,4.8746
0.01297,4.8743
0.01297,4.8798
0.01297,4.8795
0.015717,4.8843
0.013123,4.8843
0.010376,4.8846
0.013275,4.8883
0.015717,4.8886
0.010986,4.8944
0.010376,4.8947
0.013123,4.8987
0.010681,4.8987
0.01236,4.899
0.015564,4.9033
0.023041,4.9036
0.041962,4.9084
0.054321,4.9088
0.042114,4.9142
0.054169,4.9133
0.02182,4.913
-0.008698,4.9188
-0.018463,4.9182
-0.009155,4.9231
-0.01358,4.9228
-0.023346,4.9231
-0.028076,4.9292
-0.025787,4.928
-0.021057,4.9286
-0.014038,4.9332
-0.013885,4.9338
-0.00885,4.9332
-0.011749,4.938
-0.059509,4.9377
-0.091705,4.9374
0.023041,4.9429
0.51239,4.9426
1.11969,4.9432
0.53894,4.9475
-0.142517,4.9478
-0.445557,4.9475
-0.392914,4.9521
-0.224915,4.9527
-0.129547,4.9524
-0.094604,4.9521
-0.072784,4.957
-0.055542,4.9573
-0.041656,4.9579
-0.031281,4.9573
-0.023651,4.9622
-0.014038,4.9622
-0.002136,4.9622
0.00824,4.9619
0.017548,4.9628
0.027618,4.9677
0.035248,4.9673
0.044708,4.9673
0.059052,4.9673
0.074005,4.9667
0.092773,4.968
0.114746,4.9631
0.137787,4.9619
0.158844,4.9619
0.173035,4.957
0.176544,4.9573
0.165253,4.9524
0.121307,4.953
0.048676,4.9478
-0.035248,4.9429
-0.111084,4.938
-0.16922,4.9371
-0.204773,4.9326
-0.216522,4.9286
-0.214539,4.9234
-0.205536,4.9185
-0.187531,4.913
-0.170135,4.9081
-0.155792,4.903
-0.131073,4.8993
-0.11734,4.8935
-0.102844,4.8892
-0.085754,4.8837
-0.076141,4.8792
-0.067749,4.8755
-0.058594,4.874
-0.050659,4.8691
-0.045166,4.8645
-0.040588,4.8639
-0.032959,4.8593
-0.030975,4.855
-0.030823,4.8541
-0.026703,4.8499
-0.023651,4.8502
-0.021362,4.8456
-0.021362,4.8447
-0.018616,4.8453
-0.016022,4.8456
-0.013885,4.8404
-0.011444,4.8398
-0.009155,4.8404
-0.006561,4.841
-0.003967,4.8398
0.000916,4.8407
0.005646,4.8398
0.003662,4.841
0.00824,4.8398
0.007935,4.8407
0.008392,4.8401
0.010834,4.8398
0.01297,4.8398
0.013275,4.8407
0.010376,4.8456
0.012817,4.845
0.013275,4.845
0.012817,4.8447
0.010681,4.8447
0.012817,4.8453
0.015259,4.8499
0.015564,4.8499
0.013123,4.8499
0.015411,4.8495
0.01297,4.8505
0.015411,4.8508
0.015564,4.8547
0.01297,4.855
0.010681,4.8547
0.013123,4.855
0.01297,4.855
0.01297,4.855
0.010681,4.8602
0.009766,4.8599
0.012817,4.8593
0.018005,4.8596
0.032959,4.8602
0.058899,4.8596
0.04776,4.8599
0.051117,4.8651
0.042114,4.8651
0.001526,4.8651
-0.018616,4.8648
-0.011902,4.8648
-0.006714,4.8648
-0.015564,4.8645
-0.023346,4.8651
-0.021362,4.8697
-0.016174,4.87
-0.01358,4.8697
-0.013885,4.8691
-0.008698,4.8697
-0.006561,4.8697
-0.029297,4.8694
-0.088654,4.8691
-0.049896,4.8746
0.276794,4.8743
1.027222,4.8743
0.802002,4.8743
0.062866,4.874
-0.387421,4.8773
-0.437775,4.8795
-0.289612,4.8788
-0.157166,4.8792
-0.106964,4.8795
-0.078125,4.884
-0.06073,4.8837
-0.043488,4.884
-0.033417,4.8831
-0.023804,4.8889
-0.010071,4.8886
-0.00412,4.8944
0.005646,4.8935
0.01236,4.8987
0.020599,4.8987
0.031891,4.9039
0.039978,4.9036
0.05188,4.9088
0.064392,4.9088
0.087891,4.9133
0.112,4.9133
0.135498,4.9182
0.154877,4.9182
0.171661,4.9228
0.174103,4.9258
0.166931,4.928
0.131226,4.9326
0.058594,4.9329
-0.027924,4.9387
-0.106506,4.9387
-0.164642,4.9423
-0.201416,4.9475
-0.217133,4.9472
-0.215454,4.9524
-0.206604,4.957
-0.191956,4.9619
-0.180206,4.9677
-0.160522,4.9722
-0.143738,4.9771
-0.129242,4.982
-0.114136,4.9921
-0.099182,4.9966
-0.086975,5.0067
-0.077209,5.0107
-0.067444,5.0211
-0.057831,5.0302
-0.050507,5.0397
-0.043793,5.0494
-0.040894,5.0592
-0.033875,5.0699
-0.031281,5.0793
-0.02594,5.0888
-0.02594,5.0992
-0.020905,5.1132
-0.016479,5.1221
-0.018921,5.1373
-0.018616,5.1477
-0.013885,5.1614
-0.00885,5.1758
-0.006561,5.1892
-0.001678,5.2002
-0.003967,5.2151
-0.006866,5.2301
-0.00412,5.2451
-0.00412,5.2591
0.003357,5.2725
-0.001373,5.2841
-0.001373,5.2975
0.003204,5.3128
0.005798,5.3275
0.010529,5.3415
0.010529,5.3564
0.008392,5.3714
0.008087,5.3867
0.013123,5.3998
0.01358,5.415
0.01297,5.43
0.008392,5.4443
0.010681,5.4587
0.010834,5.4752
0.010834,5.4932
0.013275,5.5087
0.015717,5.5237
0.018158,5.5423
0.015564,5.5569
0.013123,5.5753
0.010681,5.5911
0.010986,5.6104
0.012817,5.6262
0.013275,5.6442
0.020905,5.6625
0.023193,5.6796
0.049438,5.6982
0.040588,5.7181
0.048523,5.7364
0.040283,5.7553
0.001678,5.7724
-0.016479,5.7913
-0.00946,5.8105
-0.006104,5.8295
-0.014191,5.8499
-0.021362,5.8673
-0.018463,5.8841
-0.018616,5.9033
-0.013885,5.9229
-0.009003,5.9424
-0.011444,5.9579
-0.010986,5.9766
-0.048981,5.9943
-0.08728,6.0107
-0.001526,6.0287
0.393372,6.0446
1.032104,6.0638
0.639648,6.0788
0.048676,6.0944
-0.357819,6.1127
-0.435791,6.1273
-0.29541,6.1426
-0.158844,6.16
-0.10498,6.1749
-0.074921,6.1917
-0.05127,6.2054
-0.039215,6.2201
-0.033264,6.2329
-0.024109,6.2454
-0.016327,6.2592
-0.006714,6.2741
0.003357,6.2885
0.007324,6.2994
0.013123,6.3129
0.023193,6.3239
0.035095,6.337
0.037537,6.3477
0.056458,6.3577
0.071411,6.3715
0.09079,6.3815
0.110321,6.391
0.125427,6.4008
0.14267,6.4072
0.149841,6.4157
0.142212,6.4258
0.118408,6.4313
0.060425,6.4401
-0.00824,6.4456
-0.076904,6.4539
-0.132904,6.46
-0.164948,6.4651
-0.175323,6.4737
-0.172729,6.4786
-0.165253,6.4838
-0.153198,6.4883
-0.136719,6.4932
-0.123291,6.4981
-0.111542,6.5039
-0.096741,6.5088
-0.085754,6.5131
-0.077209,6.5173
-0.067596,6.5225
-0.06073,6.5237
-0.057526,6.5277
-0.045776,6.5335
-0.043335,6.5369
-0.035858,6.5421
-0.034027,6.5421
-0.033569,6.5479
-0.028687,6.5524
-0.028534,6.5521
-0.023804,6.5576
-0.021362,6.5613
-0.018463,6.5619
-0.013733,6.5665
-0.013733,6.5674
-0.011292,6.5714
-0.004578,6.5762
-0.006409,6.5759
-0.006409,6.5811
-0.001831,6.5814
-0.001678,6.586
-0.001526,6.5903
0.003052,6.5912
0.005951,6.5961
0.010834,6.5961
0.012817,6.6019
0.008545,6.6058
0.005798,6.6068
0.007935,6.611
0.010681,6.6159
0.010986,6.6156
0.008087,6.6202
0.005951,6.6248
0.010529,6.626
0.010529,6.6302
0.010376,6.6357
0.010681,6.6348
0.01297,6.6397
0.015411,6.6446
0.022888,6.6495
0.036774,6.6495
0.051727,6.6547
0.04715,6.6599
0.05661,6.6638
0.026093,6.6644
-0.001831,6.6693
-0.013733,6.6742
0.002594,6.6788
-0.003204,6.6843
-0.014038,6.6879
-0.016479,6.6885
-0.013733,6.6934
-0.009003,6.6989
-0.008392,6.7044
-0.00885,6.7081
-0.003815,6.713
-0.010681,6.713
-0.064545,6.7184
-0.061493,6.7227
0.090332,6.7276
0.611725,6.7325
0.996399,6.7337
0.42923,6.7383
-0.124664,6.7435
-0.415192,6.748
-0.38681,6.7508
-0.235748,6.7523
-0.131836,6.7578
-0.092468,6.7624
-0.070343,6.7621
-0.055847,6.767
-0.04303,6.7719
-0.03067,6.7719
-0.021362,6.7764
-0.01358,6.777
-0.006409,6.7813
-0.001526,6.7865
0.00824,6.7871
0.01297,6.7911
0.024567,6.7911
0.035248,6.796
0.046844,6.7963
0.061798,6.7963
0.080261,6.8005
0.103149,6.8015
0.124359,6.8011
0.137787,6.8066
0.144806,6.806
0.144958,6.806
0.134888,6.8063
0.099182,6.8057
0.033875,6.8057
-0.043945,6.806
-0.108795,6.8066
-0.157166,6.8057
-0.182495,6.8057
-0.185394,6.8069
-0.180511,6.8063
-0.171204,6.806
-0.158081,6.8063
-0.136871,6.8063
-0.124359,6.8057
-0.112152,6.8057
-0.099335,6.8002
-0.08728,6.8008
-0.070648,6.8008
-0.065155,6.8018
-0.055695,6.8008
-0.053101,6.8011
-0.045471,6.8008
-0.0383,6.8005
-0.0383,6.8011
-0.033264,6.8005
-0.028076,6.8018
-0.021057,6.8018
-0.021057,6.8015
-0.018921,6.8015
-0.013733,6.8018
-0.01358,6.8015
-0.011444,6.8011
-0.011292,6.8008
-0.00885,6.8011
-0.008698,6.8015
-0.009308,6.8015
-0.009003,6.8018
-0.003967,6.8002
-0.001221,6.8011
-0.001831,6.8015
0.002594,6.8015
0.003204,6.8063
0.001068,6.8063
0.003204,6.8054
0.00824,6.806
0.005493,6.8054
0.008392,6.8063
0.010681,6.8057
0.01297,6.8112
0.013123,6.8109
0.013123,6.8109
0.013123,6.8103
0.013275,6.8115
0.012817,6.8106
0.015717,6.8109
0.015564,6.8158
0.023193,6.8152
0.028229,6.8161
0.048828,6.8155
0.058899,6.8155
0.048981,6.8152
0.052338,6.8161
0.010986,6.8213
-0.011444,6.8207
-0.016174,6.8204
-0.003815,6.8207
-0.008545,6.8207
-0.016327,6.8207
-0.016327,6.8216
-0.021362,6.8256
-0.014648,6.8262
-0.009003,6.8253
-0.006256,6.8256
-0.00412,6.8256
-0.009155,6.8262
-0.065002,6.8265
-0.048981,6.8301
0.136261,6.8304
0.723419,6.8304
0.946045,6.8301
0.319672,6.8304
-0.209045,6.8304
-0.42923,6.835
-0.358276,6.8356
-0.201569,6.8347
-0.117035,6.8353
-0.080414,6.835
-0.057983,6.8359
-0.043793,6.8353
-0.035553,6.8408
-0.026093,6.8402
-0.016174,6.8408
-0.006714,6.8405
-0.001373,6.8399
0.007477,6.8402
0.012817,6.8399
0.022888,6.8402
0.032349,6.8402
0.044861,6.8402
0.058441,6.8399
0.075684,6.8399
0.095825,6.8402
0.115051,6.8408
0.13443,6.8402
0.147552,6.8393
0.149384,6.8353
0.149841,6.8362
0.128021,6.8347
0.08255,6.8304
0.015869,6.8304
-0.058899,6.8301
-0.121002,6.8256
-0.165558,6.825
-0.189209,6.821
-0.194855,6.821
-0.188293,6.8201
-0.175018,6.8155
-0.160675,6.8161
-0.140533,6.8118
-0.123901,6.81
-0.107422,6.8069
-0.094604,6.806
-0.084381,6.8011
-0.072479,6.8005
-0.060577,6.7963
-0.054169,6.796
-0.048218,6.7914
-0.045624,6.7914
-0.040588,6.7862
-0.034027,6.7868
-0.030518,6.7868
-0.025635,6.7819
-0.026093,6.7813
-0.02594,6.7773
-0.020905,6.7767
-0.016327,6.777
-0.016174,6.777
-0.016327,6.7715
-0.016479,6.7712
-0.013733,6.7719
-0.011139,6.7725
-0.006561,6.7667
-0.006409,6.7667
-0.003967,6.767
-0.003204,6.7673
-0.003967,6.767
0.000458,6.7618
0.003662,6.7612
0.008087,6.7612
0.00824,6.7624
0.008392,6.7621
0.010986,6.7621
0.010834,6.7618
0.013275,6.7575
0.010681,6.7575
0.013428,6.7572
0.015717,6.7566
0.013123,6.7572
0.013275,6.7572
0.013123,6.7566
0.010529,6.7569
0.013123,6.752
0.013428,6.7529
0.00824,6.7526
0.013123,6.752
0.010529,6.752
0.017395,6.7523
0.025635,6.7529
0.052185,6.749
0.052338,6.7474
0.046997,6.7468
0.045166,6.7477
0.000763,6.7477
-0.017853,6.7426
-0.013275,6.7432
-0.00412,6.7426
-0.01297,6.7429
-0.023804,6.7426
-0.023651,6.7377
-0.020752,6.7383
-0.018768,6.7374
-0.014648,6.7383
-0.011444,6.7334
-0.009003,6.7322
-0.010529,6.7325
-0.061646,6.7334
-0.053864,6.7276
0.112,6.7279
0.662842,6.7282
1.03363,6.7227
0.36499,6.7242
-0.221558,6.723
-0.440979,6.7227
-0.35553,6.7184
-0.193329,6.7184
-0.112305,6.7184
-0.075836,6.7136
-0.057526,6.7136
-0.043182,6.7139
-0.030975,6.7087
-0.021057,6.7081
-0.014038,6.7041
-0.003815,6.7032
0.008392,6.6992
0.015717,6.6986
0.023041,6.6937
0.033875,6.6937
0.042114,6.6888
0.056763,6.684
0.074005,6.6846
0.089111,6.6794
0.11322,6.6742
0.136414,6.6693
0.157318,6.6644
0.170898,6.6602
0.176392,6.655
0.171814,6.6467
0.149689,6.64
0.102539,6.6318
0.024261,6.6251
-0.062408,6.6159
-0.137634,6.6064
-0.189819,6.5976
-0.219421,6.5909
-0.22644,6.5814
-0.221558,6.571
-0.210419,6.5594
-0.192108,6.5472
-0.170593,6.5372
-0.149078,6.528
-0.133514,6.5182
-0.116577,6.5079
-0.099335,6.4984
-0.087433,6.488
-0.079651,6.4761
-0.069885,6.4648
-0.057831,6.4554
-0.048218,6.4453
-0.043182,6.4355
-0.038147,6.4252
-0.035553,6.4154
-0.031128,6.4066
-0.028534,6.3983
-0.026245,6.3919
-0.023804,6.3815
-0.023804,6.3712
-0.02121,6.3614
-0.02121,6.3568
-0.021057,6.3474
-0.016479,6.3379
-0.01358,6.3321
-0.011139,6.3232
-0.010986,6.3177
-0.006409,6.3086
-0.00412,6.3031
-0.001526,6.2943
-0.003662,6.2878
-0.001678,6.2802
0.001373,6.2741
0.003052,6.2692
0.005798,6.2592
0.008087,6.2543
0.010681,6.2457
0.008087,6.2402
0.009918,6.2354
0.010681,6.2256
0.01297,6.2207
0.015411,6.2106
0.015564,6.2054
0.015411,6.2009
0.018158,6.1911
0.018005,6.1865
0.0177,6.1774
0.018158,6.1719
0.0177,6.1661
0.015106,6.1572
0.013123,6.1523
0.013123,6.1426
0.012817,6.1383
0.01297,6.1328
0.015411,6.123
0.013275,6.1172
0.010834,6.1096
0.010376,6.1035
0.018005,6.0986
0.027924,6.0876
0.054474,6.0846
0.049438,6.0779
0.056763,6.0684
0.037994,6.0651
-0.002747,6.0547
-0.018616,6.0498
-0.007324,6.0446
-0.006409,6.0342
-0.016174,6.0303
-0.023346,6.0202
-0.021057,6.0153
-0.02121,6.0056
-0.016174,6.0013
-0.011292,5.9912
-0.008698,5.9863
-0.00412,5.9769
-0.013428,5.9711
-0.069733,5.9644
-0.033875,5.9576
0.219269,5.9512
0.906219,5.9418
0.924377,5.9375
0.167847,5.9277
-0.345612,5.9229
-0.440521,5.9131
-0.304565,5.9082
-0.159607,5.8987
-0.104218,5.8881
-0.075684,5.8835
-0.055237,5.8746
-0.03891,5.8643
-0.030975,5.8548
-0.019226,5.8444
-0.013885,5.8359
-0.003967,5.8304
0.007477,5.8197
0.015869,5.8112
0.023041,5.8008
0.03006,5.791
0.042267,5.7812
0.054016,5.7712
0.068054,5.762
0.086365,5.7486
0.108337,5.737
0.130463,5.7227
0.151367,5.7126
0.166931,5.6985
0.174255,5.6836
0.171967,5.6686
0.145264,5.6546
0.084381,5.6396
0.004883,5.6247
-0.081177,5.6076
-0.152283,5.5911
-0.196838,5.5768
-0.220795,5.5621
-0.226593,5.5463
-0.221558,5.5325
-0.207672,5.5179
-0.189819,5.5029
-0.169983,5.4886
-0.150452,5.4739
-0.131378,5.4611
-0.116272,5.4492
-0.102081,5.4346
-0.089722,5.4254
-0.075836,5.4105
-0.065918,5.4004
-0.057831,5.3912
-0.052795,5.3812
-0.04364,5.3717
-0.038452,5.3616
-0.035858,5.3519
-0.030975,5.3427
-0.028381,5.3375
-0.024414,5.3278
-0.023499,5.3223
-0.023956,5.3177
-0.018616,5.3122
-0.018616,5.304
-0.016327,5.2985
-0.015869,5.2951
-0.011292,5.2933
-0.00885,5.2884
-0.006714,5.2835
-0.006866,5.2838
-0.001678,5.2789
-0.001373,5.2789
0.000916,5.2737
0.003204,5.2734
0.006256,5.2734
0.006104,5.274
0.00824,5.2689
0.010681,5.2689
0.010376,5.2695
0.010681,5.2679
0.010529,5.2695
0.013123,5.2692
0.01297,5.2695
0.01297,5.2686
0.010834,5.2692
0.010834,5.2734
0.010376,5.274
0.01297,5.2734
0.013428,5.274
0.012665,5.274
0.012817,5.2783
0.01297,5.2783
0.013275,5.2795
0.015411,5.2783
0.015411,5.2835
0.01297,5.2838
0.013123,5.2832
0.010529,5.2863
0.010529,5.2881
0.010834,5.289
0.016022,5.2884
0.024872,5.293
0.05127,5.293
0.056763,5.2933
0.048676,5.2936
0.057526,5.2979
0.015564,5.2985
-0.014038,5.2985
-0.016174,5.2991
-0.009003,5.3036
-0.013885,5.3036
-0.022888,5.303
-0.02594,5.3024
-0.023804,5.3076
-0.020294,5.3079
-0.016174,5.3082
-0.013733,5.3085
-0.011444,5.3079
-0.011749,5.3088
-0.062103,5.3125
-0.076904,5.3125
0.072937,5.3131
0.626831,5.3125
1.103058,5.3128
0.428009,5.3128
-0.221252,5.3125
-0.448303,5.3128
-0.361786,5.3122
-0.195312,5.3174
-0.114136,5.3171
-0.083008,5.318
-0.063324,5.3177
-0.048218,5.3183
-0.035706,5.3174
-0.026245,5.3177
-0.018921,5.3177
-0.011444,5.3128
-0.001068,5.3128
0.010834,5.3131
0.020447,5.3128
0.027008,5.3125
0.037384,5.3122
0.046997,5.3131
0.059662,5.3079
0.075836,5.3082
0.09613,5.3036
0.122375,5.303
0.142822,5.2985
0.161133,5.2936
0.173492,5.2835
0.174255,5.2737
0.159149,5.2646
0.115356,5.2499
0.037994,5.2402
-0.050201,5.2255
-0.128174,5.2103
-0.184784,5.1953
-0.214691,5.1776
-0.226898,5.1627
-0.226898,5.1468
-0.216827,5.1321
-0.197754,5.1151
-0.177307,5.0983
-0.155945,5.0842
-0.139465,5.0699
-0.122223,5.0543
-0.106659,5.04
-0.092621,5.0226
-0.081787,5.0107
-0.068207,4.996
-0.059662,4.9817
-0.050812,4.9719
-0.045624,4.9567
-0.040741,4.9472
-0.035858,4.935
-0.03067,4.924
-0.025787,4.9146
-0.023346,4.9054
-0.018921,4.8987
-0.018311,4.8889
-0.016327,4.8798
-0.019073,4.8743
-0.015869,4.87
-0.013885,4.8599
-0.014191,4.8544
-0.011139,4.8505
-0.00885,4.845
-0.001221,4.8404
0.000916,4.8398
-0.000763,4.8364
0.003052,4.8303
0.005493,4.8306
0.005951,4.8251
0.005646,4.8264
0.005646,4.8257
0.008087,4.8212
0.007935,4.8209
0.00824,4.8209
0.008545,4.8212
0.008392,4.8215
0.00824,4.8209
0.010834,4.8206
0.01297,4.8209
0.011139,4.8206
0.010223,4.8215
0.013123,4.8209
0.012817,4.8212
0.013123,4.826
0.01297,4.826
0.014954,4.8251
0.013123,4.8254
0.01297,4.8264
0.010681,4.8312
0.010681,4.8309
0.01297,4.8303
0.01297,4.8361
0.012817,4.8361
0.015717,4.8361
0.022125,4.8407
0.03479,4.8407
0.061188,4.8401
0.044556,4.8456
0.05249,4.845
0.035095,4.8453
-0.004272,4.8499
-0.02121,4.8508
-0.016479,4.855
-0.011749,4.8547
-0.020447,4.8547
-0.02594,4.8602
-0.023499,4.8593
-0.019379,4.8596
-0.018616,4.8648
-0.014038,4.8642
-0.011292,4.87
-0.009003,4.8694
-0.023651,4.8697
-0.08667,4.8743
-0.06073,4.8752
0.215912,4.874
0.952759,4.8792
0.878296,4.8788
0.12619,4.8792
-0.367432,4.8834
-0.440216,4.884
-0.319672,4.8837
-0.131531,4.8843
-0.090485,4.884
-0.067139,4.8886
-0.048828,4.8886
-0.037689,4.8892
-0.026245,4.8892
-0.015717,4.8889
-0.008087,4.8892
-0.001526,4.8935
0.008087,4.8938
0.019684,4.8938
0.023499,4.8935
0.030212,4.8941
0.042114,4.8935
0.056,4.8944
0.070953,4.8938
0.089111,4.8941
0.112305,4.8895
0.135345,4.8886
0.156555,4.8859
0.173492,4.8846
0.178986,4.8795
0.173645,4.8788
0.140076,4.8743
0.0737,4.87
-0.013885,4.8648
-0.096436,4.8599
-0.158081,4.8547
-0.196533,4.8508
-0.214844,4.8453
-0.219269,4.8407
-0.209503,4.8355
-0.199432,4.8306
-0.180511,4.826
-0.160828,4.8206
-0.143127,4.816
-0.126038,4.8114
-0.107727,4.8065
-0.092163,4.801
-0.080719,4.7961
-0.072784,4.7922
-0.062866,4.7916
-0.056,4.7867
-0.047607,4.7815
-0.043182,4.7772
-0.040894,4.7775
-0.036621,4.7714
-0.031281,4.7717
-0.028687,4.7668
-0.026093,4.7665
-0.021362,4.7629
-0.02121,4.7614
-0.018921,4.7623
-0.016327,4.762
-0.016327,4.7574
-0.014191,4.7574
-0.013733,4.7577
-0.008698,4.7574
-0.006561,4.7574
-0.00351,4.7574
-0.001831,4.758
0.001068,4.7571
0.003052,4.7571
0.003357,4.7574
0.003204,4.762
0.007782,4.7617
0.010681,4.7623
0.01297,4.762
0.01297,4.762
0.01297,4.7675
0.017548,4.7672
0.018005,4.7675
0.018005,4.7668
0.018005,4.7717
0.015717,4.772
0.011292,4.772
0.01297,4.772
0.015717,4.7769
0.015564,4.7772
0.013123,4.7769
0.015411,4.7812
0.013428,4.7821
0.011902,4.7815
0.01297,4.7821
0.015411,4.7873
0.012817,4.7867
0.013275,4.7858
0.015411,4.7867
0.022736,4.7913
0.037384,4.791
0.059052,4.791
0.042267,4.7916
0.054169,4.7916
0.028992,4.7961
-0.012665,4.7958
-0.023804,4.7964
-0.011597,4.7958
-0.009003,4.801
-0.021362,4.8013
-0.025787,4.801
-0.023651,4.8062
-0.021515,4.8068
-0.018616,4.8117
-0.016327,4.8114
-0.011292,4.8123
-0.011292,4.8163
-0.036621,4.816
-0.089111,4.8209
-0.03479,4.8245
0.329742,4.8254
1.074677,4.8309
0.739899,4.8303
0.016479,4.8352
-0.401611,4.8352
-0.42923,4.8404
-0.276794,4.8453
-0.150452,4.845
-0.104675,4.8505
-0.075989,4.8502
-0.06012,4.855
-0.044403,4.8596
-0.033417,4.8599
-0.026093,4.8645
-0.015717,4.8694
-0.003815,4.8697
0.001068,4.874
0.010681,4.8782
0.022583,4.8795
0.030212,4.8843
0.039062,4.8837
0.054169,4.8886
0.070496,4.8892
0.086212,4.8892
0.107269,4.8886
0.131531,4.8889
0.157013,4.8895
0.170441,4.8898
0.178986,4.8889
0.176849,4.8889
0.148163,4.8843
0.084991,4.884
0.001678,4.8788
-0.082703,4.8792
-0.147247,4.8743
-0.189514,4.8694
-0.211792,4.8694
-0.214539,4.8648
-0.205688,4.8599
-0.192719,4.855
-0.174866,4.8514
-0.156708,4.8502
-0.13855,4.8453
-0.121613,4.8401
-0.107269,4.8361
-0.092468,4.8309
-0.079956,4.8309
-0.070343,4.8254
-0.062561,4.8215
-0.055542,4.8169
-0.050507,4.8157
-0.043182,4.8117
-0.040741,4.8114
-0.038452,4.8062
-0.033264,4.8047
-0.025787,4.8016
-0.025787,4.8016
-0.023651,4.7964
-0.021057,4.7961
-0.021057,4.7919
-0.016174,4.7913
-0.013733,4.7919
-0.011444,4.7922
-0.006409,4.7867
-0.001373,4.7867
-0.004272,4.7861
-0.003967,4.7867
-0.003967,4.7873
-0.001678,4.7864
0.002136,4.7864
0.005341,4.7867
0.008087,4.7873
0.007935,4.7861
0.010223,4.7867
0.010529,4.7861
0.010834,4.7913
0.010529,4.7916
0.012665,4.7919
0.010834,4.7916
0.010986,4.7919
0.012817,4.7931
0.013123,4.7968
0.015564,4.7964
0.013275,4.7968
0.01297,4.7961
0.015564,4.8013
0.015411,4.8016
0.013123,4.8013
0.013123,4.8022
0.015411,4.8062
0.013123,4.8062
0.01297,4.8056
0.015717,4.8114
0.023041,4.8108
0.036774,4.8114
0.061646,4.8145
0.044708,4.8166
0.061493,4.8163
0.040588,4.8157
0.000916,4.8209
-0.013428,4.8209
-0.006866,4.8212
-0.003967,4.826
-0.016174,4.8264
-0.023651,4.8257
-0.018921,4.8257
-0.016174,4.8306
-0.01358,4.8309
-0.011292,4.8306
-0.00885,4.8358
-0.011444,4.8358
-0.051117,4.8352
-0.089874,4.8355
0.002289,4.8404
0.434265,4.8401
1.113739,4.841
0.628815,4.8453
-0.066376,4.8456
-0.426788,4.845
-0.416412,4.8502
-0.251312,4.8499
-0.137329,4.8505
-0.094604,4.8514
-0.070801,4.8544
-0.055542,4.8541
-0.040588,4.8544
-0.033417,4.8602
-0.023346,4.8599
-0.013733,4.8602
-0.002289,4.8599
0.007324,4.8642
0.015259,4.8636
0.022888,4.8645
0.031738,4.8648
0.042114,4.8645
0.052032,4.8642
0.065613,4.8648
0.086365,4.8639
0.107422,4.8648
0.134125,4.8593
0.15625,4.8596
0.171661,4.855
0.176697,4.8553
0.172729,4.8499
0.140839,4.8447
0.070648,4.8401
-0.016632,4.8355
-0.097656,4.8309
-0.159454,4.8257
-0.199127,4.8209
-0.219421,4.8163
-0.216827,4.8111
-0.204468,4.8053
-0.188293,4.7961
-0.172882,4.7916
-0.152893,4.7858
-0.136414,4.7815
-0.119781,4.7763
-0.105438,4.7726
-0.092316,4.7665
-0.082245,4.7626
-0.072632,4.7577
-0.065002,4.7528
-0.055695,4.7476
-0.050507,4.7424
-0.043335,4.7385
-0.035858,4.7333
-0.033264,4.7324
-0.026245,4.7278
-0.026245,4.7281
-0.023651,4.7235
-0.023651,4.7217
-0.02121,4.7186
-0.018616,4.718
-0.016022,4.7131
-0.014954,4.7134
-0.014038,4.7134
-0.011292,4.7137
-0.006714,4.7137
-0.003967,4.7131
-0.003662,4.7137
0.000763,4.7134
0.003204,4.7131
0.005493,4.7134
0.00824,4.7131
0.005646,4.7137
0.010681,4.7186
0.013733,4.7177
0.015717,4.7189
0.015411,4.7235
0.01297,4.7229
0.015259,4.7281
0.015411,4.7281
0.0177,4.7327
0.015564,4.733
0.01297,4.7379
0.012817,4.7418
0.013123,4.7421
0.015869,4.7473
0.015259,4.7485
0.015411,4.7519
0.015564,4.758
0.013428,4.7577
0.012665,4.7614
0.020294,4.7672
0.027313,4.7711
0.053711,4.772
0.055237,4.7766
0.04837,4.7818
0.059052,4.7861
0.02121,4.7867
-0.006714,4.7913
-0.011749,4.7958
-0.001678,4.8004
-0.010681,4.8013
-0.02121,4.8062
-0.021362,4.8108
-0.018463,4.8154
-0.018921,4.8157
-0.014038,4.8203
-0.011444,4.8251
-0.00885,4.8254
-0.023041,4.8306
-0.088806,4.8355
-0.076294,4.8355
0.175171,4.8401
0.897217,4.8441
0.94696,4.8444
0.210114,4.8502
-0.320892,4.8505
-0.454407,4.8547
-0.334015,4.855
-0.177155,4.8602
-0.111542,4.8599
-0.080566,4.8642
-0.060883,4.8642
-0.047913,4.8648
-0.03418,4.8697
-0.024567,4.8691
-0.013733,4.8743
-0.00885,4.8746
0.002594,4.874
0.010834,4.8792
0.0177,4.8795
0.025177,4.884
0.035248,4.8837
0.044403,4.8843
0.059204,4.8895
0.078735,4.8892
0.098419,4.8941
0.124664,4.8938
0.147247,4.8935
0.163879,4.899
0.175781,4.899
0.173798,4.8987
0.157318,4.9033
0.10376,4.9039
0.023193,4.9036
-0.06134,4.9084
-0.132751,4.9078
-0.179901,4.913
-0.204773,4.9133
-0.209351,4.9179
-0.205078,4.9182
-0.19455,4.9228
-0.175323,4.9265
-0.158081,4.928
-0.141296,4.9329
-0.124512,4.9374
-0.109253,4.9423
-0.094604,4.9478
-0.08255,4.9573
-0.072174,4.9625
-0.062561,4.9686
-0.057831,4.9765
-0.049896,4.9863
-0.043488,4.9908
-0.037994,5.0018
-0.031128,5.0113
-0.02594,5.0208
-0.023651,5.0308
-0.02121,5.0397
-0.021057,5.0494
-0.021362,5.0595
-0.019073,5.0702
-0.016174,5.0803
-0.016479,5.0928
-0.011292,5.1031
-0.011444,5.1135
-0.00885,5.1279
-0.006409,5.1376
-0.003662,5.1514
-0.004272,5.1627
-0.001678,5.1761
0.001373,5.1898
0.007935,5.2008
0.003357,5.2148
0.00351,5.2289
0.003204,5.2399
0.000916,5.2545
0.00351,5.2689
0.007935,5.282
0.008087,5.2942
0.00824,5.3082
0.010529,5.3229
0.010529,5.3369
0.010681,5.3513
0.012817,5.3662
0.013275,5.3809
0.012665,5.3958
0.010529,5.4086
0.00824,5.4248
0.01297,5.4395
0.02182,5.4535
0.039673,5.4688
0.044861,5.4831
0.041504,5.4987
0.055084,5.5139
0.018463,5.5316
-0.011139,5.546
-0.015869,5.5615
-0.001526,5.5801
-0.00885,5.5957
-0.016327,5.6122
-0.018311,5.6296
-0.016785,5.6461
-0.008545,5.6644
-0.006409,5.683
-0.006714,5.7001
-0.003967,5.7178
-0.015259,5.737
-0.084076,5.7568
-0.070953,5.7748
0.133972,5.7928
0.787201,5.8118
0.926361,5.8298
0.329132,5.8496
-0.19043,5.8691
-0.442963,5.8887
-0.384827,5.9061
-0.225372,5.9247
-0.127563,5.9424
-0.090485,5.9619
-0.067444,5.9799
-0.051117,5.997
-0.042725,6.0153
-0.030975,6.0339
-0.02121,6.051
-0.014191,6.0699
-0.003967,6.0876
0.003357,6.1035
0.005951,6.1197
0.010529,6.1377
0.018158,6.1514
0.032196,6.1673
0.04425,6.1816
0.05722,6.1963
0.081177,6.2103
0.101013,6.2247
0.11734,6.2363
0.131531,6.2494
0.137482,6.2592
0.137177,6.2735
0.118103,6.2833
0.062561,6.2936
-0.006104,6.3031
-0.069427,6.3135
-0.116119,6.3226
-0.151062,6.3324
-0.165405,6.337
-0.170288,6.3477
-0.165253,6.3538
-0.156403,6.3617
-0.141907,6.3681
-0.126343,6.3766
-0.10498,6.3812
-0.094147,6.3901
-0.082245,6.3959
-0.070648,6.4005
-0.060883,6.4066
-0.057983,6.4151
-0.050354,6.4203
-0.043335,6.4252
-0.036011,6.431
-0.033417,6.4349
-0.031586,6.4401
-0.030823,6.4481
-0.028534,6.4545
-0.023499,6.4594
-0.02121,6.4642
-0.021362,6.4697
-0.021362,6.4743
-0.019073,6.4789
-0.016174,6.4838
-0.013733,6.488
-0.011444,6.4932
-0.006561,6.4981
-0.001526,6.5033
-0.003815,6.5088
-0.001068,6.5137
0.003357,6.5182
0.003204,6.5222
0.001068,6.5283
0.005951,6.5329
0.005646,6.5375
0.003052,6.5421
0.005951,6.5479
0.010529,6.5527
0.005646,6.5567
0.010376,6.5622
0.022888,6.5662
0.032959,6.572
0.05661,6.5778
0.049438,6.5851
0.054474,6.5912
0.035706,6.5967
-0.001526,6.6016
-0.016174,6.6068
-0.003815,6.6113
0.000916,6.6162
-0.010681,6.6208
-0.016174,6.6254
-0.009308,6.6309
-0.009003,6.6348
-0.001678,6.6394
-0.001526,6.6449
0.00061,6.6513
-0.001373,6.6595
-0.033264,6.6638
-0.06546,6.669
0.024567,6.6748
0.364532,6.6794
1.012573,6.6837
0.669861,6.6882
0.072327,6.6934
-0.338745,6.698
-0.41748,6.702
-0.289307,6.7041
-0.15564,6.7084
-0.09964,6.713
-0.069885,6.7178
-0.053101,6.7227
-0.040894,6.7288
-0.030975,6.7328
-0.022888,6.7383
-0.018768,6.741
-0.012054,6.7429
-0.002441,6.7474
0.008545,6.752
0.018005,6.7569
0.023346,6.7566
0.03479,6.7618
0.044556,6.7676
0.057373,6.7664
0.076447,6.7725
0.09552,6.7767
0.113373,6.7773
0.132751,6.7813
0.139771,6.7816
0.141449,6.7813
0.132141,6.7865
0.103455,6.7871
0.052185,6.7862
-0.018921,6.792
-0.08194,6.7911
-0.133362,6.7911
-0.165405,6.7911
-0.177612,6.7966
-0.177765,6.7963
-0.170288,6.796
-0.158386,6.7953
-0.140991,6.7963
-0.125885,6.7984
-0.109863,6.8011
-0.094452,6.8005
-0.084991,6.8018
-0.072632,6.8008
-0.060577,6.8011
-0.052795,6.8008
-0.042572,6.8011
-0.038452,6.8015
-0.035706,6.8063
-0.033722,6.806
-0.028076,6.806
-0.023804,6.806
-0.020752,6.806
-0.023499,6.8066
-0.021057,6.8057
-0.018463,6.8066
-0.016327,6.806
-0.013885,6.8109
-0.013885,6.8115
-0.008545,6.8115
-0.003967,6.8106
-0.009003,6.8115
-0.006714,6.8112
-0.006561,6.8103
-0.006256,6.8106
-0.006409,6.8161
-0.001984,6.8152
0.000916,6.8155
0.003052,6.8158
0.003052,6.8155
0.005493,6.8155
0.015564,6.8158
0.02594,6.8164
0.047607,6.8213
0.039978,6.8204
0.054016,6.821
0.028381,6.8204
-0.006714,6.8207
-0.021057,6.8201
-0.009308,6.8207
-0.011139,6.8219
-0.02594,6.8253
-0.023956,6.8262
-0.021057,6.8246
-0.016022,6.8253
-0.011597,6.8253
-0.009003,6.8256
-0.009003,6.8253
-0.010986,6.8307
-0.060272,6.8304
-0.040894,6.8304
0.137787,6.8307
0.710907,6.8304
0.985718,6.8301
0.348663,6.8301
-0.201416,6.8314
-0.436249,6.8304
-0.36377,6.8298
-0.202026,6.8298
-0.113983,6.8311
-0.084076,6.8304
-0.065613,6.8311
-0.049744,6.8301
-0.035706,6.8301
-0.026703,6.8311
-0.019073,6.8295
-0.009003,6.8301
-0.003967,6.8301
0.002899,6.8295
0.012665,6.8298
0.022736,6.8298
0.03067,6.8311
0.039825,6.8304
0.05249,6.8256
0.071869,6.8256
0.088348,6.8256
0.10849,6.8259
0.130005,6.8213
0.147095,6.8207
0.154266,6.8207
0.156403,6.8161
0.137634,6.8152
0.091095,6.8106
0.022278,6.8115
-0.056152,6.8057
-0.121307,6.8063
-0.163269,6.8002
-0.189362,6.8018
-0.200043,6.7969
-0.192871,6.7917
-0.179596,6.7908
-0.162659,6.7865
-0.143433,6.7828
-0.128326,6.7813
-0.114288,6.7767
-0.098877,6.7773
-0.084534,6.7712
-0.072479,6.7667
-0.060577,6.7667
-0.04837,6.7621
-0.038757,6.7572
-0.03067,6.7572
-0.028229,6.7523
-0.023651,6.7529
-0.023651,6.7471
-0.02121,6.7441
-0.018921,6.7419
-0.018616,6.7371
-0.018921,6.738
-0.016327,6.7328
-0.016327,6.7334
-0.016327,6.7282
-0.015869,6.7282
-0.011444,6.723
-0.009308,6.723
-0.009155,6.7233
-0.00885,6.7181
-0.00412,6.7188
-0.003662,6.7139
0.000763,6.7139
0.002899,6.713
0.003204,6.7081
0.003357,6.7084
0.006104,6.7084
0.008087,6.7035
0.00824,6.7032
0.010986,6.7001
0.010834,6.6977
0.015106,6.6992
0.018005,6.6937
0.022888,6.694
0.037689,6.6934
0.054474,6.6895
0.052338,6.6888
0.056915,6.684
0.015717,6.684
-0.016327,6.6846
-0.019226,6.6788
-0.001984,6.6794
-0.006256,6.6742
-0.016327,6.6745
-0.018616,6.6708
-0.016785,6.669
-0.016479,6.6693
-0.011444,6.665
-0.00885,6.665
-0.00412,6.6599
-0.003967,6.6602
-0.021057,6.6553
-0.062408,6.655
0.010223,6.6501
0.314636,6.6492
1.006317,6.6449
0.753784,6.6449
0.033112,6.6406
-0.392761,6.6403
-0.419769,6.6354
-0.270996,6.6321
-0.138855,6.6302
-0.090179,6.6251
-0.066376,6.6217
-0.050354,6.6196
-0.038147,6.6159
-0.028687,6.6116
-0.015869,6.6052
-0.006561,6.601
0.000763,6.5958
0.008392,6.5921
0.018005,6.5869
0.023499,6.5817
0.032196,6.5762
0.044556,6.5714
0.059052,6.5619
0.077057,6.557
0.096588,6.5479
0.12085,6.5381
0.141907,6.5277
0.159454,6.5176
0.16983,6.5076
0.171814,6.4981
0.157471,6.4893
0.118103,6.4743
0.050201,6.4642
-0.032501,6.4511
-0.109711,6.4407
-0.167999,6.4258
-0.206299,6.4151
-0.22171,6.4014
-0.22171,6.3901
-0.209961,6.3763
-0.195923,6.3623
-0.178375,6.3507
-0.161438,6.3373
-0.14267,6.3229
-0.124207,6.3095
-0.106049,6.2988
-0.087585,6.2839
-0.07431,6.2704
-0.060272,6.2598
-0.050354,6.2451
-0.040894,6.2338
-0.033417,6.2213
-0.026093,6.2091
-0.023804,6.1957
-0.023804,6.1865
-0.022888,6.1725
-0.018921,6.1624
-0.016479,6.1517
-0.016174,6.1417
-0.014038,6.1292
-0.016327,6.1182
-0.016327,6.1081
-0.016479,6.0986
-0.013885,6.0892
-0.009308,6.0803
-0.006561,6.0745
-0.00412,6.0638
-0.006256,6.0547
-0.00412,6.0449
-0.001526,6.0403
0.000916,6.0303
0.003204,6.0248
0.003204,6.0159
0.002899,6.0107
0.003204,6.0004
0.005951,5.9949
0.007935,5.9866
0.00824,5.9778
0.010529,5.9717
0.008392,5.9625
0.013275,5.957
0.010986,5.9476
0.010681,5.9427
0.013123,5.9332
0.015411,5.9277
0.015869,5.9186
0.015564,5.9131
0.02243,5.903
0.032654,5.8978
0.057678,5.8887
0.066376,5.8844
0.056763,5.874
0.064697,5.8698
0.024872,5.8652
-0.004425,5.8542
-0.010986,5.8496
-0.001678,5.8453
-0.008545,5.8392
-0.016022,5.8304
-0.018616,5.8255
-0.018768,5.8203
-0.01358,5.8151
-0.013733,5.8115
-0.011597,5.806
-0.006561,5.8008
-0.006409,5.7959
-0.023346,5.7913
-0.07019,5.7852
-0.009003,5.7809
0.289001,5.7764
1.00647,5.7718
0.778809,5.7669
0.031586,5.7617
-0.399933,5.7568
-0.417633,5.7526
-0.261536,5.752
-0.135498,5.7471
-0.089417,5.7416
-0.065308,5.7373
-0.049744,5.733
-0.038452,5.7312
-0.029297,5.7281
-0.018921,5.7227
-0.009766,5.7181
-0.001526,5.7132
0.005341,5.7098
0.013123,5.708
0.020599,5.7025
0.032654,5.6982
0.04364,5.694
0.056458,5.6839
0.071411,5.6793
0.091095,5.6699
0.115051,5.6595
0.139771,5.6488
0.157928,5.6403
0.16922,5.6256
0.171967,5.6146
0.164185,5.6009
0.127869,5.5911
0.063629,5.5771
-0.020905,5.5618
-0.101318,5.5484
-0.162811,5.5371
-0.200195,5.5225
-0.216827,5.5081
-0.219269,5.4938
-0.20874,5.48
-0.194397,5.4688
-0.173798,5.4547
-0.15625,5.4398
-0.134125,5.4291
-0.115967,5.4156
-0.101471,5.4022
-0.087128,5.3912
-0.072479,5.3802
-0.065155,5.3668
-0.055237,5.3574
-0.046082,5.347
-0.038147,5.3372
-0.036011,5.3278
-0.033417,5.3177
-0.03067,5.3082
-0.023346,5.303
-0.02121,5.2936
-0.02121,5.2884
-0.021057,5.2792
-0.018768,5.2737
-0.018921,5.2689
-0.018616,5.2637
-0.017242,5.2594
-0.013733,5.2548
-0.010986,5.2496
-0.009003,5.2444
-0.008698,5.2402
-0.003815,5.2405
0.00061,5.2347
0.000916,5.2313
0.005341,5.2304
0.005646,5.2298
0.006409,5.2252
0.008087,5.2252
0.010834,5.2243
0.010986,5.2203
0.011292,5.2203
0.010681,5.2203
0.010681,5.2203
0.010529,5.2203
0.010681,5.22
0.010681,5.2209
0.013123,5.2197
0.012817,5.2161
0.015564,5.2151
0.015717,5.2155
0.015717,5.2151
0.015564,5.2161
0.015717,5.2151
0.013123,5.2158
0.015411,5.2148
0.016022,5.2148
0.029449,5.2158
0.054626,5.2155
0.05188,5.2155
0.057526,5.2155
0.054321,5.2155
0.010376,5.2155
-0.014343,5.2151
-0.018463,5.2161
-0.009003,5.2155
-0.014343,5.2155
-0.02533,5.2155
-0.026398,5.2155
-0.023651,5.2155
-0.018616,5.2155
-0.011444,5.2155
-0.006409,5.2155
-0.006104,5.2158
-0.006409,5.2155
-0.055847,5.2155
-0.067902,5.2155
0.071869,5.2151
0.594635,5.2155
1.09787,5.2155
0.437317,5.2158
-0.220947,5.2151
-0.45105,5.2151
-0.36377,5.2151
-0.194702,5.2148
-0.114594,5.2109
-0.080261,5.2112
-0.063324,5.2109
-0.04837,5.2115
-0.035858,5.2103
-0.025177,5.2054
-0.013123,5.2057
-0.001526,5.206
0.005646,5.2054
0.015717,5.2017
0.022736,5.2005
0.032196,5.2011
0.041962,5.1996
0.049744,5.1959
0.063782,5.191
0.080566,5.1862
0.101624,5.1801
0.123444,5.1675
0.147095,5.1566
0.16449,5.1422
0.174103,5.1279
0.169373,5.1129
0.154724,5.0937
0.111237,5.076
0.03479,5.0592
-0.050507,5.04
-0.125885,5.0174
-0.178223,4.9976
-0.206757,4.9774
-0.217133,4.9576
-0.21637,4.9384
-0.204468,4.9185
-0.189514,4.8987
-0.175476,4.8798
-0.15625,4.8605
-0.133514,4.8407
-0.116577,4.8212
-0.101929,4.8026
-0.085144,4.7867
-0.075226,4.7684
-0.062866,4.7528
-0.055542,4.7385
-0.048065,4.7235
-0.040894,4.7086
-0.035858,4.6954
-0.030365,4.6841
-0.025787,4.6716
-0.025635,4.66
-0.02594,4.6503
-0.023651,4.6405
-0.02121,4.6301
-0.018921,4.6207
-0.019379,4.6161
-0.018768,4.606
-0.018921,4.6011
-0.016479,4.5966
-0.011292,4.5868
-0.009003,4.5822
-0.009308,4.581
-0.001526,4.5767
0.000763,4.5721
0.002899,4.5676
0.003357,4.5673
0.003357,4.567
0.003815,4.5624
0.003204,4.5621
0.003357,4.5624
0.005646,4.5621
0.010529,4.5618
0.010529,4.5624
0.010529,4.5618
0.008545,4.5621
0.010376,4.5618
0.015717,4.5621
0.013275,4.567
0.013123,4.5679
0.01297,4.567
0.015411,4.5673
0.015717,4.5715
0.018005,4.5724
0.015564,4.577
0.013275,4.577
0.015411,4.5819
0.01358,4.5819
0.020447,4.5868
0.030518,4.5868
0.059967,4.5911
0.049591,4.5917
0.068817,4.5959
0.046997,4.5966
0.003204,4.6011
-0.016174,4.6063
-0.010681,4.606
-0.00885,4.6112
-0.018768,4.6106
-0.02121,4.6158
-0.019073,4.6207
-0.018616,4.6204
-0.018616,4.6259
-0.015411,4.6252
-0.013428,4.631
-0.013733,4.6307
-0.02594,4.6356
-0.082245,4.6362
-0.045013,4.6402
0.232849,4.6439
0.961914,4.6451
0.8638,4.6448
0.107574,4.6503
-0.376892,4.6503
-0.441742,4.6548
-0.294647,4.6548
-0.151215,4.6558
-0.099487,4.6603
-0.072784,4.6597
-0.055237,4.6591
-0.045013,4.6643
-0.033722,4.6646
-0.023804,4.6646
-0.016327,4.6652
-0.003357,4.6695
0.005798,4.6698
0.01358,4.6698
0.022888,4.6701
0.029907,4.6704
0.03952,4.675
0.052032,4.675
0.06897,4.6747
0.086517,4.6701
0.10376,4.6698
0.125732,4.6701
0.147552,4.6652
0.16449,4.6646
0.16922,4.66
0.168762,4.6585
0.139313,4.6552
0.083618,4.6497
0.003204,4.6451
-0.080109,4.6405
-0.148163,4.635
-0.192719,4.6304
-0.216675,4.6259
-0.22171,4.6207
-0.214539,4.6106
-0.2005,4.6066
-0.183258,4.6014
-0.162964,4.5969
-0.147858,4.5865
-0.131531,4.5822
-0.113983,4.577
-0.098724,4.5715
-0.084686,4.5618
-0.072632,4.5572
-0.062714,4.5523
-0.055542,4.548
-0.045319,4.5428
-0.038147,4.5377
-0.034943,4.5331
-0.028381,4.5279
-0.023804,4.5233
-0.023499,4.5227
-0.021057,4.5184
-0.018921,4.5135
-0.020752,4.5135
-0.016327,4.5087
-0.016327,4.5056
-0.013885,4.5038
-0.013428,4.5038
-0.011292,4.4986
-0.011292,4.4995
-0.009003,4.4989
-0.006409,4.4986
-0.001221,4.4995
0.001221,4.4992
0.000763,4.4986
0.003662,4.4983
0.008087,4.4986
0.00824,4.4986
0.011139,4.4992
0.008087,4.4995
0.013275,4.4989
0.013123,4.5047
0.015411,4.5038
0.013275,4.5041
0.013123,4.5084
0.013123,4.5096
0.010681,4.5081
0.012817,4.5132
0.015717,4.5132
0.013275,4.5181
0.015411,4.5184
0.012817,4.5224
0.013123,4.5233
0.015259,4.5282
0.017853,4.5276
0.018311,4.5325
0.019836,4.5361
0.023193,4.5383
0.03479,4.5432
0.063934,4.5474
0.059662,4.5474
0.066833,4.5523
0.066071,4.5569
0.020447,4.5621
-0.007019,4.5618
-0.010681,4.567
-0.00473,4.5721
-0.018311,4.5761
-0.02121,4.5816
-0.018616,4.581
-0.018768,4.5865
-0.016479,4.592
-0.011902,4.5966
-0.008698,4.6017
-0.00885,4.6063
-0.023651,4.6094
-0.079346,4.6106
-0.046692,4.6155
0.240173,4.6207
0.984497,4.6249
0.854187,4.6307
0.101166,4.6353
-0.37796,4.6408
-0.445862,4.65
-0.298157,4.6545
-0.150909,4.6597
-0.097656,4.6643
-0.072784,4.6698
-0.056,4.6793
-0.041351,4.6851
-0.029297,4.689
-0.02121,4.6988
-0.010681,4.704
0.000153,4.7092
0.008545,4.7186
0.015717,4.7266
0.024719,4.7327
0.032501,4.7421
0.039825,4.7476
0.052643,4.7577
0.064392,4.7668
0.084534,4.772
0.1091,4.7818
0.1297,4.7864
0.147858,4.7968
0.162659,4.8047
0.171967,4.812
0.16983,4.8209
0.144958,4.826
0.090179,4.8355
0.010681,4.8413
-0.072632,4.8499
-0.144196,4.8593
-0.190125,4.8639
-0.216522,4.8746
-0.223846,4.8785
-0.211639,4.8871
-0.201874,4.8944
-0.192261,4.8987
-0.173187,4.9036
-0.15274,4.9127
-0.134277,4.9182
-0.116882,4.9228
-0.102386,4.9286
-0.0914,4.9338
-0.081787,4.9432
-0.069427,4.9484
-0.064697,4.9533
-0.053101,4.9625
-0.050812,4.9677
-0.045776,4.9774
-0.038452,4.9826
-0.030975,4.9918
-0.02594,4.9994
-0.026093,5.0055
-0.026093,5.0159
-0.02121,5.025
-0.021667,5.0351
-0.021362,5.0439
-0.016174,5.0537
-0.014038,5.0644
-0.013123,5.0745
-0.008545,5.083
-0.006561,5.0931
-0.006561,5.1065
-0.00351,5.1178
-0.001678,5.1288
-0.001221,5.1419
0.000763,5.1553
0.003357,5.1663
0.005493,5.1813
0.008087,5.1953
0.010681,5.2103
0.008698,5.2234
0.013123,5.2396
0.01297,5.2545
0.010681,5.2692
0.010681,5.2844
0.013123,5.3033
0.013123,5.3174
0.012817,5.3369
0.010681,5.3522
0.01297,5.3711
0.010376,5.3891
0.013123,5.4062
0.01297,5.4257
0.015259,5.4449
0.015106,5.4645
0.02594,5.4837
0.054321,5.5063
0.049438,5.5261
0.06134,5.5469
0.063782,5.5658
0.01709,5.5899
-0.011292,5.6107
-0.011139,5.6305
-0.006409,5.6503
-0.016174,5.6732
-0.023804,5.6934
-0.021362,5.7135
-0.02121,5.7367
-0.018616,5.7574
-0.013885,5.777
-0.006561,5.799
-0.00885,5.8182
-0.050201,5.8398
-0.086975,5.8588
-0.003052,5.8789
0.39032,5.8984
1.054382,5.9171
0.666656,5.9366
0.049744,5.9558
-0.36972,5.9726
-0.439301,5.9912
-0.297394,6.0101
-0.158386,6.0266
-0.106506,6.044
-0.079193,6.0623
-0.055389,6.0791
-0.038757,6.0974
-0.028992,6.113
-0.0177,6.1282
-0.006714,6.1462
-0.001373,6.1621
0.003357,6.1758
0.010681,6.1911
0.015717,6.2051
0.025635,6.2201
0.037079,6.2329
0.044403,6.2454
0.057678,6.2592
0.073395,6.2689
0.09079,6.2823
0.112915,6.2936
0.127563,6.3028
0.137329,6.3126
0.142212,6.3229
0.13504,6.3324
0.118408,6.3373
0.070496,6.347
0.001068,6.3525
-0.065308,6.3623
-0.121765,6.366
-0.16098,6.376
-0.177612,6.3815
-0.177612,6.3867
-0.172882,6.3919
-0.159912,6.3965
-0.13916,6.4008
-0.126801,6.4056
-0.113373,6.4111
-0.096893,6.416
-0.085144,6.4206
-0.081787,6.4246
-0.071869,6.4249
-0.065155,6.4304
-0.060425,6.4343
-0.052795,6.4398
-0.045471,6.4435
-0.040588,6.4447
-0.038452,6.449
-0.033264,6.4536
-0.035706,6.4542
-0.028534,6.459
-0.028687,6.4642
-0.026245,6.4688
-0.023804,6.4691
-0.02121,6.4734
-0.016022,6.4789
-0.018921,6.4795
-0.018921,6.4838
-0.011444,6.4886
-0.008392,6.4932
-0.007019,6.4938
0.000458,6.4984
0.003052,6.5033
0.00061,6.5079
-0.001221,6.5079
0.00061,6.5128
0.005798,6.5176
0.005798,6.5234
0.003052,6.528
0.010834,6.5317
0.010834,6.5329
0.010681,6.5381
0.010834,6.5433
0.011444,6.5469
0.013428,6.5521
0.015869,6.5573
0.02533,6.5619
0.047607,6.5662
0.052032,6.5714
0.056305,6.5771
0.065613,6.5808
0.022278,6.5845
-0.009003,6.5894
-0.011749,6.5918
-0.001678,6.5973
-0.011139,6.601
-0.019073,6.6055
-0.021667,6.611
-0.016174,6.6153
-0.011597,6.6199
-0.006866,6.6248
-0.001984,6.6302
-0.001678,6.6348
-0.045471,6.6397
-0.064697,6.6452
0.081787,6.6498
0.574341,6.6541
1.039734,6.6589
0.488129,6.6644
-0.093384,6.6699
-0.415955,6.6739
-0.418701,6.6772
-0.272369,6.6788
-0.149994,6.6833
-0.099792,6.6885
-0.071411,6.6937
-0.052338,6.6992
-0.040894,6.7041
-0.028229,6.7062
-0.016327,6.7081
-0.009003,6.7136
-0.00412,6.7178
0.005951,6.7224
0.01297,6.7224
0.018158,6.7279
0.03006,6.7325
0.037537,6.7337
0.05127,6.7377
0.065308,6.7422
0.083618,6.7429
0.102844,6.7471
0.122528,6.7484
0.133362,6.7526
0.145111,6.7517
0.149689,6.7523
0.141144,6.7569
0.107574,6.7569
0.049438,6.7569
-0.023651,6.7612
-0.092163,6.7621
-0.141602,6.7627
-0.170135,6.7618
-0.180359,6.7624
-0.182648,6.7618
-0.175323,6.7676
-0.162811,6.7667
-0.147247,6.7673
-0.131073,6.7661
-0.112152,6.7661
-0.096741,6.767
-0.084534,6.767
-0.077667,6.7664
-0.067596,6.7667
-0.060425,6.7719
-0.050812,6.7715
-0.043335,6.7709
-0.039978,6.7722
-0.035858,6.7712
-0.030823,6.7719
-0.033569,6.7722
-0.030823,6.7715
-0.031128,6.7719
-0.02594,6.7767
-0.023804,6.7767
-0.018768,6.7764
-0.016479,6.7764
-0.019226,6.7764
-0.011444,6.7816
-0.008698,6.7813
-0.011292,6.7807
-0.00885,6.7865
-0.006561,6.7862
-0.003967,6.7856
-0.00412,6.7911
-0.001373,6.7914
-0.001373,6.7908
-0.001526,6.7963
0.003052,6.7963
0.00824,6.8008
0.010834,6.8008
0.010681,6.8054
0.02121,6.806
0.042572,6.8054
0.056763,6.8115
0.056458,6.8109
0.078583,6.8149
0.046844,6.8164
0.008392,6.8213
-0.010834,6.8201
-0.001678,6.8253
-0.006256,6.8259
-0.018463,6.8304
-0.018768,6.8301
-0.016479,6.835
-0.016327,6.8347
-0.011444,6.8408
-0.006561,6.8396
-0.001831,6.8451
-0.019226,6.8448
-0.067444,6.85
-0.013733,6.85
0.227356,6.8542
0.890503,6.8549
0.848694,6.8597
0.200958,6.86
-0.287933,6.8643
-0.438538,6.8655
-0.329742,6.8689
-0.175781,6.8741
-0.103607,6.8747
-0.074005,6.8787
-0.058136,6.879
-0.044861,6.8835
-0.032654,6.8835
-0.02121,6.889
-0.015564,6.8936
-0.003815,6.8945
0.000916,6.8985
0.011292,6.9016
0.022583,6.9034
0.032196,6.9086
0.037689,6.9083
0.050201,6.9135
0.061798,6.9128
0.073853,6.918
0.093079,6.9186
0.112762,6.9177
0.128326,6.9235
0.140839,6.9235
0.147247,6.9232
0.144958,6.9226
0.125122,6.9275
0.075073,6.9281
0.004425,6.9278
-0.062714,6.9281
-0.127106,6.9281
-0.166016,6.9278
-0.184937,6.9247
-0.185089,6.9226
-0.180054,6.9232
-0.167999,6.9229
-0.152435,6.9232
-0.133514,6.9232
-0.114594,6.9171
-0.101624,6.918
-0.087585,6.9183
-0.079956,6.9183
-0.065002,6.9135
-0.057678,6.9135
-0.052795,6.9135
-0.043793,6.9131
-0.035706,6.9086
-0.0383,6.908
-0.03006,6.9089
-0.025787,6.908
-0.023499,6.904
-0.023804,6.9034
-0.018768,6.9028
-0.016327,6.9046
-0.016327,6.9031
-0.018921,6.8988
-0.016479,6.8985
-0.013733,6.8991
-0.008698,6.8994
-0.006561,6.8985
-0.003967,6.8945
-0.005646,6.8936
0.003204,6.8936
0.003204,6.8939
0.003204,6.8939
0.003204,6.8936
0.005646,6.8939
0.005798,6.8945
0.005646,6.8942
0.010681,6.8945
0.015411,6.8936
0.022888,6.8933
0.043945,6.8948
0.058441,6.889
0.054626,6.8887
0.071564,6.889
0.029602,6.889
-0.007324,6.889
-0.020599,6.889
-0.004272,6.8939
-0.007477,6.8945
-0.019836,6.893
-0.021362,6.8942
-0.016174,6.8936
-0.011292,6.8936
-0.006409,6.8942
-0.00351,6.8933
-0.001526,6.8942
-0.014038,6.8936
-0.065002,6.8933
-0.016785,6.8988
0.230408,6.8988
0.896454,6.8991
0.842133,6.8988
0.170441,6.8985
-0.302734,6.8982
-0.433655,6.8979
-0.316925,6.8982
-0.166931,6.8988
-0.098877,6.904
-0.066986,6.9034
-0.052795,6.9037
-0.038605,6.9043
-0.026093,6.904
-0.016937,6.904
-0.006409,6.9034
-0.00061,6.9037
0.010376,6.9037
0.017395,6.9037
0.02533,6.9037
0.032654,6.9043
0.042114,6.9037
0.053864,6.9037
0.071869,6.9037
0.088348,6.8991
0.110168,6.8988
0.132141,6.8991
0.149536,6.8988
0.157013,6.8936
0.161743,6.8936
0.151215,6.8933
0.126801,6.8887
0.06897,6.8887
-0.003967,6.8839
-0.079956,6.8839
-0.144196,6.879
-0.185699,6.8799
-0.207062,6.8744
-0.212097,6.8741
-0.200043,6.8695
-0.185089,6.8649
-0.168304,6.864
-0.148773,6.86
-0.131531,6.8594
-0.114441,6.8542
-0.097046,6.85
-0.085144,6.8512
-0.074921,6.8451
-0.065765,6.8448
-0.058136,6.8399
-0.04837,6.8344
-0.045624,6.8347
-0.042419,6.8298
-0.040741,6.8301
-0.038147,6.8253
-0.035706,6.8225
-0.033569,6.8207
-0.032349,6.8158
-0.028381,6.8158
-0.026245,6.8109
-0.021515,6.8115
-0.016479,6.806
-0.011597,6.8063
-0.009308,6.8008
-0.009003,6.8008
-0.005035,6.7963
-0.001526,6.7966
-0.001373,6.7911
0.000763,6.7911
0.003052,6.7865
0.005493,6.7865
0.005798,6.7813
0.008087,6.7816
0.010834,6.7773
0.010376,6.777
0.015564,6.7712
0.013123,6.767
0.010834,6.7639
0.010376,6.7615
0.015564,6.7578
0.015564,6.752
0.01297,6.748
0.022888,6.7422
0.046692,6.7377
0.063171,6.7328
0.059204,6.7279
0.081177,6.723
0.043793,6.7184
0.003662,6.7126
-0.01236,6.7084
-0.006561,6.7038
-0.013733,6.6986
-0.023499,6.6946
-0.023956,6.6885
-0.02121,6.684
-0.018463,6.68
-0.013733,6.6736
-0.013733,6.669
-0.009003,6.6647
-0.023193,6.6595
-0.072174,6.6537
-0.018311,6.6492
0.265045,6.6455
0.951233,6.6394
0.837555,6.6351
0.09613,6.6309
-0.370941,6.6248
-0.433044,6.6205
-0.29007,6.6159
-0.148163,6.6104
-0.093994,6.6055
-0.067596,6.5979
-0.052032,6.5912
-0.040588,6.586
-0.02594,6.5817
-0.01358,6.5771
-0.004272,6.571
0.005798,6.5668
0.015106,6.5616
0.022736,6.5527
0.03006,6.5472
0.037537,6.543
0.050354,6.5332
0.063782,6.5247
0.078735,6.5179
0.099335,6.5079
0.122375,6.499
0.144653,6.4883
0.166626,6.4789
0.179443,6.4685
0.18158,6.4551
0.174255,6.445
0.142517,6.4346
0.083466,6.42
0.002136,6.4078
-0.082397,6.3962
-0.153809,6.3818
-0.198975,6.369
-0.220032,6.3571
-0.224152,6.3419
-0.21698,6.3284
-0.202026,6.315
-0.182648,6.3028
-0.163269,6.2891
-0.142365,6.2738
-0.125427,6.2589
-0.1091,6.246
-0.092621,6.2308
-0.082397,6.2155
-0.074921,6.2012
-0.065308,6.1868
-0.057831,6.174
-0.050507,6.1618
-0.045776,6.1465
-0.043182,6.1331
-0.038147,6.1224
-0.035706,6.1087
-0.035858,6.0956
-0.03067,6.084
-0.028534,6.0742
-0.023499,6.0614
-0.021057,6.0498
-0.016174,6.04
-0.013885,6.0303
-0.013885,6.0205
-0.013733,6.011
-0.013733,6.0016
-0.011444,5.9927
-0.006561,5.9866
-0.003967,5.9769
0.00061,5.9668
0.003662,5.9622
0.005493,5.9528
0.005646,5.9448
0.005798,5.9369
0.006104,5.9277
0.005646,5.9229
0.008087,5.9134
0.007935,5.9082
0.010986,5.8984
0.010834,5.889
0.013123,5.8838
0.012207,5.8743
0.010834,5.8688
0.013275,5.8591
0.021515,5.8502
0.045166,5.8447
0.06546,5.8347
0.06134,5.8307
0.081482,5.82
0.04425,5.8157
0.001526,5.806
-0.015869,5.8008
-0.009003,5.7916
-0.013733,5.7864
-0.025635,5.7819
-0.028687,5.7727
-0.026093,5.7669
-0.023804,5.7617
-0.017853,5.7568
-0.011902,5.7526
-0.011292,5.7474
-0.021515,5.7416
-0.079651,5.7367
-0.037384,5.7321
0.235748,5.7275
0.937195,5.7227
0.908508,5.7181
0.124664,5.7135
-0.379486,5.7083
-0.442657,5.7031
-0.294647,5.7037
-0.15213,5.6992
-0.098572,5.694
-0.072937,5.6885
-0.055237,5.6888
-0.043335,5.6836
-0.030975,5.6793
-0.016479,5.6787
-0.00412,5.6741
0.005646,5.6693
0.015717,5.6686
0.022278,5.6644
0.032349,5.6595
0.040741,5.6552
0.052032,5.6503
0.063782,5.6409
0.078583,5.6345
0.09903,5.6244
0.120087,5.6158
0.140076,5.6052
0.158081,5.5914
0.174255,5.5814
0.179443,5.5685
0.168762,5.5573
0.137024,5.5426
0.072632,5.528
-0.01236,5.5151
-0.093536,5.5032
-0.156403,5.4883
-0.195618,5.4736
-0.216522,5.459
-0.218048,5.4449
-0.209351,5.43
-0.197601,5.4163
-0.179138,5.4053
-0.15976,5.3918
-0.138855,5.3766
-0.124207,5.3662
-0.106812,5.3519
-0.093536,5.3415
-0.081329,5.3275
-0.074158,5.3177
-0.070038,5.3082
-0.060272,5.2975
-0.052795,5.2887
-0.048218,5.2789
-0.043335,5.2682
-0.038147,5.2588
-0.036011,5.2496
-0.033417,5.2444
-0.026398,5.2347
-0.02594,5.2295
-0.023499,5.2222
-0.020752,5.2145
-0.018311,5.2106
-0.016479,5.2054
-0.013733,5.2005
-0.011597,5.1962
-0.011139,5.1917
-0.010529,5.1871
-0.006104,5.1862
-0.00351,5.1816
0.000305,5.177
0.005646,5.1764
0.005951,5.1718
0.008392,5.1709
0.008392,5.1712
0.010376,5.1666
0.01297,5.1669
0.013275,5.1663
0.015564,5.1617
0.015564,5.1617
0.015717,5.1617
0.015411,5.1608
0.015564,5.1611
0.015259,5.1617
0.018005,5.1569
0.025024,5.1566
0.040741,5.1559
0.071411,5.1566
0.056915,5.1566
0.067444,5.1569
0.053864,5.1562
0.007324,5.1566
-0.016174,5.1566
-0.012512,5.1562
-0.006409,5.1572
-0.018616,5.1566
-0.02121,5.1562
-0.018158,5.1562
-0.016022,5.1569
-0.014038,5.1569
-0.006561,5.1569
-0.006561,5.1569
-0.009766,5.1572
-0.074921,5.1566
-0.079346,5.1566
0.109863,5.1559
0.724792,5.1566
1.072845,5.1566
0.343323,5.1569
-0.279999,5.1562
-0.460205,5.1572
-0.350037,5.1569
-0.1828,5.1566
-0.112915,5.1566
-0.08255,5.1566
-0.061798,5.1562
-0.043488,5.1569
-0.030823,5.1566
-0.023346,5.1572
-0.011749,5.1569
-0.001678,5.1523
0.00885,5.1514
0.010529,5.152
0.022888,5.1514
0.030365,5.1526
0.03952,5.1523
0.050659,5.1474
0.064087,5.1419
0.079803,5.1367
0.101776,5.1279
0.123749,5.1178
0.143433,5.1035
0.159454,5.0891
0.166779,5.0751
0.164642,5.0546
0.148926,5.036
0.10788,5.0162
0.040741,4.9969
-0.044403,4.9771
-0.118408,4.953
-0.173187,4.9323
-0.202026,4.9084
-0.213013,4.8865
-0.20813,4.8645
-0.197144,4.8425
-0.184021,4.8209
-0.164337,4.7983
-0.143585,4.7769
-0.126801,4.7574
-0.111847,4.7372
-0.098419,4.7183
-0.086975,4.6994
-0.077362,4.6786
-0.070038,4.6625
-0.06073,4.6451
-0.052948,4.6307
-0.048065,4.6152
-0.045776,4.6014
-0.040741,4.5865
-0.039825,4.5721
-0.033417,4.5624
-0.028687,4.5517
-0.030975,4.5401
-0.03067,4.5303
-0.028381,4.5233
-0.023956,4.5142
-0.018616,4.5056
-0.013885,4.4989
-0.013733,4.4946
-0.011597,4.4891
-0.00885,4.4836
-0.008698,4.4785
-0.006256,4.4748
-0.00412,4.4742
0.003052,4.4696
0.002899,4.4699
0.005646,4.4647
0.005951,4.465
0.005798,4.4644
0.008392,4.4647
0.007935,4.465
0.00824,4.4641
0.010529,4.4644
0.01297,4.4684
0.01297,4.4696
0.013123,4.4699
0.015869,4.4745
0.020447,4.4739
0.029449,4.4745
0.058899,4.4794
0.057068,4.4794
0.065308,4.4839
0.065613,4.4843
0.019531,4.4888
-0.007477,4.4934
-0.015259,4.4937
-0.009155,4.4992
-0.018616,4.4995
-0.026245,4.5044
-0.023804,4.5087
-0.018616,4.509
-0.014191,4.5139
-0.009003,4.5181
-0.008545,4.5175
-0.011292,4.5239
-0.068207,4.5227
-0.084381,4.5282
0.075073,4.5325
0.657349,4.5334
1.107941,4.5374
0.427856,4.541
-0.217438,4.5432
-0.449829,4.5474
-0.366211,4.5474
-0.198975,4.5526
-0.118561,4.552
-0.083923,4.5572
-0.062561,4.5572
-0.04715,4.5627
-0.036011,4.5621
-0.023499,4.5676
-0.012817,4.5679
-0.000458,4.5721
0.008392,4.5718
0.014954,4.577
0.02121,4.577
0.030212,4.577
0.039673,4.5813
0.049438,4.5816
0.061798,4.5819
0.074921,4.5816
0.093689,4.5816
0.11734,4.5819
0.138397,4.5819
0.157013,4.5816
0.166931,4.5819
0.169067,4.5773
0.157166,4.5764
0.117493,4.5767
0.050201,4.5724
-0.032349,4.5712
-0.110016,4.5721
-0.164032,4.5667
-0.19455,4.5667
-0.206909,4.5673
-0.203705,4.5621
-0.197449,4.5627
-0.180511,4.5615
-0.160675,4.5624
-0.143433,4.5667
-0.128021,4.567
-0.112152,4.5663
-0.096893,4.5715
-0.084686,4.5758
-0.076294,4.5764
-0.067596,4.5822
-0.06012,4.5908
-0.053101,4.5953
-0.042877,4.6021
-0.040894,4.6109
-0.040741,4.6191
-0.037537,4.6255
-0.033264,4.6356
-0.030823,4.6451
-0.028992,4.6576
-0.023651,4.6695
-0.018463,4.6793
-0.018768,4.6942
-0.018158,4.7061
-0.016327,4.7192
-0.009003,4.7324
-0.006409,4.7485
-0.009003,4.7626
-0.001831,4.7812
0.00351,4.7968
0.003357,4.8117
0.00061,4.83
0.003052,4.8456
0.005798,4.8642
0.005493,4.8792
0.008392,4.899
0.008087,4.9173
0.007935,4.9353
0.008087,4.9527
0.010681,4.9722
0.013123,4.9924
0.015564,5.0143
0.01297,5.0333
0.010376,5.0543
0.012512,5.0742
0.017548,5.0931
0.04303,5.1175
0.052185,5.1373
0.055084,5.1596
0.07431,5.1801
0.034027,5.2011
-0.002594,5.224
-0.012665,5.2444
-0.008698,5.267
-0.015869,5.2887
-0.023346,5.3098
-0.023499,5.3323
-0.021515,5.3519
-0.014191,5.3763
-0.009003,5.3961
-0.011444,5.4199
-0.00885,5.4398
-0.060425,5.4636
-0.08606,5.4837
0.034943,5.5078
0.537415,5.5276
1.037292,5.5508
0.51178,5.5716
-0.06897,5.5957
-0.411682,5.6189
-0.420837,5.6396
-0.260162,5.6622
-0.140991,5.6845
-0.093842,5.7059
-0.067596,5.7275
-0.049286,5.7498
-0.0383,5.7718
-0.028534,5.7944
-0.020905,5.8145
-0.011444,5.835
-0.003052,5.8548
0.005951,5.8743
0.010681,5.8942
0.017853,5.9137
0.025177,5.9317
0.036469,5.95
0.044708,5.9671
0.060425,5.9839
0.075989,6.0001
0.096741,6.0156
0.114441,6.0297
0.132599,6.0443
0.139618,6.0547
0.142517,6.0696
0.135345,6.0818
0.109406,6.0928
0.057526,6.1029
-0.009308,6.1133
-0.074463,6.1258
-0.124512,6.1356
-0.156708,6.1429
-0.167847,6.1523
-0.163116,6.1618
-0.160675,6.1722
-0.148468,6.1789
-0.131226,6.1862
-0.114441,6.1963
-0.102234,6.2015
-0.094604,6.2109
-0.082397,6.2155
-0.074768,6.2256
-0.067596,6.2305
-0.062866,6.2402
-0.057831,6.2442
-0.052948,6.2546
-0.050507,6.2601
-0.043488,6.2677
-0.038147,6.2729
-0.030823,6.2787
-0.028381,6.2885
-0.023651,6.2936
-0.023651,6.2988
-0.023956,6.3086
-0.016327,6.3135
-0.013885,6.3187
-0.00885,6.3275
-0.009155,6.3324
-0.01358,6.3379
-0.011902,6.3431
-0.003967,6.3522
-0.006409,6.3565
-0.006409,6.362
-0.003967,6.3672
0.000763,6.3745
-0.001373,6.3818
0.000763,6.3861
0.000763,6.391
0.00412,6.3956
0.010071,6.4008
0.021667,6.4053
0.046539,6.4154
0.050659,6.4203
0.051422,6.4252
0.069275,6.4301
0.032196,6.4352
-0.00351,6.4404
-0.009308,6.4453
0.003204,6.4499
-0.006256,6.4587
-0.016174,6.4651
-0.016327,6.4697
-0.013733,6.4734
-0.011444,6.4789
-0.003967,6.4841
-0.003815,6.4941
-0.001526,6.4984
-0.044403,6.5033
-0.072784,6.5079
0.035095,6.5167
0.444946,6.5225
1.021881,6.5286
0.598297,6.5323
0.021515,6.5417
-0.365753,6.5479
-0.417023,6.553
-0.276031,6.5573
-0.147858,6.5649
-0.093994,6.572
-0.066528,6.5771
-0.053101,6.5817
-0.038452,6.5863
-0.02594,6.5948
-0.016174,6.6016
-0.006409,6.6064
0.000458,6.6101
0.003357,6.6153
0.00824,6.6202
0.012665,6.6257
0.020447,6.6302
0.032501,6.6351
0.042114,6.64
0.054474,6.6443
0.067444,6.6498
0.08606,6.6495
0.105286,6.6547
0.120239,6.6595
0.130157,6.6595
0.135193,6.6641
0.123138,6.6644
0.100098,6.669
0.049286,6.6693
-0.014343,6.6742
-0.077972,6.6748
-0.12619,6.6748
-0.153198,6.6788
-0.160522,6.6791
-0.160522,6.6791
-0.145874,6.6843
-0.13504,6.6833
-0.12146,6.6849
-0.109406,6.6852
-0.096893,6.6895
-0.082397,6.6888
-0.075073,6.6895
-0.065155,6.6888
-0.057678,6.6934
-0.050964,6.6937
-0.050354,6.6937
-0.050507,6.6946
-0.043182,6.6983
-0.040741,6.6992
-0.035858,6.6986
-0.035706,6.6986
-0.033417,6.7038
-0.030823,6.7035
-0.026093,6.7038
-0.018616,6.7029
-0.016327,6.7087
-0.016479,6.709
-0.010376,6.7087
-0.011597,6.7133
-0.011292,6.7133
-0.013885,6.7178
-0.011139,6.7184
-0.006409,6.7188
-0.003815,6.7224
-0.001373,6.7233
0.005798,6.7279
0.005798,6.727
0.009766,6.7334
0.032654,6.7328
0.041962,6.738
0.056152,6.7377
0.071869,6.7426
0.039978,6.7426
0.00351,6.7474
-0.017395,6.748
-0.006256,6.7523
-0.016022,6.7523
-0.023499,6.7569
-0.026093,6.7569
-0.018768,6.7618
-0.010223,6.7621
-0.00412,6.7664
-0.00412,6.77
-0.001373,6.7722
-0.016937,6.7764
-0.064087,6.7764
0.003357,6.7822
0.270844,6.7825
0.937042,6.7871
0.777893,6.7865
0.1651,6.7908
-0.292511,6.7911
-0.423737,6.7963
-0.309448,6.796
-0.163879,6.8002
-0.098572,6.8015
-0.067596,6.8042
-0.048218,6.8066
-0.0383,6.806
-0.028534,6.8112
-0.016327,6.8106
-0.006561,6.8155
0.001984,6.8164
0.006714,6.8158
0.012817,6.8213
0.018921,6.8213
0.023193,6.8204
0.032654,6.8204
0.044403,6.8253
0.055237,6.8256
0.073242,6.8253
0.094757,6.8259
0.108032,6.8253
0.119934,6.8253
0.130463,6.8259
0.132599,6.8253
0.125732,6.8256
0.103455,6.8256
0.055695,6.8253
-0.014648,6.8243
-0.080414,6.8204
-0.132294,6.8201
-0.161591,6.8201
-0.170288,6.8164
-0.175171,6.8152
-0.164032,6.8161
-0.146179,6.8161
-0.136108,6.8118
-0.12207,6.8106
-0.109406,6.8109
-0.094604,6.8057
-0.08255,6.806
-0.075073,6.806
-0.064087,6.8011
-0.052795,6.8011
-0.052032,6.8008
-0.048218,6.7963
-0.044556,6.796
-0.038147,6.796
-0.035858,6.796
-0.031281,6.7911
-0.033417,6.7914
-0.03067,6.7914
-0.026245,6.7914
-0.023651,6.7908
-0.025024,6.7862
-0.023804,6.7865
-0.016327,6.7865
-0.014038,6.7862
-0.011292,6.7859
-0.009003,6.7865
-0.006714,6.7865
-0.004272,6.7816
-0.001984,6.7822
0.00061,6.7816
0.005798,6.7816
0.024872,6.7816
0.04425,6.7813
0.049133,6.7813
0.07843,6.7822
0.071716,6.7816
0.029449,6.7822
0.001221,6.7822
-0.011749,6.7813
-0.009003,6.7816
-0.020752,6.7816
-0.02594,6.7819
-0.023804,6.781
-0.018921,6.7871
-0.016327,6.7868
-0.013885,6.7862
-0.011292,6.7865
-0.009155,6.7862
-0.025024,6.7859
-0.069885,6.7868
-0.009766,6.7862
0.263672,6.7871
0.949707,6.7859
0.802765,6.7868
0.132599,6.7862
-0.330658,6.7868
-0.43457,6.7871
-0.307007,6.7862
-0.162201,6.7865
-0.101013,6.7871
-0.071716,6.7911
-0.054321,6.7917
-0.035706,6.7914
-0.028229,6.792
-0.021057,6.792
-0.007629,6.7908
0.003204,6.7926
0.013275,6.7911
0.018311,6.7914
0.02533,6.7914
0.032806,6.7911
0.041656,6.7908
0.054474,6.7911
0.070343,6.7908
0.088501,6.7905
0.107727,6.7862
0.129089,6.7865
0.146027,6.7871
0.157013,6.7871
0.154877,6.7807
0.143585,6.7816
0.110931,6.7813
0.051727,6.7767
-0.024261,6.774
-0.097046,6.7719
-0.149536,6.7667
-0.18219,6.7673
-0.194702,6.7624
-0.194855,6.7575
-0.182495,6.7572
-0.167999,6.7523
-0.149384,6.748
-0.131531,6.7432
-0.111542,6.7426
-0.094147,6.7377
-0.082397,6.7334
-0.0737,6.7279
-0.065308,6.7236
-0.055389,6.7236
-0.050354,6.7184
-0.045319,6.713
-0.040741,6.7093
-0.038147,6.7035
-0.0383,6.7032
-0.035553,6.6983
-0.033569,6.6943
-0.030518,6.6891
-0.025787,6.6895
-0.023499,6.684
-0.02121,6.6791
-0.018616,6.6742
-0.015869,6.6742
-0.016327,6.6693
-0.013733,6.6644
-0.006561,6.6644
-0.003662,6.6599
0.001068,6.6547
-0.002899,6.6547
-0.001526,6.6501
0.000763,6.647
0.000763,6.6449
0.003357,6.6403
0.003052,6.6403
0.00351,6.6351
0.005798,6.6309
0.010681,6.626
0.01297,6.6254
0.013123,6.6205
0.013123,6.6156
0.017548,6.6101
0.015411,6.6068
0.01297,6.6071
0.01297,6.6013
0.015564,6.5958
0.015411,6.5915
0.015411,6.5866
0.016785,6.582
0.041809,6.5765
0.05661,6.5723
0.061646,6.5668
0.082092,6.5622
0.048218,6.5576
0.009308,6.5527
-0.013733,6.5479
-0.009918,6.5417
-0.011292,6.5378
-0.023193,6.5329
-0.028687,6.5274
-0.021362,6.5228
-0.016479,6.5173
-0.013885,6.5131
-0.012207,6.5085
-0.00946,6.4987
-0.0177,6.4938
-0.072327,6.489
-0.036011,6.4841
0.198364,6.474
0.840454,6.4694
0.93277,6.4639
0.181732,6.4539
-0.343628,6.4493
-0.441589,6.4426
-0.312958,6.4346
-0.312347,6.4301
-0.094452,6.4203
-0.072479,6.4154
-0.05188,6.4105
-0.036316,6.4011
-0.023651,6.3965
-0.013885,6.3916
-0.001221,6.3818
0.008392,6.376
0.017853,6.3672
0.025482,6.362
0.032654,6.3568
0.039673,6.348
0.053101,6.3394
0.064087,6.3327
0.080109,6.3232
0.100098,6.3135
0.122833,6.3034
0.143585,6.2897
0.160828,6.2787
0.169067,6.2665
0.171356,6.2549
0.162048,6.2405
0.131378,6.2268
0.072937,6.2158
-0.011444,6.2009
-0.095673,6.1871
-0.160675,6.1719
-0.194855,6.1569
-0.22171,6.1423
-0.224152,6.1279
-0.209808,6.113
-0.195007,6.0986
-0.177612,6.0843
-0.158234,6.0715
-0.136261,6.0596
-0.119171,6.0452
-0.10437,6.033
-0.089874,6.0205
-0.075836,6.0104
-0.066223,5.9964
-0.060425,5.9863
-0.055389,5.9766
-0.047913,5.9662
-0.043182,5.957
-0.038147,5.9473
-0.035858,5.9378
-0.033417,5.9277
-0.033417,5.9177
-0.028534,5.9137
-0.028229,5.9033
-0.028687,5.8939
-0.02594,5.8887
-0.023804,5.8783
-0.021057,5.874
-0.018616,5.8646
-0.016022,5.8591
-0.013733,5.8505
-0.013885,5.8447
-0.011597,5.8401
-0.00412,5.8301
-0.001678,5.8255
-0.001831,5.8163
0.000458,5.8109
0.000763,5.8057
0.003357,5.7956
0.007324,5.7904
0.008087,5.7861
0.005493,5.7761
0.010681,5.7721
0.008087,5.7669
0.010681,5.7562
0.00824,5.752
0.00824,5.7465
0.008087,5.7422
0.010529,5.7324
0.015717,5.7272
0.015259,5.7224
0.015564,5.7178
0.012665,5.7108
0.015564,5.7031
0.025024,5.6976
0.04837,5.694
0.069122,5.6885
0.06073,5.6839
0.081482,5.6766
0.045319,5.6693
0.006714,5.6641
-0.011139,5.6592
-0.009003,5.6546
-0.016327,5.6494
-0.02533,5.6448
-0.028229,5.6375
-0.023804,5.6296
-0.021515,5.6247
-0.016937,5.621
-0.011139,5.6155
-0.006866,5.6104
-0.014648,5.6052
-0.071259,5.6009
-0.053101,5.5969
0.169525,5.5911
0.809937,5.5859
1.00708,5.5811
0.237427,5.5814
-0.335541,5.5759
-0.445557,5.5713
-0.313568,5.5667
-0.163116,5.5615
-0.105286,5.5618
-0.078735,5.5573
-0.060577,5.5524
-0.045929,5.5472
-0.033722,5.5426
-0.019836,5.5429
-0.011444,5.5377
-0.001678,5.531
0.00824,5.5273
0.017853,5.5258
0.023956,5.5219
0.03006,5.5154
0.038757,5.5081
0.049591,5.5032
0.06546,5.4932
0.08255,5.4837
0.100708,5.4688
0.125275,5.4599
0.147095,5.4443
0.161743,5.4309
0.16922,5.416
0.165253,5.4019
0.145416,5.3864
0.099792,5.3708
0.024872,5.3571
-0.059967,5.3384
-0.126495,5.3226
-0.174713,5.3076
-0.201416,5.2924
-0.209656,5.2737
-0.206909,5.2594
-0.196533,5.2448
-0.177155,5.2298
-0.160065,5.2142
-0.141449,5.1993
-0.125885,5.1865
-0.108643,5.1718
-0.087585,5.1566
-0.079651,5.1428
-0.068054,5.1315
-0.059662,5.1221
-0.055084,5.108
-0.046387,5.0983
-0.043182,5.0888
-0.040894,5.0784
-0.035858,5.0693
-0.03479,5.061
-0.031128,5.0546
-0.028687,5.0449
-0.028381,5.0409
-0.02594,5.032
-0.023499,5.0253
-0.021057,5.0208
-0.018768,5.0159
-0.016327,5.0113
-0.015717,5.0061
-0.00885,5.0015
-0.006561,5.0012
-0.006256,4.996
-0.003967,4.9918
-0.001526,4.9915
0.000916,4.9863
0.005798,4.9869
0.005493,4.9875
0.005493,4.9814
0.00824,4.9826
0.010529,4.9826
0.01236,4.9814
0.01297,4.9817
0.013123,4.982
0.012665,4.9823
0.01297,4.9823
0.013428,4.9817
0.013123,4.9814
0.013123,4.982
0.010681,4.982
0.010529,4.9817
0.013428,4.9817
0.013123,4.9814
0.015564,4.9817
0.023499,4.9811
0.047455,4.9863
0.06897,4.9869
0.061798,4.9866
0.082092,4.9866
0.053864,4.9863
0.010071,4.9863
-0.012054,4.9918
-0.012054,4.9915
-0.016327,4.9918
-0.02594,4.9911
-0.028534,4.9915
-0.023956,4.9963
-0.018616,4.9966
-0.018768,4.996
-0.013885,4.9963
-0.009613,4.9963
-0.016632,5.0009
-0.079956,5.0012
-0.074463,5.0009
0.149384,5.0012
0.81131,5.0015
1.009521,5.0006
0.249481,5.0058
-0.323029,5.0067
-0.448914,5.0055
-0.325317,5.0061
-0.172577,5.0058
-0.113678,5.0061
-0.085449,5.0061
-0.065765,5.0061
-0.050659,5.0058
-0.03891,5.0061
-0.028381,5.0055
-0.020905,5.0067
-0.009003,5.0064
0.002747,5.0067
0.01358,5.0061
0.023041,5.0067
0.031891,5.0061
0.039673,5.0061
0.05127,5.0067
0.067291,5.0006
0.083618,5.0012
0.103302,4.9966
0.127411,4.9918
0.14801,4.9884
0.161438,4.9817
0.16922,4.9719
0.168457,4.9588
0.149689,4.9423
0.09964,4.9277
0.022583,4.9075
-0.06012,4.884
-0.130768,4.8615
-0.179749,4.8392
-0.20462,4.8129
-0.215149,4.7867
-0.206757,4.7623
-0.192566,4.7348
-0.175629,4.7083
-0.159912,4.6805
-0.140381,4.6536
-0.123901,4.6277
-0.108337,4.6011
-0.096436,4.5764
-0.085449,4.549
-0.077667,4.5248
-0.064392,4.5023
-0.055389,4.4794
-0.048981,4.4586
-0.0383,4.4363
-0.040588,4.4168
-0.038147,4.4009
-0.033569,4.3811
-0.033112,4.3674
-0.031128,4.3521
-0.02655,4.3372
-0.023804,4.3228
-0.021057,4.3134
-0.018005,4.2996
-0.014038,4.2899
-0.016479,4.2841
-0.016174,4.2743
-0.011444,4.2694
-0.009003,4.2599
-0.006561,4.2542
-0.006561,4.2508
-0.001373,4.249
0.000916,4.2447
0.001068,4.2444
0.003357,4.2447
0.003357,4.245
0.00824,4.2444
0.013275,4.2441
0.013428,4.2499
0.01297,4.2545
0.013428,4.2593
0.012817,4.2648
0.012817,4.2688
0.014954,4.2743
0.01297,4.2844
0.015564,4.2926
0.015411,4.2987
0.010529,4.3082
0.013428,4.3219
0.020447,4.3326
0.038452,4.343
0.059357,4.357
0.050201,4.3677
0.073395,4.382
0.051575,4.3958
0.007477,4.4113
-0.018463,4.4302
-0.014191,4.4446
-0.014648,4.4626
-0.023193,4.4803
-0.028687,4.4983
-0.026093,4.5181
-0.020294,4.538
-0.016174,4.5569
-0.013885,4.5764
-0.009003,4.5966
-0.018921,4.6207
-0.083008,4.6399
-0.058899,4.6646
0.194702,4.6875
0.903778,4.7092
0.889587,4.733
0.183411,4.7577
-0.319214,4.7824
-0.45105,4.8068
-0.332184,4.834
-0.176086,4.859
-0.108795,4.8843
-0.075378,4.9118
-0.055542,4.938
-0.041046,4.9652
-0.030975,4.9911
-0.021515,5.0192
-0.007935,5.0455
-0.001678,5.0732
0.000916,5.0967
0.00824,5.1257
0.020599,5.1514
0.025482,5.177
0.035095,5.2042
0.044098,5.2277
0.057526,5.2542
0.070801,5.2771
0.091705,5.3012
0.110168,5.3232
0.1297,5.3452
0.146637,5.3665
0.157776,5.3867
0.156403,5.4086
0.135345,5.4257
0.085449,5.4456
0.016174,5.4642
-0.063019,5.4819
-0.119629,5.499
-0.157471,5.5136
-0.180054,5.5328
-0.185089,5.5472
-0.177612,5.5621
-0.168152,5.5768
-0.150909,5.5908
-0.133667,5.6061
-0.116119,5.6201
-0.10437,5.6335
-0.090027,5.6451
-0.082703,5.6595
-0.074158,5.6738
-0.063171,5.6888
-0.055389,5.7043
-0.050659,5.7181
-0.042725,5.7324
-0.035858,5.7477
-0.031281,5.762
-0.031281,5.7761
-0.028381,5.791
-0.023651,5.8054
-0.023346,5.82
-0.020905,5.8353
-0.018158,5.8499
-0.018768,5.8646
-0.015259,5.8795
-0.011139,5.8972
-0.008698,5.9113
-0.013885,5.9268
-0.009003,5.9412
-0.006409,5.9558
-0.001831,5.9702
-0.001678,5.9821
-0.001831,5.9961
-0.001984,6.0114
-0.001678,6.0248
0.003204,6.0406
0.005951,6.0538
0.003204,6.0678
0.005798,6.0788
0.00824,6.0934
0.006256,6.1087
0.011902,6.1212
0.026245,6.1331
0.05188,6.1469
0.049133,6.1627
0.062714,6.1716
0.063782,6.1859
0.022278,6.1996
-0.008545,6.2109
-0.009155,6.2241
-0.006561,6.2347
-0.013885,6.2479
-0.023499,6.2598
-0.019836,6.2701
-0.018921,6.2842
-0.015411,6.2939
-0.011444,6.3071
-0.006409,6.3187
-0.021515,6.3275
-0.072021,6.3382
-0.07431,6.3522
0.078125,6.3617
0.622101,6.3718
0.979156,6.3818
0.440063,6.3913
-0.098724,6.402
-0.409698,6.4105
-0.390625,6.4209
-0.234528,6.4301
-0.123596,6.4395
-0.084076,6.4487
-0.062866,6.4539
-0.05188,6.4642
-0.038605,6.4746
-0.025024,6.4801
-0.016479,6.4893
-0.009003,6.499
0.000916,6.5036
0.005798,6.514
0.013123,6.5176
0.015717,6.5271
0.020294,6.5332
0.037537,6.5375
0.046997,6.5436
0.05661,6.5527
0.071564,6.557
0.087128,6.5619
0.1091,6.5674
0.12207,6.5723
0.127411,6.5762
0.13504,6.5771
0.118256,6.5817
0.088043,6.5857
0.029602,6.5863
-0.037842,6.5909
-0.095215,6.5967
-0.131989,6.5973
-0.153198,6.6016
-0.158081,6.601
-0.155792,6.6037
-0.148315,6.6064
-0.137329,6.6068
-0.120392,6.611
-0.104218,6.6107
-0.091095,6.6116
-0.078735,6.6153
-0.067291,6.615
-0.060272,6.6202
-0.05722,6.6202
-0.055237,6.6211
-0.050507,6.6254
-0.044556,6.6254
-0.0383,6.6309
-0.0383,6.6302
-0.035858,6.6306
-0.033569,6.6357
-0.028687,6.6351
-0.02594,6.6406
-0.028381,6.6394
-0.023804,6.6455
-0.021057,6.6452
-0.018463,6.6504
-0.013733,6.6507
-0.01358,6.6556
-0.011444,6.6599
-0.006104,6.6595
-0.003815,6.6641
-0.006256,6.6644
-0.004272,6.669
-0.003662,6.6745
-0.001678,6.6736
0.001221,6.6791
0.010376,6.6846
0.022888,6.6885
0.045166,6.6895
0.043488,6.6937
0.050354,6.6983
0.060272,6.7035
0.022125,6.7044
-0.006256,6.709
-0.016479,6.7139
-0.006409,6.7184
-0.011444,6.7224
-0.02121,6.7239
-0.021362,6.7285
-0.01358,6.7328
-0.00885,6.7383
-0.009003,6.7419
-0.003967,6.7471
-0.001373,6.7471
-0.045319,6.752
-0.055695,6.7578
0.065155,6.7618
0.497742,6.767
1.022339,6.767
0.54718,6.7719
-0.026855,6.7764
-0.381622,6.7822
-0.398712,6.7859
-0.25589,6.7871
-0.135803,6.7914
-0.088348,6.796
-0.062866,6.8018
-0.050201,6.8048
-0.03952,6.8057
-0.028534,6.8115
-0.018921,6.8161
-0.014038,6.817
-0.003967,6.8198
0.003357,6.8259
0.010834,6.8283
0.020294,6.8304
0.025482,6.835
0.035248,6.8353
0.042267,6.8405
0.059052,6.8399
0.076141,6.8448
0.094757,6.8451
0.110016,6.8488
0.126343,6.8503
0.13031,6.85
0.128021,6.8497
0.114136,6.85
0.082703,6.8561
0.024567,6.8549
-0.042877,6.8549
-0.102692,6.8552
-0.146942,6.8549
-0.172729,6.8546
-0.175171,6.8552
-0.170441,6.8546
-0.158386,6.8555
-0.139923,6.8546
-0.126648,6.8542
-0.10788,6.8555
-0.094452,6.8546
-0.082397,6.8506
-0.067596,6.8497
-0.05661,6.8497
-0.050659,6.8506
-0.045471,6.85
-0.035706,6.8506
-0.03067,6.8503
-0.030975,6.8506
-0.028381,6.8448
-0.02594,6.8451
-0.023499,6.8457
-0.023499,6.8451
-0.018768,6.8448
-0.02121,6.8451
-0.02121,6.8448
-0.018921,6.8451
-0.017853,6.8451
-0.013733,6.8457
-0.011292,6.8451
-0.00885,6.8457
-0.009155,6.8451
-0.006561,6.8451
-0.006409,6.8457
0.000916,6.8457
0.000916,6.846
0.003357,6.8451
0.005646,6.8445
0.015564,6.8451
0.039368,6.8451
0.056763,6.8451
0.054169,6.8457
0.06897,6.8451
0.031738,6.8451
-0.003967,6.85
-0.019073,6.8494
-0.008698,6.8494
-0.011139,6.85
-0.023346,6.85
-0.023499,6.8497
-0.016174,6.8494
-0.011444,6.8503
-0.011139,6.8497
-0.006561,6.8546
-0.003967,6.8555
-0.017548,6.8542
-0.063019,6.8549
0.001678,6.8546
0.264282,6.8542
0.932159,6.8549
0.821838,6.8549
0.139923,6.8597
-0.328217,6.8597
-0.431061,6.86
-0.30899,6.8604
-0.16098,6.8594
-0.100708,6.8597
-0.072632,6.8607
-0.05661,6.8604
-0.039825,6.8604
-0.028687,6.8649
-0.014038,6.864
-0.003662,6.864
0.001068,6.8649
0.00824,6.8643
0.018005,6.8643
0.025482,6.8643
0.037231,6.8643
0.047455,6.8616
0.058746,6.8597
0.075378,6.8591
0.091248,6.8594
0.110626,6.8597
0.134888,6.8549
0.15213,6.8549
0.161896,6.8546
0.160675,6.85
0.147705,6.85
0.111694,6.8457
0.051117,6.8457
-0.028381,6.8399
-0.102844,6.8365
-0.15686,6.8359
-0.188599,6.8304
-0.203552,6.8256
-0.2005,6.8262
-0.192413,6.821
-0.180206,6.8158
-0.160828,6.8115
-0.139771,6.8066
-0.121613,6.8051
-0.102234,6.8008
-0.085907,6.796
-0.070343,6.792
-0.058746,6.7871
-0.048218,6.7816
-0.040741,6.7764
-0.033417,6.7712
-0.028534,6.7667
-0.028534,6.7627
-0.028381,6.7581
-0.031128,6.7563
-0.030823,6.752
-0.030823,6.7474
-0.028381,6.7426
-0.028229,6.7377
-0.025482,6.7334
-0.025635,6.7279
-0.023651,6.723
-0.017395,6.7181
-0.016327,6.7139
-0.016327,6.7093
-0.011139,6.7041
-0.009155,6.7007
-0.006714,6.6983
-0.006409,6.6928
-0.003967,6.6882
-0.001526,6.6809
0.000763,6.6739
0.001068,6.6687
0.00351,6.665
0.005646,6.6595
0.00824,6.6553
0.010681,6.6443
0.010681,6.64
0.010681,6.6351
0.010834,6.6254
0.015564,6.6202
0.029755,6.6107
0.063019,6.6052
0.062561,6.5958
0.072784,6.5906
0.067749,6.582
0.016785,6.5714
-0.016022,6.5671
-0.016022,6.5573
-0.01358,6.5475
-0.02121,6.5424
-0.028229,6.5326
-0.023956,6.5237
-0.018921,6.5134
-0.018921,6.5036
-0.016174,6.4944
-0.011444,6.4856
-0.011292,6.4783
-0.039368,6.4688
-0.063629,6.4587
0.047302,6.4496
0.43457,6.4404
1.08551,6.4297
0.596466,6.4194
-0.119781,6.4099
-0.441437,6.4001
-0.388947,6.3913
-0.220337,6.3809
-0.113068,6.3715
-0.080109,6.3617
-0.059052,6.3513
-0.04425,6.3409
-0.033569,6.3318
-0.023346,6.3232
-0.011597,6.3132
-0.001831,6.3037
0.007629,6.2936
0.01297,6.2842
0.023193,6.2744
0.032806,6.264
0.044708,6.2506
0.057068,6.2402
0.071716,6.2271
0.087585,6.2164
0.109558,6.2012
0.13031,6.1868
0.148926,6.1722
0.159454,6.1572
0.166931,6.138
0.164337,6.1227
0.145721,6.1032
0.101929,6.0855
0.029602,6.0693
-0.056,6.0501
-0.130157,6.0306
-0.184937,6.015
-0.214081,5.9961
-0.221863,5.9772
-0.221863,5.9579
-0.209503,5.9415
-0.190887,5.9225
-0.171356,5.9082
-0.154114,5.8887
-0.133514,5.8734
-0.111847,5.8548
-0.094757,5.8389
-0.079803,5.8255
-0.068359,5.8105
-0.057831,5.7959
-0.04837,5.7812
-0.040894,5.766
-0.03418,5.7544
-0.028381,5.7422
-0.02594,5.7278
-0.02594,5.7178
-0.02594,5.7077
-0.025787,5.6982
-0.025787,5.6854
-0.023804,5.676
-0.023804,5.6686
-0.023651,5.6592
-0.021057,5.6497
-0.016174,5.6442
-0.01358,5.6345
-0.009003,5.6302
-0.009003,5.6207
-0.006714,5.6152
-0.001678,5.6104
0.000763,5.6058
-0.001831,5.6012
0.000763,5.5957
0.003204,5.5902
0.005646,5.5905
0.00824,5.5856
0.007935,5.5807
0.00824,5.5801
0.010681,5.5765
0.010376,5.5762
0.00824,5.5713
0.010529,5.5716
0.014648,5.567
0.018005,5.5667
0.0177,5.5621
0.018158,5.5618
0.018158,5.5618
0.015717,5.5621
0.020599,5.5566
0.037537,5.5563
0.071259,5.5576
0.061798,5.5524
0.078125,5.5524
0.059967,5.5521
0.012817,5.5518
-0.010376,5.5469
-0.013428,5.5469
-0.014343,5.5475
-0.020294,5.542
-0.026093,5.5426
-0.023804,5.5377
-0.018616,5.5374
-0.016174,5.5328
-0.011292,5.5322
-0.009155,5.528
-0.006561,5.5276
-0.044861,5.5225
-0.072479,5.5228
0.047302,5.5176
0.492706,5.5139
1.118469,5.5133
0.537262,5.5081
-0.17807,5.5069
-0.453186,5.5035
-0.372009,5.4984
-0.202484,5.4984
-0.115051,5.4938
-0.085449,5.4886
-0.062866,5.4837
-0.04837,5.4843
-0.035553,5.4794
-0.023804,5.4742
-0.011292,5.4691
-0.001373,5.4642
0.008392,5.4642
0.018311,5.4593
0.025177,5.4544
0.034332,5.4492
0.044861,5.4446
0.054169,5.4401
0.06897,5.43
0.085907,5.4202
0.103302,5.4102
0.125427,5.401
0.14389,5.3873
0.157318,5.3766
0.164337,5.3619
0.167084,5.3473
0.150757,5.3329
0.10437,5.318
0.031433,5.3033
-0.056458,5.289
-0.125885,5.2701
-0.179138,5.2545
-0.208435,5.2393
-0.218811,5.2252
-0.214539,5.2106
-0.202484,5.1923
-0.185852,5.177
-0.167999,5.162
-0.150757,5.1471
-0.131989,5.1331
-0.114441,5.1199
-0.095673,5.1077
-0.082245,5.0937
-0.067444,5.0809
-0.057678,5.0702
-0.052948,5.0598
-0.04303,5.0452
-0.039062,5.0351
-0.03418,5.0262
-0.031281,5.0165
-0.028687,5.0098
-0.02594,5.0006
-0.023499,4.9915
-0.023651,4.9863
-0.023651,4.9762
-0.021057,4.9722
-0.020905,4.9673
-0.02121,4.9628
-0.013885,4.9567
-0.009003,4.9524
-0.006409,4.9478
-0.00412,4.9429
-0.004272,4.9399
-0.001678,4.9377
-0.001221,4.9329
0.003204,4.9329
0.003204,4.9301
0.005493,4.9286
0.008545,4.9289
0.010681,4.9277
0.013123,4.9286
0.010681,4.9234
0.01297,4.9234
0.015869,4.9234
0.012817,4.9231
0.010834,4.9234
0.010529,4.9231
0.011139,4.9225
0.013123,4.928
0.012817,4.9286
0.010529,4.9283
0.020599,4.928
0.043945,4.9277
0.066528,4.9286
0.054626,4.9283
0.074005,4.9329
0.047913,4.9332
0.00412,4.9338
-0.015411,4.9332
-0.011139,4.9329
-0.016479,4.9384
-0.023804,4.9377
-0.021973,4.9377
-0.019531,4.9377
-0.018616,4.9384
-0.013733,4.942
-0.009003,4.9432
-0.008698,4.9426
-0.029449,4.9429
-0.084686,4.9426
-0.027771,4.9475
0.296021,4.9475
1.03363,4.9481
0.774536,4.9472
0.008392,4.9527
-0.413971,4.9524
-0.414581,4.9518
-0.249329,4.9524
-0.127411,4.9576
-0.082245,4.9576
-0.061035,4.9622
-0.046082,4.9622
-0.037842,4.9673
-0.02655,4.9673
-0.014801,4.9719
-0.00473,4.9771
0.003357,4.9823
0.013275,4.9866
0.020599,4.9921
0.027161,4.9963
0.035706,5.0009
0.044098,5.0061
0.054016,5.011
0.06424,5.0208
0.083618,5.0253
0.103455,5.0311
0.125122,5.0394
0.144806,5.0458
0.15686,5.0494
0.159302,5.0589
0.154877,5.0647
0.128479,5.0693
0.050659,5.0793
-0.010681,5.0833
-0.090485,5.0934
-0.147858,5.098
-0.18158,5.1068
-0.201111,5.1132
-0.204773,5.1224
-0.195007,5.127
-0.180054,5.1376
-0.167542,5.1471
-0.147095,5.1562
-0.127411,5.1639
-0.113983,5.1715
-0.101471,5.1813
-0.084839,5.1938
-0.074768,5.2057
-0.067291,5.2151
-0.057526,5.2249
-0.046387,5.2393
-0.040588,5.2493
-0.034485,5.2625
-0.030975,5.2744
-0.031128,5.2881
-0.031128,5.2979
-0.030823,5.3131
-0.03067,5.3229
-0.031128,5.3372
-0.024719,5.351
-0.023804,5.3619
-0.018463,5.3766
-0.013885,5.3909
-0.011292,5.4056
-0.009613,5.4196
-0.006561,5.4333
-0.006409,5.4486
-0.004272,5.4633
-0.003967,5.4785
-0.001678,5.4938
0.003204,5.5075
0.000916,5.5225
0.000916,5.5405
0.005646,5.5579
-0.000153,5.5713
0.000763,5.5862
0.003815,5.6046
0.005798,5.6198
0.008392,5.6375
0.010529,5.654
0.008087,5.6732
0.01297,5.6891
0.020294,5.7077
0.029144,5.7275
0.054321,5.7452
0.049744,5.7651
0.070496,5.7843
0.05661,5.8011
0.011597,5.8206
-0.011444,5.8401
-0.013733,5.8591
-0.011444,5.8786
-0.023804,5.8975
-0.024567,5.9183
-0.021057,5.9375
-0.016174,5.9558
-0.016327,5.9744
-0.010681,5.9912
-0.006714,6.0107
-0.020752,6.0297
-0.082703,6.0492
-0.061951,6.0678
0.142517,6.0843
0.783997,6.1029
0.892334,6.1206
0.283203,6.1377
-0.230408,6.1563
-0.448151,6.1728
-0.368195,6.189
-0.204315,6.2057
-0.114899,6.2204
-0.080414,6.2381
-0.060577,6.2543
-0.046387,6.2698
-0.033417,6.2842
-0.026093,6.2982
-0.013733,6.3135
-0.00412,6.3281
-0.001526,6.3422
0.006104,6.3565
0.015564,6.3669
0.019531,6.3818
0.032501,6.391
0.043793,6.4056
0.053711,6.4151
0.062256,6.4255
0.080414,6.4355
0.098724,6.445
0.115356,6.4545
0.125427,6.4648
0.132446,6.474
0.134888,6.4795
0.118713,6.4883
0.076904,6.4944
0.013733,6.5036
-0.052185,6.5079
-0.10849,6.5131
-0.143738,6.5228
-0.157318,6.5274
-0.164032,6.5326
-0.158081,6.5372
-0.143585,6.5424
-0.134735,6.5479
-0.121155,6.5527
-0.102539,6.5576
-0.090179,6.561
-0.078278,6.5668
-0.069733,6.5717
-0.057983,6.5759
-0.050659,6.582
-0.046387,6.5857
-0.041656,6.5912
-0.036011,6.5961
-0.032043,6.5991
-0.028687,6.6006
-0.028992,6.6058
-0.023804,6.6104
-0.021057,6.6156
-0.018616,6.6208
-0.019073,6.6257
-0.016022,6.6302
-0.014038,6.6351
-0.009155,6.6394
-0.008698,6.6446
-0.009155,6.6498
-0.003815,6.6553
-0.006104,6.6595
-0.006409,6.6641
-0.003815,6.6687
0.000916,6.6736
-0.001526,6.6776
0.003357,6.6788
0.003052,6.684
0.010376,6.6888
0.010529,6.6931
0.01709,6.6992
0.020599,6.7032
0.041199,6.7081
0.05188,6.7126
0.056152,6.7184
0.071106,6.7233
0.036011,6.7276
-0.001831,6.7325
-0.014038,6.7386
-0.008545,6.7422
-0.01358,6.7477
-0.021057,6.7523
-0.023651,6.7578
-0.018768,6.7621
-0.014648,6.7676
-0.011292,6.7719
-0.006409,6.7792
-0.006561,6.7844
-0.046539,6.7899
-0.065002,6.7935
0.044708,6.8011
0.424957,6.8057
1.013794,6.8103
0.593567,6.8152
0.014801,6.8213
-0.368042,6.825
-0.408173,6.8304
-0.272522,6.835
-0.142365,6.8402
-0.089722,6.8454
-0.068207,6.8506
-0.052795,6.8546
-0.036469,6.8597
-0.028534,6.864
-0.020752,6.8704
-0.011902,6.875
-0.003967,6.8793
-0.001831,6.8839
0.010681,6.8884
0.017242,6.8939
0.027771,6.8985
0.037842,6.9034
0.049744,6.9083
0.062103,6.9141
0.078278,6.918
0.092468,6.9232
0.11261,6.9229
0.123291,6.9278
0.132751,6.933
0.127716,6.9327
0.118713,6.9376
0.08667,6.9376
0.029297,6.9427
-0.037689,6.9427
-0.098572,6.9427
-0.13855,6.9434
-0.15976,6.9476
-0.167999,6.9473
-0.164032,6.9479
-0.150909,6.9476
-0.13916,6.9485
-0.126038,6.9479
-0.10788,6.9476
-0.089569,6.9473
-0.075836,6.9479
-0.065308,6.9467
-0.058289,6.9473
-0.043945,6.9476
-0.040436,6.9482
-0.038452,6.9479
-0.038452,6.9473
-0.035858,6.9473
-0.036316,6.9434
-0.028381,6.9421
-0.023346,6.9424
-0.023651,6.9427
-0.023651,6.9424
-0.023651,6.9424
-0.023651,6.9431
-0.023651,6.9434
-0.021057,6.9382
-0.016479,6.9379
-0.016174,6.9376
-0.014038,6.9376
-0.013733,6.9382
-0.009003,6.9376
-0.006561,6.9379
-0.006714,6.9379
-0.001678,6.9373
0.00351,6.9379
0.007629,6.9379
0.019531,6.9379
0.04364,6.9333
0.050201,6.9327
0.056915,6.9336
0.066681,6.9327
0.023651,6.9336
-0.011444,6.9336
-0.019531,6.9327
-0.010986,6.933
-0.013733,6.9333
-0.023804,6.9333
-0.021973,6.9327
-0.018921,6.9336
-0.016174,6.9327
-0.013428,6.9333
-0.006409,6.9281
-0.006714,6.9281
-0.048828,6.9281
-0.057678,6.9275
0.063782,6.9278
0.466003,6.9278
1.045227,6.9281
0.550385,6.9281
-0.06424,6.9281
-0.40802,6.9281
-0.403595,6.9284
-0.248566,6.9278
-0.126801,6.9281
-0.081024,6.9287
-0.057831,6.9281
-0.044098,6.9275
-0.033112,6.9287
-0.023651,6.9281
-0.012512,6.9278
-0.004272,6.9229
0.008087,6.9232
0.01297,6.9235
0.0177,6.9229
0.025635,6.9235
0.033112,6.9235
0.048676,6.9235
0.061646,6.9229
0.07843,6.9183
0.09903,6.9189
0.117798,6.9177
0.134888,6.9138
0.147247,6.9135
0.152283,6.9147
0.147552,6.9086
0.128326,6.9086
0.081787,6.9031
0.012207,6.9037
-0.063782,6.8991
-0.130768,6.8991
-0.171814,6.8939
-0.194244,6.8936
-0.197296,6.8896
-0.192261,6.8893
-0.179749,6.8839
-0.162506,6.8835
-0.145721,6.8802
-0.124664,6.8784
-0.107117,6.8741
-0.090179,6.8744
-0.075378,6.8701
-0.065308,6.8701
-0.055389,6.8649
-0.048065,6.8649
-0.040894,6.8591
-0.035706,6.8594
-0.031281,6.8552
-0.028534,6.8546
-0.028839,6.8546
-0.031128,6.8497
-0.028687,6.8497
-0.028534,6.8454
-0.02594,6.8445
-0.023499,6.8451
-0.023499,6.8405
-0.018616,6.8399
-0.016937,6.8396
-0.013733,6.8399
-0.011444,6.8353
-0.006409,6.835
-0.003967,6.8359
-0.001678,6.8298
-0.001678,6.8304
-0.001526,6.8301
0.00061,6.8304
0.000916,6.8307
0.00351,6.8262
0.008087,6.8253
0.008087,6.8256
0.010529,6.8253
0.015869,6.8253
0.015564,6.8201
0.015411,6.8216
0.015564,6.8213
0.017853,6.8201
0.018311,6.8204
0.032806,6.8158
0.062103,6.8155
0.061798,6.8158
0.075531,6.8149
0.067291,6.8118
0.018616,6.8112
-0.011292,6.8112
-0.011597,6.8112
-0.009003,6.8063
-0.017853,6.8066
-0.023804,6.8054
-0.023956,6.8011
-0.016174,6.8015
-0.013885,6.7957
-0.007019,6.7963
-0.003815,6.7914
-0.00824,6.7908
-0.063477,6.7862
-0.046387,6.7822
0.144806,6.7822
0.692139,6.7767
1.03302,6.7715
0.318451,6.7667
-0.278015,6.7621
-0.453796,6.7566
-0.342712,6.7526
-0.177155,6.7471
-0.100098,6.7422
-0.075684,6.7374
-0.056152,6.7322
-0.036621,6.7279
-0.024261,6.7227
-0.016937,6.7181
-0.009003,6.7139
0.000458,6.7053
0.010681,6.6989
0.022736,6.6937
0.028229,6.6895
0.037384,6.6794
0.046082,6.6736
0.061493,6.6644
0.079193,6.6595
0.100403,6.6492
0.118103,6.64
0.141602,6.6299
0.159302,6.6205
0.169983,6.6104
0.174255,6.601
0.162811,6.5866
0.135956,6.5768
0.080109,6.564
-0.002441,6.553
-0.086365,6.5384
-0.15686,6.5277
-0.201874,6.5137
-0.222015,6.5009
-0.226746,6.4886
-0.21759,6.4743
-0.202484,6.46
-0.185394,6.4499
-0.165863,6.4355
-0.145569,6.4212
-0.12619,6.4105
-0.106506,6.3962
-0.091705,6.3834
-0.079651,6.3712
-0.065918,6.3589
-0.057678,6.3477
-0.050659,6.337
-0.041351,6.326
-0.036011,6.3138
-0.033264,6.3034
-0.033569,6.2933
-0.030975,6.2842
-0.028687,6.2738
-0.028381,6.2637
-0.03067,6.2546
-0.028381,6.2451
-0.028229,6.2347
-0.02594,6.2259
-0.02121,6.2204
-0.016479,6.21
-0.016479,6.2006
-0.013733,6.1963
-0.011597,6.1856
-0.009003,6.1813
-0.006714,6.1719
-0.003662,6.167
-0.003967,6.1569
-0.001526,6.153
0.000916,6.1423
0.003357,6.138
0.005493,6.127
0.008087,6.1234
0.008392,6.1133
0.010529,6.1078
0.010529,6.0983
0.013275,6.0941
0.015869,6.084
0.013123,6.0791
0.013275,6.0693
0.013123,6.0648
0.012817,6.0547
0.015259,6.0498
0.03479,6.04
0.061646,6.0342
0.059052,6.0275
0.078888,6.0205
0.064392,6.0156
0.018616,6.0077
-0.00885,6.0004
-0.01358,5.9964
-0.016479,5.9906
-0.020905,5.9824
-0.025787,5.9766
-0.023499,5.9717
-0.021057,5.9671
-0.019531,5.9616
-0.013885,5.957
-0.011444,5.9515
-0.013885,5.9473
-0.061798,5.9421
-0.065308,5.9378
0.10025,5.9326
0.626526,5.928
1.100311,5.9225
0.401611,5.9177
-0.263824,5.9131
-0.460968,5.9082
-0.350189,5.9036
-0.182037,5.8984
-0.107269,5.8945
-0.074768,5.8859
-0.057831,5.8783
-0.046692,5.874
-0.035095,5.8698
-0.020905,5.86
-0.011444,5.8548
-0.003967,5.8502
0.010223,5.8401
0.019836,5.835
0.028076,5.8298
0.037842,5.8194
0.049438,5.816
0.058746,5.8047
0.070801,5.7956
0.086517,5.7861
0.10498,5.7733
0.129242,5.7614
0.147858,5.7492
0.159912,5.7373
0.166779,5.723
0.165253,5.7083
0.144653,5.694
0.088806,5.679
0.009308,5.6641
-0.076294,5.6494
-0.142975,5.6354
-0.187988,5.6204
-0.216064,5.603
-0.220184,5.5862
-0.214539,5.5725
-0.202637,5.5573
-0.184937,5.5426
-0.162659,5.5295
-0.141907,5.5179
-0.126038,5.5035
-0.107422,5.4889
-0.092316,5.4758
-0.080566,5.4642
-0.070801,5.4517
-0.060425,5.4395
-0.048828,5.43
-0.042725,5.4208
-0.038452,5.4114
-0.0354,5.4007
-0.030823,5.3906
-0.028381,5.3818
-0.028992,5.3717
-0.026093,5.3668
-0.025482,5.3571
-0.023651,5.3519
-0.018616,5.3442
-0.021057,5.3372
-0.018921,5.3326
-0.016327,5.3281
-0.013428,5.3226
-0.013733,5.3174
-0.011444,5.3131
-0.009155,5.3131
-0.006561,5.3079
-0.00412,5.303
-0.001526,5.303
-0.000916,5.2985
0.002594,5.2985
0.003357,5.2936
0.005341,5.293
0.005798,5.2887
0.008545,5.2884
0.010681,5.289
0.01297,5.2881
0.015411,5.2835
0.015259,5.2835
0.015411,5.2838
0.013123,5.2835
0.013428,5.2838
0.015564,5.2835
0.015564,5.2841
0.015411,5.2835
0.015564,5.2838
0.013275,5.2835
0.018005,5.2844
0.029755,5.2835
0.06134,5.2838
0.066681,5.2838
0.068512,5.2826
0.080872,5.2835
0.037689,5.2832
-0.001373,5.2835
-0.016022,5.2832
-0.016327,5.2838
-0.024109,5.2835
-0.033417,5.2838
-0.033417,5.2838
-0.028229,5.2832
-0.023804,5.2838
-0.018463,5.2835
-0.01358,5.2844
-0.014038,5.2835
-0.052795,5.2841
-0.08255,5.2826
0.032043,5.2835
0.481567,5.2841
1.128082,5.2838
0.554657,5.2841
-0.168152,5.2838
-0.453644,5.2838
-0.378876,5.2838
-0.207825,5.2792
-0.114441,5.2789
-0.078278,5.2783
-0.058441,5.2789
-0.046234,5.2786
-0.031738,5.2792
-0.021362,5.2786
-0.013428,5.2744
-0.002289,5.2744
0.007477,5.274
0.015564,5.2737
0.022583,5.2692
0.032196,5.2679
0.040436,5.2643
0.054321,5.2591
0.066376,5.2515
0.081329,5.2417
0.101318,5.2307
0.121002,5.2148
0.142365,5.2008
0.159454,5.1859
0.166779,5.1663
0.166779,5.1471
0.153961,5.1273
0.115204,5.1083
0.041504,5.0864
-0.042725,5.0647
-0.119171,5.0452
-0.172119,5.022
-0.202484,5.0012
-0.213928,4.9786
-0.212097,4.9579
-0.200348,4.938
-0.185699,4.9152
-0.167389,4.8944
-0.148468,4.8749
-0.129547,4.856
-0.111237,4.838
-0.096588,4.8206
-0.084839,4.8016
-0.074921,4.7864
-0.063171,4.769
-0.055389,4.7546
-0.048218,4.7397
-0.041351,4.7281
-0.0383,4.7134
-0.038452,4.704
-0.031281,4.6896
-0.028687,4.679
-0.028534,4.6698
-0.026093,4.6597
-0.023499,4.6509
-0.023499,4.6448
-0.021057,4.6353
-0.018463,4.6298
-0.018005,4.6265
-0.016174,4.621
-0.010986,4.6158
-0.010681,4.6109
-0.008392,4.606
-0.00412,4.6008
-0.00412,4.6011
0.000763,4.5966
0.00061,4.5963
0.003357,4.5972
0.005646,4.5908
0.006409,4.5917
0.00824,4.5917
0.008392,4.5917
0.011292,4.5911
0.010986,4.5959
0.010681,4.5956
0.013123,4.5963
0.01297,4.5972
0.01297,4.6008
0.012817,4.6014
0.01297,4.6011
0.010834,4.6063
0.013123,4.606
0.015106,4.6103
0.037537,4.6106
0.059052,4.6143
0.037842,4.6158
0.04715,4.6201
0.028229,4.6207
-0.009003,4.6259
-0.006409,4.6259
-0.001831,4.6307
-0.009155,4.6304
-0.016174,4.635
-0.013885,4.6353
-0.00885,4.6405
-0.006409,4.6451
-0.001831,4.6457
0.000458,4.6497
0.000916,4.6503
-0.016785,4.6552
-0.079956,4.6573
-0.045319,4.6597
0.24353,4.6649
0.97641,4.6646
0.874481,4.6692
0.088501,4.6695
-0.395203,4.6747
-0.439148,4.6793
-0.279999,4.6793
-0.14389,4.6838
-0.095062,4.6844
-0.070496,4.6893
-0.053101,4.689
-0.039978,4.6939
-0.028381,4.6936
-0.018921,4.6982
-0.00885,4.6985
-0.005798,4.7037
0.006104,4.7034
0.015717,4.7089
0.023041,4.7086
0.030518,4.7083
0.038605,4.7131
0.048981,4.7137
0.062256,4.7134
0.081635,4.7131
0.101624,4.7134
0.123444,4.7131
0.145569,4.7086
0.162048,4.7086
0.16449,4.7083
0.15976,4.7037
0.132446,4.7009
0.071869,4.6988
-0.006714,4.6942
-0.089264,4.6887
-0.155792,4.689
-0.195312,4.6832
-0.211792,4.679
-0.214691,4.6741
-0.205078,4.6698
-0.190277,4.6655
-0.170593,4.6643
-0.155029,4.6594
-0.136566,4.6552
-0.114441,4.6548
-0.100098,4.65
-0.087738,4.6497
-0.077972,4.6506
-0.069427,4.6497
-0.060883,4.65
-0.050659,4.6503
-0.04364,4.65
-0.038452,4.6548
-0.033417,4.6548
-0.033112,4.6597
-0.033722,4.6649
-0.030975,4.6701
-0.028534,4.6747
-0.026093,4.6793
-0.026093,4.6872
-0.022736,4.6933
-0.018463,4.7015
-0.016479,4.7089
-0.011597,4.718
-0.011444,4.7281
-0.011444,4.7379
-0.006256,4.7516
-0.006409,4.7623
-0.006561,4.7769
-0.006256,4.79
0.001068,4.8013
0.000916,4.8157
-0.001678,4.8331
0.003357,4.8492
0.005646,4.8639
0.005798,4.8795
0.005493,4.8959
0.003204,4.9136
0.00824,4.9283
0.013123,4.9475
0.010071,4.9643
0.010529,4.9814
0.015411,5.0009
0.01358,5.0165
0.01297,5.0351
0.022736,5.0546
0.03952,5.0711
0.029602,5.0888
-0.002441,5.1083
0.013733,5.1273
-0.001221,5.1447
-0.00061,5.1639
0.005798,5.184
0.012817,5.2023
0.00824,5.2228
0.003052,5.2444
0.008087,5.2637
0.012512,5.2832
0.015564,5.3058
0.017242,5.3262
0.022888,5.347
-0.001526,5.3693
-0.062866,5.3909
-0.022583,5.4138
0.264587,5.4349
0.976257,5.4547
0.809021,5.4776
0.150299,5.4984
-0.316772,5.5225
-0.441132,5.5417
-0.316925,5.5652
-0.157928,5.5862
-0.09491,5.6104
-0.065308,5.6323
-0.04364,5.6546
-0.031433,5.6778
-0.02594,5.7007
-0.019226,5.722
-0.013733,5.7465
-0.002136,5.7697
0.000916,5.7904
0.005798,5.8124
0.015411,5.835
0.020294,5.8569
0.023041,5.8786
0.030212,5.8984
0.044098,5.918
0.062256,5.9378
0.079498,5.9579
0.101318,5.976
0.120544,5.9933
0.130463,6.0101
0.134888,6.0278
0.137482,6.0446
0.11261,6.0587
0.06134,6.0748
-0.004883,6.0886
-0.075836,6.1035
-0.128326,6.1172
-0.162811,6.127
-0.179901,6.1423
-0.180206,6.1545
-0.175018,6.1667
-0.162354,6.1768
-0.14267,6.1905
-0.126953,6.2015
-0.111542,6.2115
-0.096436,6.2244
-0.08667,6.235
-0.076752,6.2448
-0.06546,6.2549
-0.054474,6.264
-0.050659,6.2738
-0.045624,6.2833
-0.037994,6.2933
-0.036163,6.3034
-0.033722,6.3144
-0.028839,6.3229
-0.031128,6.3324
-0.028381,6.3416
-0.026245,6.3519
-0.02121,6.3611
-0.021362,6.3712
-0.016174,6.3818
-0.00885,6.3901
-0.011292,6.3989
-0.006409,6.4056
-0.004272,6.4157
-0.003967,6.4246
-0.00412,6.4337
0.000763,6.4401
0.000916,6.4496
0.005951,6.4587
0.005646,6.4664
0.005646,6.4737
0.010376,6.4844
0.007935,6.4932
0.010376,6.4984
0.015717,6.5088
0.028381,6.5155
0.049286,6.5228
0.041199,6.5326
0.061035,6.5369
0.042419,6.5475
0.00351,6.5524
-0.016174,6.5619
-0.006104,6.5714
-0.003967,6.5768
-0.011444,6.5869
-0.016479,6.5915
-0.013885,6.6006
-0.006561,6.6068
-0.003967,6.6156
-0.001526,6.6202
0.001068,6.6309
-0.00885,6.6348
-0.06958,6.6446
-0.034637,6.6492
0.183563,6.6592
0.825958,6.665
0.881348,6.669
0.281525,6.6791
-0.213165,6.684
-0.426331,6.6885
-0.348206,6.6977
-0.189362,6.7029
-0.107269,6.7072
-0.071716,6.7139
-0.05127,6.7178
-0.036316,6.7279
-0.023651,6.7325
-0.023651,6.7383
-0.012207,6.7419
-0.006256,6.7471
0.000763,6.7523
0.008087,6.7569
0.015106,6.7621
0.022278,6.767
0.030212,6.7719
0.037537,6.7767
0.046387,6.781
0.059204,6.7871
0.079498,6.7914
0.097809,6.792
0.114899,6.7963
0.125122,6.8011
0.125427,6.8015
0.124664,6.8063
0.105133,6.8054
0.058899,6.8109
-0.003662,6.8115
-0.06546,6.8149
-0.116882,6.8161
-0.154266,6.8201
-0.165405,6.8204
-0.167999,6.8201
-0.160522,6.8253
-0.15152,6.8256
-0.13092,6.8262
-0.114441,6.825
-0.098877,6.8304
-0.089874,6.8301
-0.082703,6.8298
-0.070648,6.8344
-0.064392,6.8353
-0.058136,6.835
-0.045624,6.8359
-0.043182,6.8408
-0.038757,6.8402
-0.036163,6.8402
-0.035858,6.8399
-0.033722,6.8445
-0.033264,6.8448
-0.028534,6.8448
-0.024109,6.8454
-0.02121,6.85
-0.018768,6.85
-0.01358,6.8494
-0.013885,6.8494
-0.01358,6.8546
-0.009155,6.8546
-0.011597,6.8549
-0.003967,6.8591
0.008698,6.8594
0.031128,6.86
0.037842,6.8604
0.06424,6.8643
0.070953,6.8658
0.034485,6.8646
-0.001373,6.8646
-0.019073,6.8689
-0.021057,6.8701
-0.026245,6.8689
-0.031128,6.8698
-0.026093,6.8747
-0.02121,6.8744
-0.016785,6.875
-0.013123,6.8744
-0.00946,6.879
-0.00885,6.8793
-0.034637,6.8787
-0.063324,6.8832
0.019531,6.8839
0.353394,6.8845
1.015015,6.8835
0.681,6.8896
0.063782,6.889
-0.355072,6.8893
-0.427551,6.8893
-0.291138,6.889
-0.15274,6.8948
-0.096283,6.8942
-0.068207,6.8948
-0.049591,6.8939
-0.030212,6.8942
-0.020599,6.8988
-0.011292,6.8982
-0.001678,6.8985
0.005646,6.8988
0.015564,6.8985
0.023804,6.8982
0.03006,6.8988
0.03952,6.8991
0.050354,6.8985
0.065002,6.8985
0.080566,6.8994
0.100098,6.8985
0.122223,6.8979
0.140228,6.8994
0.149536,6.8994
0.157013,6.8976
0.149231,6.8948
0.118561,6.8936
0.064392,6.8939
-0.009308,6.8936
-0.084839,6.8884
-0.140533,6.889
-0.170135,6.8887
-0.184937,6.8842
-0.187378,6.8842
-0.175476,6.8848
-0.158539,6.8817
-0.141449,6.8796
-0.126495,6.8793
-0.110779,6.875
-0.097198,6.875
-0.079041,6.8747
-0.068054,6.8692
-0.058136,6.8695
-0.050507,6.8689
-0.045319,6.8646
-0.039978,6.8649
-0.035858,6.8597
-0.030975,6.8597
-0.030823,6.8597
-0.030823,6.8552
-0.030975,6.8552
-0.027771,6.8549
-0.02594,6.8494
-0.02594,6.85
-0.023804,6.8451
-0.021362,6.8445
-0.018921,6.8448
-0.016174,6.8399
-0.014038,6.8399
-0.011444,6.8402
-0.006561,6.8353
-0.003815,6.8356
-0.001526,6.8298
0.003357,6.8304
0.005951,6.8301
0.006561,6.8253
0.010529,6.8256
0.035706,6.8216
0.049744,6.821
0.06134,6.8213
0.089417,6.8158
0.066223,6.8155
0.019836,6.8106
-0.008545,6.81
-0.01358,6.8069
-0.018921,6.806
-0.028687,6.8015
-0.034943,6.8015
-0.028381,6.7963
-0.023804,6.7914
-0.02121,6.7914
-0.016479,6.7868
-0.013733,6.7859
-0.016174,6.7813
-0.067749,6.7813
-0.054626,6.7761
0.136108,6.7715
0.683594,6.7722
1.063843,6.767
0.353851,6.7673
-0.26947,6.7618
-0.458069,6.7572
-0.348511,6.7566
-0.185089,6.7529
-0.111237,6.7471
-0.078888,6.7471
-0.059662,6.7429
-0.047302,6.7383
-0.030823,6.7374
-0.018768,6.7325
-0.00824,6.7276
-0.000763,6.7227
0.008087,6.723
0.017853,6.7188
0.030975,6.712
0.041656,6.7081
0.049286,6.7035
0.058899,6.6992
0.082092,6.6895
0.102692,6.6837
0.124817,6.6742
0.144806,6.6684
0.161896,6.6589
0.169525,6.6495
0.171814,6.6406
0.164795,6.6299
0.132446,6.6205
0.073395,6.6107
-0.009308,6.5961
-0.091858,6.5863
-0.153351,6.5726
-0.194397,6.5622
-0.210571,6.5475
-0.211334,6.5381
-0.203857,6.5222
-0.190125,6.5076
-0.170898,6.4984
-0.154877,6.4835
-0.133972,6.4697
-0.114288,6.459
-0.098877,6.4441
-0.082703,6.4307
-0.072021,6.4206
-0.059204,6.4066
-0.048218,6.3962
-0.040894,6.3828
-0.03479,6.3715
-0.031281,6.362
-0.025787,6.3474
-0.023804,6.3367
-0.021057,6.3278
-0.018768,6.3187
-0.02121,6.3083
-0.023651,6.2976
-0.021362,6.2894
-0.02121,6.2796
-0.018616,6.2683
-0.016174,6.2598
-0.013885,6.2494
-0.011444,6.2405
-0.009003,6.2299
-0.006104,6.2201
-0.003967,6.2109
-0.002899,6.2006
-0.001373,6.1914
-0.000916,6.1865
0.003204,6.1765
0.005798,6.1658
0.005798,6.1572
0.00824,6.1475
0.007935,6.1377
0.010681,6.1279
0.01297,6.1188
0.015717,6.1084
0.015411,6.0986
0.025024,6.0886
0.051727,6.0791
0.054321,6.0696
0.085602,6.0599
0.086212,6.0495
0.044403,6.0403
0.010071,6.03
-0.00885,6.0208
-0.013885,6.0107
-0.02243,6.0004
-0.026093,5.9937
-0.028687,5.9857
-0.020905,5.9766
-0.016937,5.9662
-0.014038,5.9616
-0.011139,5.9518
-0.009003,5.9473
-0.041504,5.9375
-0.076752,5.9326
0.033112,5.9225
0.437317,5.918
1.115112,5.9125
0.616913,5.9036
-0.136261,5.8978
-0.452271,5.8936
-0.387573,5.8887
-0.213776,5.8823
-0.121307,5.874
-0.08255,5.8688
-0.064545,5.864
-0.045624,5.8597
-0.033417,5.8551
-0.023804,5.8456
-0.014038,5.8395
-0.001678,5.8344
0.006104,5.8301
0.016022,5.8203
0.025482,5.8154
0.032959,5.8109
0.042114,5.8005
0.056458,5.7953
0.066681,5.7864
0.083313,5.7745
0.105438,5.7623
0.127106,5.7523
0.148163,5.7373
0.162048,5.7245
0.166779,5.7104
0.162354,5.6982
0.142059,5.6839
0.092926,5.6662
0.017395,5.6522
-0.066223,5.6357
-0.136414,5.6204
-0.185089,5.6055
-0.209503,5.5914
-0.216827,5.5762
-0.209198,5.5612
-0.196381,5.5469
-0.180054,5.5328
-0.15976,5.5182
-0.141449,5.5035
-0.121918,5.4892
-0.104675,5.4767
-0.089874,5.4639
-0.077209,5.4495
-0.06424,5.4401
-0.050354,5.4254
-0.045776,5.416
-0.038452,5.4059
-0.033112,5.3958
-0.033569,5.386
-0.028687,5.3757
-0.028534,5.3668
-0.028229,5.3586
-0.031128,5.3519
-0.026093,5.3421
-0.02594,5.3375
-0.021057,5.3281
-0.021362,5.3223
-0.021362,5.318
-0.018921,5.3131
-0.016327,5.3079
-0.013885,5.3033
-0.010681,5.2982
-0.006866,5.2933
-0.006409,5.2884
-0.004425,5.2884
0.000763,5.2835
0.000916,5.2786
0.003357,5.2792
0.003204,5.2734
0.008087,5.2744
0.007782,5.2695
0.00824,5.2686
0.010986,5.2689
0.013123,5.2637
0.015106,5.2646
0.018158,5.2637
0.015411,5.2643
0.013123,5.2588
0.013123,5.2594
0.017395,5.2588
0.02243,5.2594
0.042114,5.2542
0.056915,5.2545
0.077057,5.2542
0.071869,5.2545
0.037384,5.2502
0.006409,5.2496
-0.011597,5.2496
-0.015717,5.2496
-0.026093,5.2499
-0.031128,5.2478
-0.028076,5.2448
-0.023804,5.2448
-0.019379,5.2448
-0.016632,5.2444
-0.00885,5.2438
-0.009003,5.2399
-0.059967,5.2399
-0.08255,5.2399
0.056305,5.2396
0.556183,5.2405
1.123047,5.2347
0.471802,5.2347
-0.226288,5.235
-0.458679,5.2347
-0.364685,5.2301
-0.192261,5.2307
-0.113373,5.2295
-0.081787,5.2295
-0.059662,5.2243
-0.043335,5.2252
-0.033417,5.2252
-0.023804,5.2197
-0.013885,5.2206
-0.004425,5.2206
0.006561,5.2158
0.01297,5.2151
0.020294,5.2103
0.03006,5.2048
0.040436,5.2011
0.05249,5.1904
0.066223,5.181
0.081787,5.1672
0.099182,5.152
0.119781,5.1373
0.143127,5.1227
0.156708,5.1035
0.162201,5.0836
0.159149,5.0653
0.142059,5.0467
0.091553,5.0259
0.017548,5.0061
-0.068359,4.9854
-0.136108,4.9625
-0.160675,4.9423
-0.202484,4.921
-0.209503,4.8993
-0.203705,4.8795
-0.187225,4.8605
-0.169678,4.8404
-0.15274,4.8212
-0.135345,4.8013
-0.115662,4.7827
-0.102692,4.7665
-0.088959,4.7476
-0.075684,4.7333
-0.065613,4.7168
-0.055847,4.7018
-0.047913,4.689
-0.043793,4.6741
-0.038147,4.6606
-0.036011,4.6503
-0.033569,4.6402
-0.030212,4.6283
-0.028229,4.6188
-0.028381,4.6112
-0.026093,4.6011
-0.02594,4.5923
-0.026093,4.5868
-0.021057,4.5819
-0.02121,4.577
-0.018616,4.5673
-0.014038,4.567
-0.011444,4.5615
-0.009155,4.5572
-0.008698,4.5523
-0.009003,4.552
-0.00412,4.5474
-0.004272,4.5474
-0.003815,4.5477
0.00061,4.5428
0.003967,4.5422
0.003204,4.5425
0.005798,4.5432
0.006561,4.5419
0.005646,4.5425
0.008087,4.5435
0.00824,4.5477
0.010529,4.548
0.010223,4.5477
0.010223,4.5474
0.013123,4.552
0.020599,4.552
0.044861,4.5523
0.049286,4.5566
0.067596,4.5569
0.089264,4.5572
0.053864,4.5621
0.01709,4.5618
-0.007172,4.5624
-0.013733,4.567
-0.021973,4.5667
-0.03067,4.5721
-0.028687,4.5721
-0.023804,4.5761
-0.021515,4.5767
-0.01358,4.5816
-0.011597,4.5859
-0.013885,4.5859
-0.04837,4.5914
-0.092316,4.5963
-0.009308,4.6011
0.617828,4.6063
1.091309,4.6161
0.978088,4.6201
-0.147552,4.6255
-0.453949,4.635
-0.397186,4.6402
-0.221252,4.6503
-0.121765,4.6597
-0.083923,4.6698
-0.061951,4.679
-0.046234,4.689
-0.036011,4.6985
-0.026245,4.7079
-0.026093,4.7229
-0.003967,4.7327
0.005646,4.7473
0.010681,4.7614
0.02243,4.7769
0.030212,4.791
0.039673,4.8065
0.046844,4.8209
0.055084,4.8376
0.069122,4.8541
0.094147,4.8688
0.113983,4.8846
0.13443,4.9005
0.15213,4.9188
0.159302,4.9329
0.161285,4.9481
0.141602,4.9643
0.091248,4.9817
0.019531,4.9966
-0.058594,5.0113
-0.127411,5.0253
-0.167542,5.0424
-0.184784,5.0586
-0.195007,5.0739
-0.192719,5.0891
-0.177765,5.1038
-0.165558,5.1181
-0.147705,5.1321
-0.131378,5.1474
-0.112152,5.1636
-0.099792,5.1779
-0.089722,5.1947
-0.074921,5.2097
-0.06073,5.2246
-0.053101,5.2396
-0.047913,5.2542
-0.042419,5.2725
-0.030365,5.2884
-0.02594,5.3046
-0.026093,5.3223
-0.02182,5.3391
-0.021515,5.3574
-0.023651,5.3754
-0.02121,5.3912
-0.018768,5.4102
-0.019073,5.4288
-0.018463,5.4446
-0.016327,5.4645
-0.013733,5.4807
-0.010681,5.4977
-0.009003,5.5167
-0.003967,5.5328
-0.004272,5.5515
-0.006409,5.5707
-0.006714,5.5865
-0.001526,5.6055
0.00061,5.6244
0.003357,5.6409
0.003204,5.6589
0.003204,5.6793
0.003052,5.697
0.005493,5.7144
0.010529,5.7324
0.010834,5.7526
0.010376,5.7715
0.013885,5.791
0.032043,5.8105
0.042114,5.8292
0.046539,5.849
0.084381,5.8664
0.062103,5.8838
0.02243,5.9033
-0.003662,5.9225
-0.006561,5.9421
-0.013733,5.961
-0.026093,5.9787
-0.023499,5.9955
-0.018768,6.0156
-0.016327,6.0339
-0.014191,6.0516
-0.00824,6.0693
-0.004272,6.0886
-0.029449,6.105
-0.080261,6.1224
-0.023041,6.1417
0.261841,6.1572
0.957794,6.1755
0.750122,6.1902
0.144348,6.2076
-0.308685,6.2253
-0.434113,6.2402
-0.324554,6.2564
-0.165558,6.2738
-0.084229,6.2888
-0.058136,6.3028
-0.043182,6.3184
-0.030823,6.3342
-0.018921,6.3492
-0.013885,6.366
-0.009155,6.3809
0.00061,6.3925
0.005493,6.4081
0.015564,6.4206
0.018921,6.4346
0.025787,6.4493
0.0354,6.4612
0.046997,6.4743
0.05249,6.4877
0.069122,6.499
0.088196,6.5079
0.106049,6.5219
0.120087,6.5326
0.127869,6.5414
0.130157,6.5521
0.124359,6.5622
0.098267,6.5701
0.046539,6.5762
-0.018921,6.5863
-0.079956,6.5955
-0.124512,6.601
-0.150604,6.611
-0.155792,6.6153
-0.153046,6.6202
-0.14389,6.6302
-0.135803,6.6348
-0.118256,6.6406
-0.106659,6.6489
-0.096893,6.6544
-0.082245,6.6595
-0.070648,6.665
-0.065155,6.669
-0.057983,6.6739
-0.050354,6.6788
-0.045319,6.6861
-0.043182,6.6928
-0.040894,6.6989
-0.040894,6.7035
-0.030823,6.7081
-0.033417,6.713
-0.028229,6.7175
-0.023041,6.7224
-0.021362,6.7249
-0.021515,6.7276
-0.018921,6.7325
-0.018616,6.7377
-0.013275,6.7426
-0.011292,6.7474
-0.006561,6.7523
-0.00885,6.7572
-0.00885,6.7621
-0.011139,6.7673
-0.00885,6.7722
-0.001526,6.7764
0.00061,6.7816
0.018921,6.7831
0.035248,6.7856
0.039368,6.7914
0.064545,6.7966
0.05188,6.8011
0.012512,6.8066
-0.019531,6.8106
-0.017853,6.8155
-0.011139,6.8213
-0.021973,6.8253
-0.026093,6.8301
-0.018768,6.8362
-0.013733,6.8402
-0.00885,6.8445
-0.003815,6.8506
-0.001526,6.8542
-0.011749,6.8591
-0.065155,6.8646
-0.028534,6.8698
0.181122,6.8747
0.812378,6.8799
0.878296,6.8835
0.276489,6.8887
-0.222626,6.8933
-0.427551,6.8991
-0.348358,6.904
-0.187531,6.9104
-0.1091,6.918
-0.075226,6.9229
-0.053406,6.929
-0.039978,6.933
-0.028992,6.9376
-0.019226,6.9424
-0.011597,6.9476
-0.001526,6.9522
-0.002289,6.958
0.010071,6.962
0.015717,6.9672
0.022888,6.9717
0.027618,6.9766
0.039368,6.9827
0.05188,6.9858
0.068054,6.9913
0.089264,6.9968
0.108185,7.002
0.113678,7.0007
0.125427,7.0062
0.127563,7.0108
0.117798,7.0102
0.090942,7.0157
0.042114,7.02
-0.026398,7.0206
-0.087891,7.0248
-0.131226,7.0258
-0.157928,7.0251
-0.16098,7.0309
-0.158234,7.0306
-0.147552,7.0355
-0.136719,7.0355
-0.121765,7.0349
-0.107117,7.0407
-0.091248,7.041
-0.079803,7.0401
-0.068054,7.0459
-0.057678,7.045
-0.055389,7.045
-0.045929,7.0499
-0.04303,7.0502
-0.040894,7.0505
-0.038452,7.0544
-0.037689,7.0544
-0.032959,7.0609
-0.028534,7.0599
-0.028381,7.0593
-0.023346,7.0648
-0.023804,7.0648
-0.019073,7.0691
-0.018768,7.0694
-0.016327,7.0752
-0.018921,7.0743
-0.011139,7.0789
0.019836,7.0795
0.03006,7.084
0.039825,7.0837
0.081024,7.0892
0.0737,7.0886
0.035248,7.0938
-0.00412,7.0938
-0.023499,7.0984
-0.031586,7.1033
-0.042572,7.1039
-0.048065,7.1088
-0.040741,7.1085
-0.033569,7.1136
-0.028534,7.1133
-0.023804,7.1176
-0.014343,7.1234
-0.020905,7.124
-0.065308,7.1283
-0.04715,7.128
0.104218,7.1326
0.603027,7.1323
0.976257,7.1378
0.425415,7.1423
-0.116119,7.1429
-0.414734,7.1475
-0.380707,7.1475
-0.223541,7.1524
-0.122681,7.1576
-0.084076,7.1576
-0.063324,7.1625
-0.043335,7.1628
-0.032501,7.1671
-0.020294,7.1671
-0.006104,7.171
-0.001526,7.1762
0.007629,7.1771
0.0177,7.1808
0.021057,7.182
0.032654,7.1817
0.042114,7.1866
0.049896,7.1866
0.065002,7.1869
0.080566,7.1918
0.101166,7.1918
0.119781,7.1918
0.134583,7.1921
0.137634,7.1915
0.137482,7.1918
0.128174,7.1921
0.100555,7.1918
0.049744,7.1899
-0.015869,7.1872
-0.08194,7.1866
-0.131378,7.1863
-0.161591,7.1817
-0.172882,7.1823
-0.165405,7.1814
-0.15564,7.1771
-0.145111,7.1768
-0.13092,7.1719
-0.114288,7.1732
-0.096436,7.1683
-0.084076,7.1671
-0.070038,7.1625
-0.061798,7.1609
-0.053101,7.1567
-0.043945,7.1533
-0.037231,7.1524
-0.031128,7.1472
-0.028687,7.1478
-0.028534,7.1429
-0.028534,7.1426
-0.029144,7.1378
-0.028534,7.1381
-0.026093,7.1335
-0.026245,7.1335
-0.023651,7.1283
-0.02121,7.128
-0.021362,7.124
-0.016174,7.1231
-0.016327,7.1234
-0.011597,7.1185
-0.006561,7.1182
0.032349,7.1167
0.039825,7.1133
0.078125,7.1136
0.083313,7.1088
0.037231,7.1085
0.002441,7.1094
-0.020599,7.1078
-0.028076,7.1036
-0.038757,7.1033
-0.045624,7.1036
-0.042267,7.0984
-0.040894,7.0984
-0.032959,7.099
-0.02655,7.099
-0.016632,7.0987
-0.018311,7.0941
-0.065308,7.0941
-0.050659,7.0938
0.104065,7.0944
0.592041,7.0938
1.029816,7.0935
0.411072,7.0892
-0.175323,7.0889
-0.431671,7.0889
-0.372314,7.0886
-0.213776,7.0886
-0.113068,7.0889
-0.07782,7.0837
-0.056152,7.084
-0.040741,7.0837
-0.02655,7.085
-0.016785,7.0844
-0.009003,7.0847
-0.001831,7.084
0.008392,7.0798
0.022736,7.0789
0.03006,7.0795
0.042114,7.0795
0.057373,7.0743
0.06897,7.074
0.081177,7.0737
0.099182,7.0697
0.119934,7.07
0.139313,7.0654
0.154419,7.0642
0.159607,7.0596
0.155334,7.0602
0.144043,7.0554
0.116119,7.0499
0.055695,7.0499
-0.020905,7.045
-0.092621,7.0401
-0.147247,7.0398
-0.177612,7.0355
-0.189819,7.0306
-0.189972,7.0267
-0.17868,7.0251
-0.165405,7.0203
-0.144348,7.016
-0.129547,7.0111
-0.114441,7.0059
-0.095673,7.0013
-0.080872,6.9968
-0.066223,6.9919
-0.055237,6.987
-0.048065,6.9858
-0.040894,6.9815
-0.036163,6.9775
-0.030823,6.9724
-0.028687,6.9675
-0.026398,6.9626
-0.02594,6.9617
-0.023346,6.9571
-0.023651,6.9522
-0.023651,6.947
-0.018768,6.9449
-0.018921,6.9424
-0.018768,6.9373
-0.016632,6.9339
-0.010986,6.9336
-0.016632,6.9281
-0.016327,6.9278
-0.011749,6.9229
-0.00885,6.9229
-0.006561,6.9186
-0.006561,6.9135
0.00061,6.9141
0.000916,6.9089
-0.001984,6.908
0.001068,6.9037
0.003204,6.9034
0.003357,6.8994
0.003204,6.8985
0.003357,6.8936
0.008087,6.8936
0.012817,6.889
0.015564,6.89
0.02655,6.8839
0.05188,6.8835
0.058136,6.8796
0.083313,6.879
0.072327,6.8747
0.028992,6.8701
-0.003052,6.8701
-0.013885,6.8646
-0.016327,6.8646
-0.027313,6.86
-0.031128,6.8549
-0.028687,6.8546
-0.026093,6.8497
-0.018768,6.8451
-0.013733,6.8457
-0.00885,6.8402
-0.016479,6.835
-0.069733,6.832
-0.035553,6.8301
0.176086,6.8256
0.762939,6.8198
0.992889,6.8207
0.223694,6.8155
-0.341034,6.8109
-0.450134,6.8057
-0.308533,6.8015
-0.156097,6.8018
-0.095367,6.796
-0.065308,6.7914
-0.048218,6.7871
-0.035553,6.781
-0.021515,6.7764
-0.00885,6.7725
-0.001373,6.7664
0.014496,6.7618
0.022888,6.7575
0.032806,6.7523
0.03952,6.7477
0.046539,6.7422
0.054474,6.738
0.066376,6.7276
0.08606,6.723
0.108032,6.7136
0.132446,6.7081
0.148926,6.6989
0.154266,6.6895
0.154572,6.6788
0.171814,6.669
0.157776,6.6599
0.121307,6.6467
0.055389,6.6351
-0.028687,6.6254
-0.110626,6.6125
-0.171509,6.601
-0.207062,6.5912
-0.221558,6.5765
-0.219421,6.5674
-0.207977,6.5527
-0.193634,6.5396
-0.175781,6.5277
-0.156708,6.5152
-0.138702,6.5024
-0.119171,6.4908
-0.09964,6.4789
-0.080872,6.4691
-0.067902,6.4554
-0.055389,6.4447
-0.04425,6.4346
-0.038605,6.4249
-0.030823,6.416
-0.030823,6.405
-0.030975,6.3953
-0.03067,6.3861
-0.031128,6.3766
-0.030975,6.3666
-0.028687,6.3574
-0.028687,6.3495
-0.028381,6.3422
-0.023956,6.3324
-0.023804,6.3275
-0.02121,6.3174
-0.018768,6.3101
-0.019226,6.3037
-0.021057,6.2991
-0.013885,6.2891
-0.011444,6.2842
-0.008698,6.2787
-0.004578,6.2695
-0.00412,6.2646
-0.001831,6.2604
0.001068,6.254
0.000763,6.2457
0.003204,6.2402
0.00061,6.2354
0.003052,6.225
0.005646,6.2207
0.008087,6.21
0.010681,6.2054
0.013123,6.1957
0.010681,6.1862
0.010529,6.1823
0.013123,6.1719
0.0177,6.1627
0.043335,6.1533
0.05661,6.1469
0.070343,6.1374
0.094757,6.1273
0.062714,6.1182
0.02121,6.1084
-0.005646,6.1002
-0.013733,6.0931
-0.021057,6.0837
-0.026398,6.0742
-0.028839,6.0645
-0.023651,6.0562
-0.018921,6.0492
-0.016479,6.04
-0.011444,6.0306
-0.011292,6.0251
-0.032349,6.015
-0.077667,6.0056
0.011139,6.0004
0.357056,5.9906
1.064606,5.9818
0.7164,5.9766
-0.082397,5.9677
-0.455475,5.9622
-0.404816,5.9521
-0.227814,5.9476
-0.126038,5.9369
-0.089569,5.9326
-0.066376,5.9229
-0.046692,5.9177
-0.033417,5.9082
-0.023651,5.9003
-0.01358,5.8942
-0.003662,5.8859
0.007477,5.8792
0.017853,5.8691
0.028076,5.864
0.037537,5.8548
0.044861,5.8496
0.055695,5.8401
0.071564,5.8301
0.090027,5.8176
0.10788,5.8051
0.127869,5.7935
0.147095,5.7809
0.159454,5.7669
0.166931,5.7526
0.166626,5.737
0.150452,5.7199
0.1091,5.7037
0.039673,5.6888
-0.04364,5.6744
-0.120239,5.6564
-0.17395,5.6396
-0.2034,5.6253
-0.215912,5.61
-0.211945,5.5911
-0.19989,5.5765
-0.183563,5.5618
-0.167999,5.5463
-0.149078,5.5325
-0.131073,5.5182
-0.112305,5.5035
-0.097046,5.4892
-0.082397,5.4785
-0.067902,5.4645
-0.059052,5.4544
-0.053253,5.4401
-0.050354,5.4294
-0.047913,5.4196
-0.043488,5.4108
-0.039215,5.4004
-0.033722,5.3903
-0.033569,5.3812
-0.030823,5.3732
-0.028992,5.3668
-0.028534,5.3586
-0.028381,5.3519
-0.023651,5.347
-0.021362,5.3427
-0.018768,5.3345
-0.01709,5.329
-0.013885,5.3275
-0.011444,5.3223
-0.004578,5.3168
-0.001678,5.3125
-0.001678,5.3085
0.003662,5.3085
0.005646,5.3033
0.003052,5.303
0.005798,5.2985
0.008087,5.2982
0.010529,5.2982
0.011139,5.2939
0.01297,5.2936
0.015411,5.2942
0.012817,5.2936
0.015411,5.2933
0.013123,5.2881
0.013428,5.2887
0.010681,5.2884
0.013275,5.2881
0.015564,5.2884
0.015717,5.2887
0.015259,5.2887
0.017548,5.2884
0.030212,5.2881
0.058594,5.2881
0.059052,5.2887
0.081024,5.2887
0.077667,5.2884
0.032806,5.2887
0.000916,5.2881
-0.016174,5.2881
-0.018616,5.2887
-0.030823,5.2884
-0.033264,5.2884
-0.031128,5.2887
-0.028229,5.2884
-0.023499,5.2884
-0.018463,5.2881
-0.013885,5.2881
-0.018921,5.289
-0.078735,5.2887
-0.072021,5.2881
0.13855,5.2887
0.769958,5.2887
1.039124,5.2893
0.250702,5.2884
-0.343628,5.2881
-0.448608,5.2835
-0.304413,5.2832
-0.150452,5.2838
-0.092926,5.2832
-0.070496,5.2844
-0.053253,5.2786
-0.0383,5.2792
-0.024109,5.2783
-0.016022,5.2744
-0.006104,5.2737
0.000916,5.2692
0.008087,5.2686
0.019226,5.264
0.027771,5.2634
0.037231,5.2588
0.04715,5.2545
0.057831,5.2451
0.072784,5.2341
0.08606,5.2225
0.105591,5.2103
0.125275,5.1959
0.147247,5.1804
0.159302,5.1614
0.164337,5.1468
0.160065,5.1276
0.131378,5.108
0.06897,5.0885
-0.012512,5.0693
-0.089874,5.05
-0.152283,5.0305
-0.193481,5.011
-0.212097,4.9918
-0.214081,4.9716
-0.204773,4.9524
-0.187683,4.9332
-0.172577,4.9142
-0.153656,4.8956
-0.134735,4.8795
-0.11673,4.8599
-0.099335,4.845
-0.085907,4.8303
-0.072784,4.8135
-0.062866,4.7977
-0.055237,4.787
-0.045624,4.772
-0.035858,4.7571
-0.030823,4.7473
-0.033112,4.7354
-0.028687,4.7238
-0.026245,4.7134
-0.028381,4.7046
-0.028534,4.6988
-0.026093,4.689
-0.026093,4.6811
-0.023499,4.6744
-0.019073,4.6692
-0.013733,4.6649
-0.013885,4.6585
-0.011597,4.6555
-0.00885,4.6506
-0.006256,4.6503
-0.004272,4.6448
-0.001526,4.6448
0.000763,4.6399
0.002441,4.6402
0.005646,4.6402
0.007019,4.6405
0.013123,4.6405
0.013123,4.6405
0.012817,4.6399
0.010986,4.6448
0.01358,4.6448
0.012817,4.6451
0.013123,4.65
0.010376,4.65
0.010529,4.6542
0.010834,4.6558
0.010376,4.66
0.010681,4.6597
0.010681,4.6646
0.015106,4.6649
0.025177,4.6698
0.053406,4.6747
0.056763,4.6744
0.0737,4.6793
0.062561,4.6838
0.018921,4.6844
-0.00885,4.689
-0.016174,4.6936
-0.016327,4.6942
-0.023804,4.6988
-0.028381,4.7034
-0.023499,4.704
-0.019073,4.7089
-0.013885,4.7128
-0.012207,4.7134
-0.009003,4.7189
-0.037079,4.7232
-0.089264,4.7275
-0.022583,4.7278
0.339966,4.7336
1.078949,4.7375
0.723267,4.7375
-0.041809,4.7427
-0.433807,4.747
-0.410614,4.7473
-0.239258,4.7522
-0.128326,4.7525
-0.085144,4.7577
-0.063324,4.7577
-0.048218,4.7626
-0.035706,4.762
-0.023651,4.7675
-0.016327,4.7675
-0.006256,4.7714
0.003357,4.7723
0.012665,4.7769
0.020294,4.7772
0.028076,4.7766
0.035095,4.7824
0.04715,4.7824
0.059204,4.7821
0.074005,4.7818
0.088501,4.7821
0.108185,4.7772
0.132446,4.7766
0.149689,4.7766
0.162201,4.7723
0.15976,4.7675
0.145721,4.7623
0.109253,4.7592
0.037079,4.7543
-0.044403,4.7476
-0.11322,4.7427
-0.164642,4.7382
-0.194855,4.733
-0.20462,4.7278
-0.200653,4.7186
-0.189819,4.7137
-0.173645,4.7089
-0.156403,4.6994
-0.137329,4.6939
-0.119476,4.6887
-0.101776,4.6802
-0.084839,4.6741
-0.074921,4.6695
-0.067749,4.6646
-0.057983,4.6594
-0.047913,4.6545
-0.043182,4.65
-0.038147,4.6448
-0.035706,4.6405
-0.030518,4.6359
-0.028687,4.6353
-0.028381,4.6304
-0.02594,4.6268
-0.02121,4.6259
-0.020752,4.6216
-0.016022,4.621
-0.016174,4.621
-0.014038,4.6164
-0.013885,4.6161
-0.013885,4.6158
-0.009155,4.6152
-0.00885,4.6158
-0.006256,4.6164
-0.006714,4.6164
-0.001678,4.6161
-0.001373,4.6161
0.000916,4.6158
0.003204,4.6152
0.001221,4.6161
0.005951,4.6152
0.010529,4.6161
0.013275,4.621
0.013275,4.6207
0.01297,4.6207
0.015411,4.6207
0.015411,4.6255
0.018158,4.6255
0.018005,4.6255
0.015717,4.631
0.017395,4.6307
0.020447,4.6307
0.018311,4.6353
0.018005,4.6353
0.039062,4.6359
0.052032,4.6362
0.039673,4.6405
0.052032,4.6402
0.026398,4.6402
-0.007782,4.6445
-0.007782,4.6451
-0.006256,4.6451
-0.008698,4.6497
-0.016022,4.65
-0.016174,4.6503
-0.013733,4.6545
-0.011444,4.6552
-0.00412,4.6548
-0.011444,4.6552
-0.004272,4.6597
-0.032196,4.6594
-0.089569,4.6594
-0.013123,4.6597
0.380249,4.66
1.105347,4.6643
0.720825,4.6646
-0.03006,4.6646
-0.429993,4.6643
-0.414276,4.6695
-0.241852,4.6692
-0.130005,4.6698
-0.089722,4.6698
-0.066223,4.6692
-0.04837,4.6738
-0.033112,4.6744
-0.025787,4.6747
-0.016327,4.6747
-0.007324,4.6747
0.000763,4.6744
0.007935,4.6744
0.015411,4.6744
0.027618,4.6747
0.037689,4.6744
0.044708,4.6744
0.058289,4.6747
0.072479,4.6741
0.092621,4.6695
0.112,4.6701
0.132751,4.6649
0.149841,4.6649
0.157166,4.66
0.159454,4.6555
0.150452,4.6545
0.110168,4.6503
0.044403,4.6451
-0.036621,4.6405
-0.113068,4.6356
-0.16922,4.6356
-0.197449,4.6298
-0.209656,4.6283
-0.209351,4.6252
-0.197144,4.6255
-0.180359,4.6262
-0.162964,4.6262
-0.144348,4.6255
-0.127258,4.6262
-0.101929,4.6252
-0.094147,4.6307
-0.082855,4.6353
-0.073547,4.6396
-0.065155,4.6445
-0.057983,4.65
-0.055084,4.6548
-0.04776,4.6649
-0.041351,4.6741
-0.038605,4.6796
-0.0383,4.6887
-0.03418,4.6991
-0.032959,4.7089
-0.030823,4.7229
-0.026245,4.733
-0.023651,4.7449
-0.020905,4.7571
-0.016327,4.7711
-0.014038,4.7836
-0.011444,4.7961
-0.006866,4.8111
-0.006561,4.8288
-0.003815,4.8447
0.001068,4.8599
0.001068,4.8752
0.001068,4.8938
0.002594,4.9084
0.005493,4.928
0.007935,4.9451
0.010986,4.9625
0.010376,4.9814
0.012817,5.0009
0.013123,5.0198
0.010834,5.0397
0.015259,5.0571
0.013275,5.0772
0.013275,5.0955
0.013275,5.1175
0.015717,5.1367
0.015564,5.1559
0.013428,5.1758
0.027771,5.1965
0.039825,5.2151
0.011597,5.235
0.010834,5.2579
0.014038,5.2789
-0.001373,5.2988
0.000916,5.3214
0.008087,5.3415
0.012817,5.3662
0.005951,5.3885
0.000763,5.4108
0.003052,5.434
0.00351,5.4568
0.005798,5.4785
0.008087,5.5029
0.003357,5.5276
-0.057373,5.5518
-0.073242,5.5762
0.066681,5.6009
0.614471,5.6256
1.008911,5.6485
0.432739,5.6735
-0.127563,5.701
-0.425262,5.7257
-0.396729,5.7501
-0.236053,5.7739
-0.128021,5.7983
-0.083313,5.82
-0.057831,5.8447
-0.040894,5.8691
-0.033569,5.8929
-0.023956,5.9158
-0.018616,5.9375
-0.009003,5.961
-0.001678,5.9811
0.005035,6.0031
0.010529,6.0248
0.015717,6.0443
0.020294,6.0645
0.032654,6.0834
0.042725,6.1023
0.056915,6.1176
0.0737,6.1368
0.091095,6.152
0.110779,6.1667
0.122681,6.1838
0.131836,6.1963
0.130157,6.2106
0.120544,6.225
0.081635,6.2378
0.014496,6.25
-0.054474,6.2604
-0.110626,6.2738
-0.152283,6.2839
-0.167084,6.2943
-0.16983,6.3031
-0.162964,6.3138
-0.150909,6.3226
-0.143738,6.3318
-0.119629,6.337
-0.111389,6.3464
-0.094604,6.3565
-0.078278,6.3614
-0.072632,6.3715
-0.072479,6.3791
-0.063782,6.3858
-0.060272,6.394
-0.056152,6.4014
-0.050659,6.4056
-0.043335,6.4151
-0.03891,6.42
-0.033417,6.4252
-0.028076,6.4349
-0.030975,6.4395
-0.026093,6.4444
-0.026093,6.4493
-0.022125,6.459
-0.018768,6.4639
-0.016327,6.4688
-0.011139,6.4737
-0.006561,6.4789
-0.00885,6.4862
-0.009003,6.4938
-0.003967,6.499
-0.00412,6.5033
-0.001678,6.5085
-0.001221,6.5134
0.003204,6.5228
0.003204,6.5277
0.005646,6.5326
0.003357,6.5369
0.005646,6.5472
0.012207,6.5527
0.031738,6.557
0.04715,6.5619
0.046234,6.5707
0.073853,6.5768
0.059509,6.5817
0.020599,6.5863
-0.005493,6.5961
-0.00885,6.6013
-0.009155,6.6058
-0.021362,6.6107
-0.025787,6.6202
-0.018921,6.6257
-0.013885,6.6299
-0.011597,6.6376
-0.00824,6.6449
-0.01297,6.6501
-0.030518,6.6544
-0.074463,6.6602
-0.01297,6.669
0.256042,6.6748
0.922699,6.6785
0.745392,6.6846
0.168915,6.6888
-0.281525,6.6989
-0.4245,6.7032
-0.314178,6.7084
-0.164337,6.7133
-0.09491,6.7188
-0.062561,6.7279
-0.045624,6.7325
-0.035706,6.7374
-0.025787,6.7429
-0.016174,6.7471
-0.014038,6.7548
-0.006256,6.7621
0.001068,6.767
0.006104,6.7712
0.018005,6.7761
0.020447,6.7816
0.027924,6.7868
0.039825,6.7941
0.05188,6.8005
0.064392,6.8054
0.083923,6.8091
0.104675,6.8103
0.119934,6.8152
0.127563,6.8201
0.130157,6.8256
0.123291,6.8304
0.094147,6.8307
0.040894,6.8353
-0.020752,6.8399
-0.084381,6.8408
-0.13031,6.8448
-0.150604,6.8503
-0.158081,6.8503
-0.156097,6.8546
-0.148163,6.8555
-0.135803,6.8604
-0.119781,6.8594
-0.101929,6.8637
-0.089722,6.8649
-0.084686,6.8643
-0.079803,6.8692
-0.069885,6.8692
-0.057373,6.875
-0.052948,6.8747
-0.052795,6.8784
-0.045471,6.8793
-0.0383,6.8793
-0.03418,6.8839
-0.03067,6.8835
-0.033417,6.8887
-0.030823,6.89
-0.030823,6.8936
-0.026093,6.8936
-0.026245,6.8988
-0.018616,6.8988
-0.018768,6.9034
-0.013428,6.9037
-0.011444,6.9083
-0.007324,6.9083
-0.001526,6.9138
0.015717,6.9138
0.028229,6.9174
0.039673,6.9226
0.071106,6.9238
0.074005,6.9287
0.033417,6.9278
-0.000916,6.9327
-0.018768,6.9376
-0.020599,6.9376
-0.033875,6.9424
-0.040894,6.9476
-0.037689,6.9476
-0.033264,6.9519
-0.025482,6.9571
-0.016479,6.9574
-0.016327,6.9623
-0.011292,6.9666
-0.059052,6.9662
-0.053101,6.9714
0.08667,6.9766
0.555115,6.9766
0.987091,6.9812
0.467987,6.9861
-0.0737,6.9867
-0.398712,6.9916
-0.388489,6.9958
-0.242462,6.9962
-0.126648,7.0023
-0.080566,7.0056
-0.053558,7.0065
-0.036316,7.0108
-0.029449,7.0163
-0.019531,7.0166
-0.011444,7.0212
-0.001221,7.0264
0.010681,7.0258
0.015564,7.0306
0.020142,7.03
0.030365,7.0352
0.037079,7.0358
0.046234,7.0404
0.056763,7.041
0.076599,7.0453
0.090332,7.0453
0.107574,7.045
0.124664,7.0493
0.135193,7.0502
0.137482,7.0496
0.13504,7.0502
0.113525,7.0505
0.063934,7.0499
-0.005493,7.0502
-0.069885,7.0502
-0.119476,7.0502
-0.157623,7.0499
-0.170135,7.0499
-0.167999,7.0502
-0.158234,7.0499
-0.14389,7.0502
-0.128784,7.0499
-0.116272,7.0502
-0.101929,7.0453
-0.086975,7.0447
-0.075073,7.0459
-0.067749,7.0447
-0.054932,7.0456
-0.050354,7.041
-0.043793,7.041
-0.038147,7.0398
-0.030975,7.041
-0.033569,7.0398
-0.035248,7.0355
-0.031281,7.0361
-0.033264,7.0352
-0.031128,7.0349
-0.028687,7.0358
-0.023804,7.0352
-0.023956,7.0358
-0.021362,7.0309
-0.020905,7.0316
-0.011292,7.0303
0.00885,7.03
0.028076,7.0309
0.033112,7.0309
0.070648,7.0303
0.085449,7.0309
0.04776,7.0303
0.005798,7.0306
-0.021057,7.0306
-0.023956,7.03
-0.035706,7.0309
-0.043335,7.0306
-0.042572,7.0349
-0.035248,7.0358
-0.02594,7.0358
-0.023346,7.0355
-0.013733,7.0355
-0.011749,7.0352
-0.042877,7.0355
-0.057526,7.0404
0.045776,7.0401
0.387268,7.0401
1.013947,7.0404
0.618591,7.0404
0.010529,7.0456
-0.372772,7.0447
-0.407715,7.045
-0.263977,7.0453
-0.141907,7.0502
-0.094604,7.0496
-0.065765,7.0505
-0.045929,7.0493
-0.033569,7.0541
-0.025482,7.0547
-0.014038,7.0557
-0.00351,7.0547
0.003357,7.0593
0.014954,7.0599
0.024567,7.0599
0.032806,7.0605
0.039368,7.0593
0.047455,7.0593
0.063629,7.0599
0.074463,7.0605
0.096741,7.0602
0.118408,7.0593
0.135193,7.0596
0.144806,7.0551
0.1474,7.0551
0.142212,7.0547
0.117493,7.0502
0.066833,7.0508
-0.006714,7.0456
-0.079193,7.045
-0.130615,7.0407
-0.163422,7.0404
-0.178223,7.0352
-0.17807,7.0349
-0.167999,7.0306
-0.151672,7.0255
-0.136261,7.0261
-0.123444,7.0212
-0.106812,7.0181
-0.087738,7.0151
-0.073242,7.0108
-0.060272,7.0111
-0.050507,7.0062
-0.04303,7.0044
-0.038452,7.001
-0.033417,6.9962
-0.028381,6.9971
-0.025787,6.9907
-0.026245,6.9913
-0.026245,6.9864
-0.02594,6.9873
-0.025787,6.9809
-0.023346,6.9815
-0.021362,6.9766
-0.023956,6.9772
-0.02121,6.9766
-0.018921,6.972
-0.016327,6.9717
-0.011444,6.9666
-0.00885,6.9672
-0.006256,6.9669
-0.005951,6.9623
-0.001526,6.9623
-0.001678,6.9577
-0.001373,6.9571
0.000763,6.9574
0.003662,6.9525
0.02243,6.9531
0.039673,6.9525
0.047455,6.9476
0.081177,6.9482
0.088806,6.9434
0.039673,6.9427
0.003967,6.9424
-0.016327,6.9379
-0.020905,6.9376
-0.033264,6.9388
-0.040894,6.9327
-0.0383,6.9327
-0.033875,6.9302
-0.027618,6.9284
-0.018158,6.9275
-0.013885,6.9241
-0.013733,6.9229
-0.059967,6.9238
-0.049591,6.9229
0.115204,6.9183
0.603943,6.9183
1.062775,6.9183
0.397339,6.9135
-0.233307,6.9131
-0.451508,6.9131
-0.353394,6.9083
-0.188293,6.9083
-0.103912,6.9089
-0.068207,6.9034
-0.048523,6.9031
-0.033875,6.904
-0.02121,6.8988
-0.013885,6.8988
-0.003204,6.8988
0.006409,6.8933
0.017395,6.8939
0.029602,6.8887
0.039825,6.8884
0.049286,6.8848
0.058899,6.8839
0.071106,6.8796
0.085907,6.8793
0.102844,6.8741
0.123596,6.8695
0.14679,6.8649
0.163879,6.8597
0.174103,6.8546
0.173492,6.85
0.159912,6.8402
0.122681,6.8344
0.054932,6.8298
-0.047607,6.8213
-0.119629,6.8155
-0.167847,6.8073
-0.200043,6.8005
-0.214233,6.7926
-0.214386,6.7862
-0.198822,6.7758
-0.184326,6.7715
-0.167389,6.7618
-0.145874,6.7572
-0.124359,6.7477
-0.104523,6.7413
-0.087128,6.7328
-0.072632,6.7227
-0.061951,6.7178
-0.050354,6.709
-0.040741,6.7035
-0.03418,6.694
-0.031128,6.6885
-0.030975,6.6818
-0.028839,6.6748
-0.026093,6.6693
-0.02533,6.6592
-0.021973,6.6547
-0.021362,6.6495
-0.023804,6.6412
-0.023956,6.6357
-0.023804,6.6309
-0.021057,6.626
-0.021057,6.6205
-0.018463,6.6113
-0.016174,6.6061
-0.013733,6.6006
-0.011139,6.5961
-0.006409,6.5909
-0.00412,6.5866
-0.003815,6.5808
-0.003967,6.5762
-0.001373,6.5714
0.000916,6.5671
0.000916,6.5622
0.00061,6.5564
0.005341,6.553
0.010681,6.5479
0.009918,6.5433
0.010986,6.5369
0.012665,6.5332
0.015717,6.5289
0.015564,6.5228
0.013733,6.5186
0.019836,6.5131
0.035706,6.5082
0.066223,6.503
0.068817,6.4984
0.092773,6.4941
0.08606,6.4862
0.040131,6.4792
0.005951,6.4731
-0.007324,6.4697
-0.014191,6.4636
-0.026093,6.459
-0.033569,6.4548
-0.031128,6.4499
-0.026245,6.4435
-0.023651,6.4352
-0.016479,6.4297
-0.014038,6.4255
-0.018158,6.4209
-0.075226,6.4157
-0.041962,6.4056
0.194397,6.4008
0.817108,6.3956
0.99762,6.391
0.194092,6.3867
-0.372009,6.3766
-0.448761,6.3712
-0.296783,6.3669
-0.175171,6.3614
-0.105896,6.3528
-0.076599,6.3464
-0.059662,6.3431
-0.046234,6.3321
-0.030823,6.3242
-0.02121,6.3177
-0.013123,6.3083
-0.001526,6.2988
0.009003,6.2918
0.019836,6.2842
0.030365,6.2738
0.03952,6.2646
0.052032,6.2549
0.063171,6.2454
0.076447,6.2302
0.092926,6.2201
0.111237,6.2057
0.133514,6.1908
0.151672,6.1768
0.161438,6.1612
0.164337,6.1472
0.156403,6.1288
0.125122,6.113
0.066833,6.0983
-0.016327,6.0791
-0.097198,6.0648
-0.155945,6.0443
-0.191956,6.03
-0.209503,6.0117
-0.210876,5.9961
-0.204773,5.9787
-0.190125,5.9616
-0.170441,5.947
-0.148926,5.9286
-0.128632,5.9134
-0.111542,5.8981
-0.098572,5.8838
-0.082092,5.8691
-0.069275,5.8551
-0.057983,5.8401
-0.050354,5.8261
-0.045471,5.8157
-0.04303,5.8008
-0.035858,5.7907
-0.030975,5.7767
-0.031128,5.7669
-0.031281,5.7568
-0.026703,5.7434
-0.026093,5.7327
-0.023651,5.7224
-0.023804,5.7129
-0.023499,5.7028
-0.023651,5.694
-0.018616,5.6845
-0.018768,5.679
-0.018616,5.6683
-0.016174,5.6598
-0.013885,5.654
-0.009003,5.6448
-0.00885,5.6396
-0.006561,5.6302
-0.003967,5.6244
-0.003967,5.618
0.000916,5.6104
0.001221,5.6061
0.000763,5.5997
0.001068,5.5923
0.003357,5.5859
0.006104,5.5814
0.008087,5.5759
0.008087,5.5716
0.007935,5.5667
0.013123,5.5569
0.013275,5.5518
0.013275,5.5472
0.01297,5.542
0.010681,5.5377
0.012665,5.5289
0.020142,5.5228
0.052338,5.5179
0.056763,5.5124
0.07431,5.5078
0.09613,5.5038
0.056458,5.4935
0.016022,5.4889
-0.008698,5.4834
-0.013885,5.4788
-0.02655,5.4736
-0.033722,5.4651
-0.033112,5.4587
-0.025635,5.4544
-0.02121,5.4495
-0.013885,5.4446
-0.011292,5.4395
-0.013428,5.43
-0.048218,5.4248
-0.086975,5.4199
0.024414,5.4153
0.459747,5.4114
1.128998,5.4059
0.570679,5.4007
-0.178833,5.3964
-0.458221,5.3912
-0.3685,5.386
-0.191803,5.3818
-0.106506,5.3745
-0.077209,5.3699
-0.05722,5.3629
-0.044556,5.3577
-0.033569,5.3519
-0.023956,5.3473
-0.013123,5.3424
-0.005798,5.3375
0.006256,5.3329
0.014954,5.3275
0.023804,5.3223
0.032806,5.3174
0.040436,5.3088
0.054016,5.2991
0.06424,5.2887
0.077972,5.2747
0.099182,5.2594
0.119781,5.2441
0.140076,5.2252
0.151672,5.2063
0.162048,5.1862
0.166168,5.1642
0.147705,5.1425
0.102692,5.1202
0.028076,5.0986
-0.050354,5.0748
-0.12146,5.051
-0.170441,5.0284
-0.202026,5.0061
-0.211792,4.982
-0.206909,4.9576
-0.194855,4.9335
-0.179291,4.9133
-0.160828,4.8904
-0.143433,4.8688
-0.124207,4.8505
-0.106049,4.8282
-0.091248,4.8087
-0.082397,4.7906
-0.070496,4.7723
-0.062714,4.7559
-0.057373,4.7375
-0.048218,4.7226
-0.045471,4.7086
-0.041199,4.6936
-0.035858,4.6799
-0.031128,4.6704
-0.028839,4.6576
-0.030823,4.6454
-0.02655,4.6359
-0.025787,4.6259
-0.027618,4.621
-0.022736,4.6109
-0.018768,4.6011
-0.016327,4.5963
-0.01297,4.592
-0.007019,4.5868
-0.006714,4.5822
-0.00412,4.5767
-0.003967,4.5718
-0.003967,4.5667
-0.004425,4.5624
-0.001678,4.5627
0.001068,4.5572
0.003052,4.5566
0.005798,4.5575
0.006561,4.5551
0.010681,4.5523
0.01236,4.5523
0.008087,4.552
0.013123,4.5526
0.01297,4.5523
0.010681,4.552
0.010834,4.552
0.012817,4.5569
0.01297,4.5575
0.013275,4.5572
0.015411,4.5575
0.020447,4.5624
0.044861,4.5615
0.054169,4.5618
0.065155,4.5667
0.08667,4.5663
0.046844,4.567
0.010223,4.5718
-0.017395,4.5718
-0.016479,4.5761
-0.02121,4.577
-0.030823,4.5773
-0.033417,4.5819
-0.031128,4.5819
-0.021667,4.5862
-0.019684,4.5865
-0.016174,4.5901
-0.011444,4.5914
-0.034485,4.5917
-0.096741,4.5963
-0.041504,4.5956
0.511475,4.6014
1.127319,4.6008
0.603943,4.6014
-0.139008,4.6066
-0.454712,4.606
-0.391998,4.6106
-0.212708,4.6103
-0.116119,4.6109
-0.081482,4.6158
-0.06546,4.6155
-0.050659,4.6155
-0.036163,4.6204
-0.027924,4.621
-0.016327,4.621
-0.006409,4.6259
0.002899,4.6259
0.017395,4.6252
0.027618,4.6304
0.032654,4.631
0.040588,4.6353
0.051117,4.635
0.059204,4.6393
0.073547,4.6402
0.09613,4.6402
0.119934,4.6448
0.138245,4.6454
0.152283,4.6494
0.161743,4.6497
0.164337,4.6548
0.146332,4.6591
0.100403,4.6594
0.025482,4.6646
-0.058136,4.6692
-0.125122,4.6744
-0.173035,4.679
-0.201874,4.6838
-0.207062,4.693
-0.200348,4.6991
-0.185547,4.7043
-0.169373,4.7134
-0.151062,4.7223
-0.13504,4.7299
-0.116577,4.7382
-0.101166,4.7495
-0.087433,4.762
-0.07782,4.7717
-0.069885,4.7855
-0.06012,4.7964
-0.055695,4.8105
-0.048218,4.8257
-0.045624,4.8404
-0.036469,4.8569
-0.028839,4.874
-0.030823,4.8895
-0.030975,4.9057
-0.028381,4.9228
-0.028534,4.9411
-0.028687,4.9573
-0.031281,4.9774
-0.028076,4.9963
-0.02121,5.0159
-0.021362,5.0348
-0.015411,5.0546
-0.013885,5.0735
-0.016479,5.0925
-0.011444,5.1123
-0.009003,5.1324
-0.00412,5.1523
-0.001526,5.1758
-0.001678,5.1953
0.000916,5.2151
0.003357,5.2393
0.00824,5.2582
0.00824,5.2832
0.005341,5.304
0.003357,5.3244
0.008087,5.347
0.01297,5.3687
0.010681,5.3915
0.005646,5.4099
0.008392,5.434
0.013428,5.4553
0.01297,5.4773
0.013275,5.4987
0.013123,5.5215
0.016327,5.5426
0.039673,5.5664
0.047455,5.5881
0.068359,5.6097
0.072937,5.6335
0.032501,5.654
0.002441,5.679
-0.011597,5.7007
-0.007172,5.7227
-0.018616,5.7474
-0.023804,5.7687
-0.021057,5.7913
-0.016327,5.8145
-0.014038,5.834
-0.006409,5.8594
-0.001373,5.8807
-0.011749,5.9033
-0.079498,5.9238
-0.065308,5.9464
0.120087,5.9662
0.738831,5.9863
0.924072,6.0095
0.322418,6.0303
-0.200043,6.0498
-0.442047,6.0687
-0.374756,6.0886
-0.210876,6.1078
-0.116577,6.1273
-0.081635,6.1469
-0.057068,6.1639
-0.042419,6.1816
-0.028992,6.2012
-0.016327,6.2173
-0.009308,6.2344
-0.003967,6.2518
-0.001831,6.2689
0.009155,6.2833
0.015411,6.2982
0.021362,6.3135
0.030212,6.3275
0.039673,6.3422
0.05127,6.3565
0.069885,6.369
0.087128,6.3809
0.106659,6.3916
0.122833,6.4047
0.134735,6.416
0.139771,6.4258
0.141907,6.4349
0.118103,6.4447
0.073547,6.4514
0.007019,6.46
-0.055695,6.4685
-0.109558,6.4746
-0.140686,6.4844
-0.157471,6.488
-0.167389,6.4951
-0.158234,6.5033
-0.145111,6.5082
-0.131073,6.5128
-0.116425,6.5179
-0.102386,6.5271
-0.08728,6.5329
-0.081329,6.5381
-0.075378,6.5417
-0.065765,6.5479
-0.055542,6.5518
-0.054626,6.557
-0.045624,6.5628
-0.040741,6.5668
-0.035553,6.572
-0.033569,6.5768
-0.031281,6.5814
-0.028687,6.5857
-0.028534,6.5909
-0.025635,6.5964
-0.016632,6.601
-0.011444,6.6061
-0.016174,6.6116
-0.013885,6.6156
-0.011749,6.6223
-0.010986,6.6272
-0.00885,6.633
-0.006256,6.6367
-0.004272,6.6415
-0.00412,6.6492
-0.000458,6.6541
0.000763,6.6586
0.005188,6.6635
0.005341,6.6687
0.010681,6.6745
0.008087,6.6797
0.005646,6.684
0.010376,6.6882
0.017853,6.6934
0.038452,6.6992
0.042114,6.7032
0.052185,6.7081
0.078278,6.7133
0.043945,6.7175
0.012207,6.7233
-0.011139,6.727
-0.006561,6.7279
-0.018463,6.7331
-0.026245,6.738
-0.018768,6.7426
-0.02182,6.748
-0.02121,6.7523
-0.011749,6.7575
-0.009766,6.7621
-0.018616,6.7667
-0.073395,6.7719
-0.052032,6.7764
0.119629,6.7816
0.679474,6.7859
0.926361,6.7908
0.353546,6.7963
-0.162811,6.8008
-0.419464,6.806
-0.368347,6.8109
-0.209961,6.8161
-0.113831,6.8201
-0.072021,6.8274
-0.048065,6.8353
-0.0383,6.8399
-0.027924,6.8457
-0.016785,6.8497
-0.006561,6.8539
0.000916,6.8594
0.005646,6.8649
0.015717,6.8692
0.018005,6.8741
0.025177,6.879
0.032349,6.8863
0.043945,6.889
0.054016,6.8939
0.066223,6.8994
0.086212,6.9037
0.105591,6.9092
0.122833,6.9125
0.132599,6.9177
0.139771,6.9177
0.132751,6.9229
0.10498,6.9241
0.056458,6.9275
-0.006866,6.9321
-0.072632,6.9336
-0.121918,6.9363
-0.157623,6.9382
-0.170288,6.9373
-0.168304,6.9424
-0.153198,6.9427
-0.14328,6.9434
-0.128937,6.947
-0.116577,6.9473
-0.099487,6.9467
-0.084686,6.9522
-0.072937,6.9525
-0.065155,6.9528
-0.056915,6.9522
-0.04837,6.9571
-0.045776,6.9577
-0.040436,6.9571
-0.036163,6.9574
-0.036011,6.9623
-0.031128,6.962
-0.033112,6.9623
-0.033264,6.9617
-0.028839,6.9623
-0.02594,6.9614
-0.023651,6.9669
-0.021057,6.9675
-0.018921,6.9675
-0.016174,6.9669
-0.014038,6.9669
-0.01297,6.9672
-0.006561,6.9675
-0.00412,6.9675
0.00061,6.9662
0.016479,6.9672
0.038452,6.9666
0.041809,6.9675
0.06485,6.9666
0.083923,6.9669
0.049896,6.9666
0.012817,6.9672
-0.014648,6.9669
-0.016632,6.9675
-0.024567,6.9678
-0.033722,6.9678
-0.030975,6.9678
-0.023651,6.9669
-0.016174,6.9666
-0.011292,6.9662
-0.009003,6.9669
-0.006714,6.9647
-0.04715,6.9623
-0.059814,6.962
0.05188,6.9629
0.442657,6.962
1.050873,6.9617
0.595245,6.9629
-0.021515,6.9568
-0.390778,6.9571
-0.41153,6.9571
-0.259705,6.9574
-0.136108,6.9568
-0.086975,6.9516
-0.06073,6.9522
-0.043793,6.9519
-0.033264,6.9522
-0.02121,6.9467
-0.011444,6.947
-0.00473,6.9473
0.005493,6.9424
0.012817,6.9427
0.025177,6.9427
0.032349,6.9376
0.039825,6.9385
0.052032,6.9382
0.066376,6.933
0.081024,6.9321
0.103607,6.9278
0.125122,6.9229
0.144501,6.9232
0.157623,6.918
0.159454,6.9122
0.149689,6.9113
0.127411,6.9083
0.074158,6.9043
-0.001984,6.8994
-0.08255,6.8933
-0.146332,6.8887
-0.183411,6.8839
-0.199432,6.879
-0.197144,6.875
-0.186615,6.8704
-0.174408,6.8655
-0.15976,6.8604
-0.140076,6.8558
-0.122986,6.8506
-0.103607,6.8469
-0.089722,6.8411
-0.077515,6.8381
-0.067596,6.8338
-0.055389,6.828
-0.050354,6.8253
-0.045471,6.821
-0.040588,6.8149
-0.0383,6.8106
-0.035706,6.8063
-0.033264,6.8008
-0.033264,6.796
-0.03067,6.796
-0.028229,6.7917
-0.03006,6.7865
-0.026245,6.7813
-0.023499,6.7798
-0.02121,6.7761
-0.021362,6.7715
-0.018768,6.7676
-0.014038,6.7676
-0.011444,6.7621
-0.00885,6.7566
-0.003967,6.7569
-0.001526,6.752
-0.001678,6.748
0.000458,6.7471
0.003357,6.7419
0.003052,6.7377
0.00824,6.7377
0.006409,6.7334
0.015259,6.7282
0.042419,6.7279
0.056915,6.723
0.067139,6.7178
0.095367,6.7181
0.073547,6.7126
0.032043,6.709
0.003815,6.7084
-0.008698,6.7029
-0.016174,6.6992
-0.026093,6.6986
-0.033569,6.6934
-0.026245,6.6922
-0.023804,6.6888
-0.018768,6.6846
-0.013885,6.684
-0.00885,6.6782
-0.026398,6.6745
-0.07431,6.6742
0.001678,6.6693
0.317688,6.669
1.011353,6.6647
0.786133,6.6589
0.015869,6.6595
-0.419006,6.6544
-0.430298,6.6531
-0.267487,6.6501
-0.135956,6.6446
-0.088959,6.6449
-0.065308,6.6394
-0.04837,6.6354
-0.037384,6.6348
-0.02655,6.6309
-0.014191,6.6248
-0.003967,6.6208
0.008545,6.6205
0.017853,6.6159
0.027313,6.6107
0.036011,6.6064
0.045624,6.601
0.054321,6.597
0.066528,6.5909
0.08606,6.5817
0.106506,6.5771
0.131073,6.5671
0.155487,6.5576
0.169067,6.5506
0.171814,6.5408
0.166168,6.5289
0.146179,6.5176
0.09613,6.5082
0.021515,6.4966
-0.087128,6.4838
-0.150909,6.4737
-0.194397,6.4594
-0.213776,6.4496
-0.214539,6.4352
-0.209808,6.4236
-0.196533,6.4099
-0.181732,6.3968
-0.160828,6.3861
-0.141602,6.3715
-0.12146,6.3602
-0.103455,6.3467
-0.088654,6.3342
-0.07309,6.3229
-0.062714,6.3086
-0.054169,6.2985
-0.047913,6.2836
-0.04303,6.2741
-0.038147,6.2601
-0.036011,6.25
-0.036011,6.2387
-0.033417,6.2256
-0.033569,6.2149
-0.030975,6.2061
-0.028381,6.1963
-0.02533,6.1859
-0.02121,6.1774
-0.019073,6.1652
-0.018463,6.1554
-0.016785,6.1456
-0.016327,6.1349
-0.014191,6.1276
-0.011292,6.1182
-0.006409,6.1081
-0.001678,6.0989
-0.00061,6.0886
0.000916,6.0788
0.003204,6.0699
0.003357,6.0641
0.007935,6.0547
0.012665,6.0449
0.011902,6.0388
0.010681,6.0306
0.010529,6.0205
0.010681,6.0153
0.01297,6.0059
0.013123,5.9955
0.015259,5.9909
0.015869,5.9808
0.020142,5.975
0.020447,5.9668
0.020447,5.957
0.022888,5.9528
0.053864,5.9427
0.059204,5.9375
0.071106,5.9271
0.093384,5.9229
0.053864,5.9137
0.014954,5.9088
-0.010986,5.8994
-0.017242,5.8942
-0.028534,5.8884
-0.036011,5.8783
-0.038147,5.874
-0.032806,5.8643
-0.023651,5.8591
-0.020142,5.8511
-0.018616,5.8444
-0.018768,5.8401
-0.050812,5.8301
-0.086212,5.8252
0.023193,5.816
0.433197,5.8105
1.111298,5.806
0.610962,5.795
-0.15625,5.791
-0.468903,5.7864
-0.39032,5.7806
-0.21286,5.7718
-0.123444,5.7663
-0.087738,5.762
-0.064545,5.7568
-0.048523,5.7474
-0.036011,5.7416
-0.025024,5.7373
-0.014038,5.7324
-0.003815,5.7275
0.006561,5.7227
0.018005,5.7166
0.027771,5.7077
0.037231,5.7028
0.046692,5.6982
0.058746,5.6879
0.075989,5.6842
0.09079,5.6741
0.110168,5.6631
0.129852,5.6494
0.150604,5.6403
0.163116,5.6253
0.169525,5.614
0.166931,5.6009
0.148773,5.5865
0.099792,5.5719
0.024567,5.5573
-0.060425,5.5423
-0.134125,5.5276
-0.181122,5.5136
-0.209503,5.498
-0.214386,5.4852
-0.20752,5.4718
-0.193787,5.4593
-0.176544,5.4446
-0.158539,5.43
-0.13855,5.416
-0.124207,5.4059
-0.10849,5.3909
-0.090027,5.3815
-0.079041,5.3671
-0.069122,5.3568
-0.063019,5.3473
-0.055237,5.3369
-0.048218,5.3278
-0.042419,5.318
-0.038147,5.3085
-0.033264,5.2985
-0.031128,5.2887
-0.031128,5.2838
-0.030975,5.2737
-0.026093,5.2689
-0.028076,5.2597
-0.026245,5.2536
-0.021362,5.2496
-0.018616,5.2444
-0.018921,5.2396
-0.013733,5.2347
-0.011444,5.2298
-0.006866,5.2249
-0.006561,5.22
-0.003967,5.2155
-0.00412,5.2155
-0.003967,5.2109
-0.003967,5.2103
-0.001526,5.2054
0.000763,5.2057
0.003052,5.2008
0.005798,5.2008
0.007935,5.1953
0.010681,5.1962
0.010681,5.1956
0.015717,5.191
0.015717,5.191
0.013123,5.1913
0.010529,5.1907
0.010529,5.1865
0.015717,5.1859
0.015259,5.1855
0.016785,5.1859
0.016632,5.1862
0.018005,5.181
0.040283,5.181
0.059509,5.1801
0.066833,5.181
0.096741,5.1816
0.075989,5.181
0.034332,5.1764
0.006104,5.1761
-0.009003,5.1761
-0.018921,5.1758
-0.03418,5.1764
-0.035858,5.1718
-0.030823,5.1715
-0.026093,5.1718
-0.018768,5.1715
-0.016174,5.1672
-0.011444,5.166
-0.028381,5.166
-0.093231,5.1651
-0.05188,5.162
0.254669,5.1611
0.9935,5.1566
0.842743,5.1514
0.034943,5.152
-0.422668,5.1471
-0.426331,5.1428
-0.257263,5.1349
-0.134888,5.1282
-0.090942,5.1221
-0.066681,5.1135
-0.050201,5.1086
-0.038605,5.098
-0.026093,5.0934
-0.016479,5.083
-0.004272,5.0745
0.003052,5.0668
0.012817,5.0592
0.020142,5.0504
0.026398,5.0409
0.037537,5.036
0.046997,5.0259
0.058899,5.0156
0.076141,5.007
0.092163,4.9963
0.111542,4.9823
0.132141,4.968
0.152435,4.9478
0.162811,4.9286
0.16449,4.9045
0.151062,4.8804
0.110016,4.8553
0.043335,4.8309
-0.041656,4.8019
-0.11734,4.7733
-0.171051,4.7458
-0.200653,4.7165
-0.211792,4.6875
-0.209656,4.6585
-0.195007,4.6292
-0.180359,4.5969
-0.162201,4.5694
-0.142212,4.5428
-0.125427,4.5135
-0.10849,4.4873
-0.094147,4.4611
-0.081482,4.4357
-0.072632,4.4116
-0.065308,4.3875
-0.057831,4.3674
-0.050201,4.3478
-0.042725,4.3283
-0.037384,4.31
-0.036163,4.2938
-0.030975,4.2804
-0.026398,4.2691
-0.025787,4.2599
-0.023499,4.2499
-0.023346,4.2429
-0.024872,4.2352
-0.0177,4.2322
-0.014038,4.2307
-0.011597,4.231
-0.011139,4.23
-0.008698,4.2303
-0.008545,4.2355
-0.008698,4.2371
-0.006561,4.2453
-0.006256,4.2502
-0.009155,4.2599
-0.001831,4.2694
0.000916,4.2789
0.000916,4.2941
0.001221,4.3051
0.005951,4.3201
0.003357,4.3381
0.005646,4.353
0.008087,4.3719
0.010376,4.3906
0.010681,4.4107
0.010681,4.4308
0.013123,4.4516
0.01297,4.4742
0.01297,4.4983
0.010681,4.5203
0.008087,4.5468
0.012665,4.5703
0.020294,4.5963
0.042114,4.6249
0.047302,4.6515
0.077057,4.6811
0.068512,4.7095
0.027313,4.7391
-0.001678,4.7714
-0.009003,4.8007
-0.013275,4.8315
-0.023651,4.863
-0.028381,4.8941
-0.023651,4.9274
-0.023804,4.9573
-0.021362,4.9905
-0.018768,5.0223
-0.013885,5.0537
-0.032806,5.0848
-0.087128,5.1175
-0.040894,5.1492
0.241699,5.1804
0.961761,5.2121
0.79071,5.2448
0.117645,5.275
-0.340576,5.3067
-0.445862,5.3372
-0.316772,5.3702
-0.164185,5.401
-0.096436,5.4309
-0.067596,5.4636
-0.050507,5.4935
-0.035858,5.524
-0.025635,5.5554
-0.0177,5.5856
-0.00885,5.6152
0.003204,5.6445
0.011749,5.6741
0.015717,5.7031
0.020447,5.7324
0.027466,5.7605
0.038605,5.7877
0.052032,5.8145
0.06485,5.8401
0.078583,5.8646
0.099335,5.8887
0.117493,5.9134
0.132294,5.936
0.144501,5.9564
0.149841,5.9805
0.140076,6.0001
0.110168,6.0199
0.054016,6.0397
-0.018005,6.059
-0.090179,6.0742
-0.134735,6.0931
-0.161438,6.1087
-0.170593,6.1249
-0.165558,6.1414
-0.158386,6.1566
-0.145111,6.1703
-0.130463,6.1853
-0.116882,6.1966
-0.102081,6.2112
-0.084839,6.2247
-0.075378,6.235
-0.067444,6.2497
-0.059357,6.2592
-0.050507,6.2711
-0.045624,6.2845
-0.04303,6.2933
-0.0383,6.3031
-0.038605,6.3129
-0.033569,6.3242
-0.033264,6.3361
-0.033264,6.3464
-0.028229,6.3556
-0.02594,6.3632
-0.023651,6.3733
-0.020905,6.3821
-0.019989,6.3907
-0.014038,6.4008
-0.00885,6.4105
-0.009003,6.42
-0.009155,6.4249
-0.004272,6.4355
-0.009003,6.4453
-0.006714,6.4508
-0.004425,6.4587
0.000763,6.4691
0.001068,6.4755
-0.001831,6.4832
0.005798,6.4935
0.013885,6.4981
0.035248,6.5082
0.037384,6.5134
0.067291,6.5228
0.065918,6.5292
0.029297,6.5378
-0.002289,6.546
-0.013885,6.5527
-0.01358,6.5613
-0.020905,6.5674
-0.02594,6.5753
-0.02594,6.5808
-0.02121,6.59
-0.016632,6.597
-0.007324,6.6058
-0.004272,6.6113
-0.009613,6.6199
-0.067291,6.6254
-0.042725,6.6348
0.132599,6.6394
0.692291,6.6486
0.918732,6.6547
0.361786,6.6638
-0.146942,6.669
-0.411224,6.6757
-0.368347,6.684
-0.212402,6.6888
-0.115814,6.6986
-0.081177,6.7035
-0.054016,6.7136
-0.040741,6.7175
-0.028381,6.7276
-0.019379,6.7328
-0.009003,6.7422
-0.002899,6.7474
0.005188,6.7563
0.007935,6.7621
0.015564,6.767
0.020447,6.7767
0.027924,6.7816
0.035095,6.7862
0.050507,6.7908
0.067444,6.7996
0.081024,6.8054
0.09964,6.8109
0.111084,6.8155
0.12146,6.8204
0.121765,6.8256
0.118103,6.8295
0.098724,6.8298
0.05188,6.8344
-0.010834,6.8405
-0.07309,6.8442
-0.121155,6.8445
-0.144348,6.8497
-0.155487,6.85
-0.15564,6.8546
-0.149689,6.8549
-0.137482,6.8597
-0.123749,6.8594
-0.108948,6.8643
-0.092163,6.8643
-0.077515,6.8695
-0.067596,6.8695
-0.057831,6.8744
-0.052948,6.875
-0.050201,6.8784
-0.044556,6.8793
-0.038605,6.8799
-0.041199,6.8845
-0.0383,6.8851
-0.030975,6.8845
-0.028839,6.8896
-0.023499,6.8884
-0.028229,6.8887
-0.025787,6.8933
-0.023346,6.8936
-0.021057,6.8939
-0.013885,6.8985
-0.008698,6.8991
-0.00885,6.8988
-0.006256,6.9037
-0.003967,6.9034
0.009003,6.9037
0.032196,6.9037
0.038452,6.9092
0.065308,6.9083
0.084076,6.9083
0.046387,6.9089
0.004883,6.9131
-0.017395,6.9144
-0.018616,6.9138
-0.027771,6.9128
-0.043182,6.9141
-0.036011,6.9177
-0.030975,6.9186
-0.023956,6.9183
-0.016174,6.9177
-0.016479,6.9186
-0.013733,6.9232
-0.048218,6.9232
-0.060425,6.9232
0.036621,6.9232
0.380859,6.9226
0.998535,6.9232
0.615692,6.9287
0.030212,6.9284
-0.361786,6.9281
-0.40863,6.9275
-0.269318,6.9275
-0.139618,6.9275
-0.084229,6.9281
-0.059357,6.933
-0.044556,6.9327
-0.030823,6.9339
-0.020294,6.9333
-0.007019,6.9324
-0.001678,6.9336
0.010529,6.9327
0.018005,6.9336
0.022736,6.933
0.032654,6.9336
0.039825,6.9333
0.049133,6.9327
0.064087,6.9324
0.078583,6.933
0.096893,6.9336
0.113068,6.9284
0.132141,6.9278
0.139923,6.9281
0.142365,6.9238
0.140076,6.9238
0.119171,6.918
0.070801,6.9183
0.001678,6.9128
-0.070801,6.9086
-0.124664,6.9083
-0.160217,6.9043
-0.175323,6.8997
-0.175476,6.8936
-0.167236,6.8939
-0.151062,6.8887
-0.131683,6.8839
-0.116577,6.8793
-0.101776,6.8747
-0.087433,6.8747
-0.077362,6.8701
-0.07019,6.8646
-0.060577,6.8594
-0.055237,6.8549
-0.048065,6.8515
-0.045929,6.8506
-0.042419,6.8451
-0.038147,6.8411
-0.036011,6.8356
-0.033875,6.835
-0.033417,6.8304
-0.031128,6.8256
-0.029907,6.8253
-0.02594,6.8204
-0.025787,6.8164
-0.023804,6.8155
-0.016937,6.8109
-0.011292,6.8109
-0.00885,6.8063
-0.009003,6.8063
-0.008698,6.8011
-0.00412,6.8011
0.000763,6.7966
0.000916,6.7963
0.003204,6.7963
0.005646,6.7914
0.021515,6.7917
0.044708,6.7923
0.051575,6.7865
0.082245,6.7862
0.090027,6.7871
0.046539,6.7862
0.01236,6.7807
-0.009003,6.7819
-0.013123,6.7813
-0.023651,6.7819
-0.030823,6.7807
-0.031128,6.7758
-0.024261,6.7767
-0.021362,6.7761
-0.016327,6.7764
-0.011444,6.7764
-0.013885,6.7712
-0.055847,6.7715
-0.059204,6.7715
0.090637,6.7722
0.576172,6.7722
1.070404,6.7725
0.448303,6.7725
-0.175781,6.7722
-0.439606,6.7676
-0.371094,6.7673
-0.205231,6.7667
-0.11322,6.767
-0.076752,6.7673
-0.053253,6.7676
-0.038147,6.7664
-0.026245,6.7667
-0.012817,6.7624
0.001984,6.7621
0.013275,6.7624
0.021515,6.7621
0.029907,6.7618
0.037384,6.7615
0.043335,6.7575
0.053864,6.7572
0.066681,6.7572
0.081177,6.7517
0.097046,6.7523
0.116425,6.748
0.137329,6.7422
0.154572,6.7374
0.163116,6.7346
0.163116,6.731
0.151367,6.7242
0.115051,6.7181
0.050201,6.7136
-0.030823,6.7093
-0.10849,6.7038
-0.164032,6.6949
-0.191803,6.6888
-0.206604,6.6843
-0.204468,6.6748
-0.192261,6.6696
-0.17807,6.6641
-0.16098,6.6553
-0.141296,6.6498
-0.124207,6.6409
-0.110931,6.6348
-0.090027,6.6306
-0.077667,6.6193
-0.065765,6.6156
-0.057068,6.611
-0.04715,6.6019
-0.041046,6.5958
-0.036011,6.5915
-0.029144,6.586
-0.030975,6.5805
-0.025787,6.5717
-0.028381,6.5665
-0.028534,6.5616
-0.026093,6.5582
-0.026245,6.5527
-0.026093,6.5472
-0.023651,6.5421
-0.021057,6.5369
-0.019073,6.5329
-0.016022,6.5277
-0.012817,6.5234
-0.010071,6.5186
-0.00885,6.5164
-0.004425,6.5131
-0.001373,6.5088
-0.001984,6.5039
0.000763,6.4984
0.003204,6.4984
0.00824,6.4938
0.010681,6.489
0.010834,6.4841
0.010681,6.4838
0.010681,6.4789
0.010834,6.474
0.007782,6.4743
0.010834,6.4691
0.010681,6.4642
0.010681,6.46
0.01297,6.4551
0.017853,6.4539
0.046844,6.4502
0.054474,6.4453
0.071259,6.4395
0.088654,6.4343
0.048676,6.4294
0.009613,6.4258
-0.013733,6.4209
-0.01709,6.416
-0.023956,6.412
-0.033417,6.4105
-0.034943,6.4059
-0.031128,6.4008
-0.028381,6.3962
-0.023804,6.3913
-0.021362,6.3864
-0.02243,6.3815
-0.055847,6.377
-0.081482,6.3715
0.039215,6.3675
0.450592,6.3666
1.10199,6.3617
0.578003,6.3574
-0.158081,6.3525
-0.456848,6.3467
-0.383453,6.3419
-0.209961,6.3382
-0.113373,6.3373
-0.080261,6.333
-0.060425,6.3278
-0.045624,6.3223
-0.035858,6.3181
-0.026245,6.3126
-0.016174,6.3083
-0.00412,6.3028
0.00824,6.2988
0.015106,6.2933
0.02655,6.2885
0.037537,6.2842
0.045319,6.2778
0.058899,6.2692
0.073853,6.2598
0.088348,6.2512
0.1091,6.2399
0.132599,6.2302
0.15213,6.2189
0.164642,6.2061
0.169067,6.1917
0.162201,6.178
0.13916,6.163
0.079193,6.1478
-0.001831,6.1331
-0.080414,6.1172
-0.146179,6.102
-0.19104,6.0843
-0.211945,6.0699
-0.219116,6.0535
-0.211945,6.0355
-0.198364,6.0202
-0.180359,6.0046
-0.16098,5.9866
-0.141144,5.972
-0.121918,5.9573
-0.104523,5.9421
-0.089569,5.9271
-0.075226,5.9116
-0.062866,5.8972
-0.053253,5.8835
-0.04364,5.8691
-0.038452,5.8548
-0.036163,5.8441
-0.033417,5.8304
-0.031281,5.8197
-0.030975,5.8069
-0.028076,5.7956
-0.028839,5.7855
-0.028687,5.7758
-0.028687,5.7663
-0.026093,5.7568
-0.023651,5.751
-0.018768,5.7422
-0.018616,5.7324
-0.016174,5.7275
-0.01358,5.7181
-0.00885,5.7129
-0.009155,5.708
-0.009003,5.6989
-0.006409,5.6927
-0.001373,5.6879
-0.001526,5.6833
0.00061,5.6787
0.000916,5.6738
0.003052,5.6686
0.003204,5.6644
0.003204,5.6592
0.005798,5.6546
0.005493,5.6506
0.005798,5.6458
0.005646,5.6393
0.005646,5.6354
0.010529,5.6305
0.010681,5.621
0.015869,5.6152
0.014343,5.6094
0.015564,5.6009
0.015564,5.5951
0.018005,5.5859
0.021515,5.5777
0.050354,5.5713
0.05661,5.5615
0.069885,5.5566
0.093384,5.5475
0.056,5.5423
0.018158,5.5338
-0.010986,5.527
-0.016174,5.5228
-0.023041,5.513
-0.030975,5.5078
-0.033417,5.5032
-0.026093,5.4932
-0.023499,5.4889
-0.018616,5.484
-0.01358,5.4779
-0.011292,5.4691
-0.036316,5.4642
-0.086212,5.459
-0.003815,5.4547
0.367432,5.4495
1.089172,5.4453
0.690918,5.4398
-0.096741,5.4346
-0.450592,5.4303
-0.390015,5.4251
-0.213928,5.4199
-0.115509,5.4187
-0.07843,5.415
-0.062866,5.4105
-0.046997,5.4056
-0.036011,5.401
-0.024719,5.3958
-0.014801,5.3912
-0.006409,5.387
0.004272,5.3867
0.018463,5.3815
0.027618,5.3763
0.0354,5.3714
0.042114,5.3619
0.049133,5.3555
0.06424,5.3436
0.082092,5.3323
0.102997,5.3177
0.124207,5.3036
0.146027,5.2887
0.159607,5.2689
0.164642,5.2527
0.159454,5.2353
0.141144,5.2155
0.092773,5.1941
0.018463,5.1721
-0.061188,5.1526
-0.129395,5.1318
-0.173798,5.1126
-0.196991,5.0922
-0.202332,5.0705
-0.19989,5.0497
-0.190125,5.0305
-0.177612,5.0107
-0.161133,4.9918
-0.146332,4.9722
-0.127411,4.9539
-0.108032,4.9368
-0.092163,4.9179
-0.079803,4.9023
-0.070343,4.8853
-0.059204,4.87
-0.050812,4.8544
-0.045776,4.841
-0.043182,4.826
-0.0383,4.8148
-0.034332,4.801
-0.033112,4.7903
-0.030975,4.7775
-0.028381,4.7675
-0.029602,4.7568
-0.02594,4.7479
-0.025787,4.7379
-0.026398,4.7327
-0.018616,4.7226
-0.013733,4.7192
-0.015106,4.7098
-0.011444,4.704
-0.00885,4.6988
-0.006256,4.6936
-0.000458,4.689
0.000763,4.6884
-0.001678,4.6848
-0.001526,4.6799
0.003204,4.6793
0.007782,4.6747
0.007935,4.6741
0.005646,4.6744
0.007019,4.6695
0.00824,4.6692
0.010529,4.6698
0.013123,4.6695
0.010986,4.6698
0.013428,4.6701
0.010986,4.6689
0.00824,4.6701
0.008087,4.6692
0.005798,4.6701
0.010376,4.6695
0.010529,4.6701
0.010986,4.6695
0.010376,4.6704
0.013123,4.6747
0.017548,4.6741
0.036011,4.6747
0.05661,4.6744
0.059052,4.6741
0.085754,4.6793
0.067749,4.6786
0.023804,4.6793
-0.003815,4.679
-0.01358,4.6793
-0.016022,4.6841
-0.028534,4.6844
-0.030975,4.6844
-0.026093,4.6841
-0.026245,4.6844
-0.02121,4.689
-0.018616,4.6887
-0.016479,4.6887
-0.03006,4.6893
-0.094299,4.6936
-0.074768,4.6939
0.184937,4.6939
0.901489,4.6942
0.943146,4.6991
0.141754,4.6985
-0.380249,4.7037
-0.441895,4.7043
-0.287933,4.7086
-0.147552,4.7086
-0.097198,4.7131
-0.072327,4.7186
-0.052795,4.7229
-0.040588,4.7272
-0.029297,4.733
-0.018005,4.7382
-0.009003,4.7479
0.001678,4.7528
0.01297,4.762
0.022278,4.7714
0.030212,4.7769
0.036163,4.7864
0.044403,4.7968
0.052032,4.8065
0.063934,4.816
0.082855,4.8285
0.105286,4.8395
0.12619,4.8499
0.140686,4.8599
0.15213,4.8703
0.159302,4.8834
0.154877,4.8938
0.122681,4.9033
0.057373,4.9185
-0.025482,4.9283
-0.099335,4.9426
-0.153351,4.953
-0.184479,4.9677
-0.197906,4.9799
-0.197601,4.9915
-0.190125,5.0061
-0.177917,5.0195
-0.16098,5.0311
-0.144043,5.0452
-0.126648,5.0601
-0.109253,5.0742
-0.094757,5.0882
-0.080414,5.1025
-0.064697,5.1181
-0.057831,5.1328
-0.048218,5.1492
-0.043793,5.1663
-0.040741,5.1807
-0.036163,5.1996
-0.031586,5.2158
-0.028534,5.2344
-0.023499,5.2493
-0.023651,5.2689
-0.023193,5.2863
-0.018768,5.3027
-0.023651,5.3223
-0.02121,5.3394
-0.02182,5.3568
-0.013733,5.3763
-0.011444,5.3961
-0.011444,5.4144
-0.011292,5.4321
-0.01358,5.4498
-0.011444,5.4694
-0.00885,5.488
-0.00885,5.5081
-0.00412,5.5276
0.003052,5.5469
0.006104,5.5688
0.005646,5.5893
0.003204,5.6104
0.007935,5.6302
0.010681,5.6512
0.013275,5.6735
0.015564,5.6937
0.015717,5.7172
0.008698,5.7373
0.010529,5.7574
0.007782,5.7803
0.013275,5.8008
0.015564,5.8228
0.034637,5.8441
0.046539,5.8643
0.04776,5.8841
0.073853,5.903
0.049286,5.9253
0.012665,5.9464
-0.009003,5.9665
-0.013885,5.9854
-0.016479,6.0056
-0.023499,6.0233
-0.02594,6.0425
-0.018768,6.059
-0.013733,6.0794
-0.011139,6.0977
-0.011292,6.113
-0.006561,6.1325
-0.038605,6.1481
-0.080414,6.1664
-0.002899,6.1807
0.349884,6.1954
1.001892,6.2131
0.646973,6.2299
0.058136,6.2457
-0.358582,6.2589
-0.433807,6.2738
-0.311432,6.2885
-0.155945,6.3031
-0.0914,6.3156
-0.064545,6.3278
-0.045166,6.3422
-0.031586,6.3541
-0.020142,6.3672
-0.016174,6.3788
-0.006714,6.391
0.002594,6.4011
0.007782,6.4105
0.013123,6.4233
0.020294,6.4346
0.029602,6.4441
0.035553,6.4523
0.044556,6.4597
0.054932,6.4691
0.071259,6.4789
0.093994,6.4838
0.113831,6.4941
0.127716,6.499
0.137177,6.506
0.137482,6.5128
0.130157,6.5176
0.101013,6.5228
0.042572,6.5274
-0.02655,6.5326
-0.092163,6.5378
-0.139465,6.5424
-0.164948,6.5463
-0.170746,6.5472
-0.165405,6.5515
-0.153809,6.5567
-0.140381,6.5567
-0.124664,6.5619
-0.109863,6.5668
-0.099487,6.5692
-0.084839,6.5714
-0.067902,6.5762
-0.059357,6.5814
-0.052948,6.5814
-0.048218,6.5869
-0.04837,6.5915
-0.042419,6.5915
-0.0383,6.5958
-0.033722,6.601
-0.030823,6.6061
-0.026093,6.6058
-0.023804,6.6113
-0.023651,6.6165
-0.023804,6.6205
-0.023651,6.6248
-0.023956,6.6248
-0.016327,6.6302
-0.015411,6.6357
-0.013885,6.64
-0.006561,6.6446
-0.001526,6.6452
-0.001678,6.6504
-0.003967,6.6544
-0.00412,6.6599
-0.00412,6.6644
-0.00412,6.669
-0.006409,6.6742
-0.001678,6.6779
0.003357,6.6788
0.002899,6.6849
0.00351,6.6888
0.000763,6.6937
0.003357,6.6989
0.008392,6.7035
0.01236,6.709
0.039673,6.713
0.046997,6.7142
0.05722,6.7181
0.076141,6.723
0.044098,6.7273
0.007629,6.7325
-0.014038,6.7377
-0.006256,6.7429
-0.020752,6.7471
-0.030823,6.752
-0.028687,6.752
-0.023956,6.7569
-0.018768,6.7618
-0.014801,6.7667
-0.003967,6.7709
-0.00824,6.777
-0.057831,6.7819
-0.060272,6.7865
0.070038,6.7914
0.515442,6.796
0.987396,6.8021
0.476227,6.806
-0.073547,6.8109
-0.398865,6.8152
-0.401611,6.8204
-0.248718,6.8253
-0.130157,6.8304
-0.081329,6.8359
-0.056152,6.8399
-0.043488,6.8448
-0.028534,6.8497
-0.02121,6.8552
-0.016022,6.8622
-0.003815,6.8695
0.005493,6.8747
0.010834,6.8793
0.02243,6.8842
0.02533,6.889
0.033264,6.8948
0.043945,6.8979
0.058899,6.9037
0.071259,6.9083
0.09079,6.9083
0.110626,6.9138
0.126038,6.918
0.139618,6.9238
0.142212,6.9232
0.139465,6.9281
0.115967,6.9284
0.073853,6.933
0.005493,6.9324
-0.062408,6.9382
-0.119019,6.937
-0.155334,6.9427
-0.172577,6.9427
-0.172882,6.9427
-0.166016,6.9473
-0.153656,6.9473
-0.132904,6.9476
-0.118256,6.9476
-0.102386,6.9519
-0.087738,6.9525
-0.076752,6.9516
-0.067444,6.9525
-0.057678,6.9571
-0.052643,6.9577
-0.048065,6.9574
-0.045776,6.9571
-0.040588,6.9586
-0.038452,6.962
-0.035706,6.962
-0.030823,6.9629
-0.035706,6.9623
-0.031128,6.9669
-0.028534,6.9659
-0.025787,6.9672
-0.02594,6.9672
-0.023651,6.9672
-0.025635,6.9724
-0.018616,6.972
-0.016174,6.972
-0.013885,6.9717
-0.011597,6.9769
-0.009613,6.9769
-0.006561,6.9766
-0.001526,6.9769
-0.00412,6.9815
0.00061,6.9815
-0.00061,6.9815
0.003815,6.9809
0.010834,6.9867
0.027618,6.9864
0.039673,6.987
0.044098,6.9916
0.073395,6.9913
0.044403,6.9919
0.005646,6.9919
-0.013885,6.9968
-0.011597,6.9968
-0.016479,6.9971
-0.023346,6.9989
-0.028534,7.0007
-0.020905,7.001
-0.016022,7.0013
-0.011292,7.0062
-0.00885,7.0062
-0.006561,7.0062
-0.028687,7.0059
-0.063629,7.0111
0.016785,7.0117
0.309448,7.0111
0.973206,7.0154
0.70816,7.016
0.083313,7.0157
-0.340424,7.0151
-0.423584,7.0209
-0.290222,7.0209
-0.147705,7.0215
-0.089111,7.0258
-0.059814,7.0258
-0.036469,7.0267
-0.026093,7.0258
-0.016479,7.0255
-0.00885,7.0306
-0.001526,7.0303
0.005951,7.0306
0.015259,7.0306
0.023041,7.0306
0.027313,7.0306
0.035858,7.0355
0.047302,7.0358
0.059662,7.0349
0.074921,7.0352
0.094147,7.0306
0.116272,7.0303
0.133362,7.0303
0.144806,7.0309
0.149841,7.0306
0.146332,7.0258
0.129547,7.0255
0.083466,7.0206
0.014954,7.0215
-0.060272,7.016
-0.138855,7.0163
-0.162201,7.0114
-0.187378,7.0062
-0.189819,7.0062
-0.175781,7.0013
-0.15976,6.9962
-0.141602,6.9965
-0.126343,6.9913
-0.108337,6.987
-0.090179,6.9818
-0.077515,6.9818
-0.066833,6.9766
-0.057678,6.9727
-0.052795,6.9672
-0.046387,6.9675
-0.036011,6.962
-0.030975,6.9577
-0.030823,6.9574
-0.028229,6.9528
-0.028381,6.9476
-0.023804,6.9476
-0.023651,6.9437
-0.018768,6.9373
-0.021515,6.9376
-0.02121,6.9321
-0.018768,6.933
-0.018768,6.9278
-0.016479,6.9287
-0.011902,6.9241
-0.011139,6.9232
-0.009155,6.9183
-0.006409,6.9183
-0.003815,6.9135
-0.001373,6.9128
-0.001526,6.908
0.001221,6.9089
0.001068,6.9043
0.003052,6.904
0.007935,6.9034
0.010834,6.8994
0.008392,6.8985
0.012817,6.8988
0.015564,6.8939
0.018005,6.8933
0.028534,6.8936
0.052185,6.889
0.056763,6.8887
0.075989,6.889
0.082855,6.8881
0.037231,6.8845
0.002441,6.8835
-0.011597,6.8842
-0.00885,6.8842
-0.018921,6.879
-0.028229,6.8796
-0.023499,6.8793
-0.018463,6.879
-0.016327,6.879
-0.013733,6.8796
-0.008698,6.8744
-0.012512,6.8747
-0.057831,6.8753
-0.057373,6.8747
0.087433,6.8744
0.555115,6.8741
1.062469,6.875
0.448608,6.8698
-0.17807,6.8686
-0.440216,6.8686
-0.372467,6.8692
-0.203857,6.8692
-0.106506,6.8692
-0.069275,6.8649
-0.047455,6.8646
-0.033569,6.8643
-0.02121,6.8643
-0.011902,6.8643
-0.001678,6.8597
0.00824,6.8588
0.019989,6.8604
0.030365,6.8594
0.037384,6.8555
0.044708,6.8555
0.054321,6.8542
0.067139,6.85
0.084534,6.8497
0.103912,6.8448
0.124817,6.8402
0.143433,6.8378
0.15976,6.8353
0.169373,6.828
0.169525,6.8213
0.160065,6.8158
0.124969,6.8106
0.061951,6.8021
-0.021057,6.796
-0.098419,6.7868
-0.158234,6.7816
-0.200043,6.7715
-0.217438,6.7654
-0.21698,6.7572
-0.20752,6.748
-0.192566,6.738
-0.175323,6.7279
-0.157776,6.7212
-0.140381,6.7136
-0.118256,6.7041
-0.099792,6.6943
-0.084534,6.6843
-0.070801,6.6748
-0.060577,6.6641
-0.053101,6.6547
-0.043488,6.6443
-0.037994,6.6354
-0.033569,6.6251
-0.028534,6.6162
-0.026398,6.6068
-0.023804,6.5967
-0.023346,6.5869
-0.026398,6.5796
-0.026398,6.5701
-0.023956,6.5594
-0.023651,6.5506
-0.020905,6.5405
-0.018616,6.5289
-0.016022,6.5189
-0.013885,6.5085
-0.011597,6.4984
-0.00885,6.4886
-0.011292,6.4789
-0.011444,6.4691
-0.009155,6.4594
-0.004272,6.4499
0.000763,6.4368
0.003204,6.4252
0.005951,6.4151
0.005798,6.4053
0.005646,6.3965
0.00824,6.387
0.008545,6.3766
0.00824,6.3654
0.010376,6.3525
0.010681,6.3425
0.010681,6.333
0.012817,6.3235
0.015564,6.3129
0.01297,6.3031
0.01297,6.293
0.012665,6.2833
0.013123,6.2738
0.018005,6.264
0.02243,6.2531
0.030212,6.243
0.052032,6.2311
0.056763,6.2207
0.084381,6.2109
0.075989,6.2012
0.032043,6.1914
0.002594,6.181
-0.011749,6.1716
-0.018921,6.1597
-0.030975,6.1462
-0.033417,6.1374
-0.030975,6.1282
-0.02594,6.1176
-0.023499,6.1084
-0.02121,6.0968
-0.018768,6.0867
-0.020447,6.0748
-0.074921,6.0657
-0.061646,6.0559
0.131531,6.0461
0.700378,6.0379
1.077576,6.0303
0.352783,6.0208
-0.303955,6.0114
-0.466156,6.0007
-0.335388,5.9906
-0.172729,5.986
-0.106506,5.9772
-0.077209,5.9668
-0.058289,5.957
-0.041199,5.9473
-0.031128,5.9384
-0.02182,5.928
-0.008392,5.9192
0.000153,5.9109
0.010223,5.9021
0.015717,5.8936
0.02533,5.8835
0.037231,5.8743
0.047607,5.8643
0.061035,5.8517
0.074768,5.8398
0.095673,5.8301
0.115967,5.8157
0.139923,5.8017
0.160217,5.7916
0.171509,5.7764
0.176392,5.7617
0.166931,5.7455
0.132294,5.7285
0.069275,5.7138
-0.014343,5.6989
-0.095367,5.6818
-0.160828,5.6644
-0.200043,5.6497
-0.219574,5.6326
-0.221252,5.6155
-0.214386,5.6006
-0.202637,5.5841
-0.182953,5.5676
-0.167084,5.5524
-0.14801,5.5377
-0.128174,5.5228
-0.110779,5.5084
-0.092773,5.4929
-0.079041,5.4788
-0.063019,5.4654
-0.053101,5.4547
-0.048065,5.4395
-0.040588,5.4297
-0.035706,5.4153
-0.033417,5.4062
-0.033417,5.3958
-0.030975,5.3857
-0.028687,5.3769
-0.028381,5.3668
-0.026093,5.3568
-0.023804,5.3476
-0.023804,5.3418
-0.023956,5.3317
-0.021057,5.3278
-0.018921,5.3177
-0.016022,5.3131
-0.016479,5.3082
-0.013428,5.3033
-0.009003,5.2972
-0.00885,5.2933
-0.006561,5.2884
-0.003967,5.2838
0.001068,5.2786
0.001068,5.2737
0.002899,5.2689
0.005798,5.2695
0.005493,5.264
0.007782,5.26
0.010834,5.2591
0.010681,5.2545
0.012817,5.2542
0.013123,5.2493
0.015259,5.2499
0.015411,5.2448
0.015717,5.2451
0.017853,5.2399
0.015259,5.2399
0.015411,5.235
0.013123,5.2347
0.015564,5.2301
0.015564,5.2298
0.020294,5.2255
0.037079,5.2249
0.068665,5.2197
0.061646,5.2161
0.083008,5.2106
0.06424,5.2103
0.014801,5.2057
-0.009613,5.2008
-0.016327,5.1953
-0.016327,5.1904
-0.026245,5.1862
-0.033112,5.181
-0.026093,5.1764
-0.021057,5.1712
-0.020905,5.1666
-0.016327,5.1614
-0.011444,5.1566
-0.016174,5.1523
-0.077515,5.1471
-0.076141,5.1422
0.124817,5.1367
0.74173,5.1328
1.075287,5.1282
0.289612,5.1224
-0.335999,5.1212
-0.457916,5.1178
-0.315552,5.1129
-0.158844,5.1083
-0.101776,5.1028
-0.075226,5.098
-0.060272,5.094
-0.048218,5.094
-0.036469,5.0882
-0.027618,5.0833
-0.016327,5.0787
-0.006714,5.0775
0.003052,5.0748
0.010681,5.0699
0.020599,5.0647
0.030365,5.0598
0.040436,5.0598
0.054932,5.0504
0.06897,5.0452
0.085907,5.0354
0.107727,5.0208
0.127869,5.0067
0.149078,4.9896
0.16449,4.9701
0.166626,4.9481
0.158844,4.9261
0.125427,4.9014
0.066833,4.877
-0.016632,4.8511
-0.096893,4.8257
-0.158691,4.7964
-0.196381,4.7678
-0.212097,4.74
-0.212097,4.7137
-0.207062,4.6854
-0.192719,4.6585
-0.176849,4.6307
-0.157318,4.6017
-0.136414,4.577
-0.12146,4.5505
-0.104523,4.527
-0.0914,4.5023
-0.079651,4.4794
-0.065155,4.4556
-0.055237,4.436
-0.050507,4.4156
-0.042572,4.3967
-0.035858,4.3817
-0.030823,4.3628
-0.028229,4.3491
-0.028381,4.3335
-0.026245,4.3228
-0.024109,4.3088
-0.02121,4.299
-0.021057,4.2886
-0.018921,4.2792
-0.014038,4.27
-0.016632,4.2642
-0.016479,4.2548
-0.014038,4.2496
-0.011444,4.245
-0.00885,4.2401
-0.006714,4.2355
-0.003967,4.2352
-0.001678,4.2307
0.000763,4.2297
0.000916,4.2258
0.00061,4.2255
0.000916,4.2261
0.005798,4.2258
0.008392,4.2258
0.010834,4.2264
0.00824,4.2264
0.011139,4.2258
0.015564,4.2307
0.013275,4.2307
0.013275,4.2303
0.015411,4.2349
0.012817,4.2395
0.015564,4.2401
0.015564,4.245
0.015717,4.2499
0.016479,4.2545
0.017853,4.2599
0.020142,4.2639
0.031281,4.2694
0.058899,4.274
0.069122,4.281
0.06485,4.2886
0.081787,4.296
0.043945,4.3036
0.007477,4.314
-0.011597,4.3231
-0.011292,4.3326
-0.021362,4.3423
-0.030365,4.3524
-0.030975,4.3625
-0.027161,4.3768
-0.023499,4.3884
-0.018921,4.4006
-0.016327,4.4159
-0.018463,4.4305
-0.066681,4.4458
-0.09491,4.4595
0.00824,4.4785
0.56778,4.4934
1.108551,4.5126
0.333099,4.5303
-0.273438,4.5477
-0.461731,4.567
-0.355377,4.5862
-0.187073,4.6054
-0.108795,4.6252
-0.079193,4.6451
-0.058441,4.6649
-0.045471,4.6841
-0.033569,4.7052
-0.026245,4.7266
-0.016327,4.747
-0.006714,4.769
0.000916,4.7906
0.005646,4.8111
0.013123,4.8328
0.020447,4.8541
0.03006,4.8743
0.043945,4.8935
0.05722,4.9155
0.074615,4.9344
0.095825,4.9564
0.120087,4.9762
0.142212,4.9939
0.158081,5.0107
0.166779,5.0299
0.161743,5.0446
0.144501,5.0616
0.089874,5.0787
0.010681,5.0934
-0.068054,5.108
-0.131378,5.1227
-0.173645,5.137
-0.195618,5.1526
-0.202026,5.1666
-0.196381,5.1813
-0.182343,5.1956
-0.171814,5.2103
-0.153351,5.2255
-0.135345,5.238
-0.120544,5.2515
-0.101776,5.2646
-0.088959,5.2786
-0.079956,5.2933
-0.071869,5.3082
-0.063019,5.3232
-0.053101,5.3375
-0.041046,5.3519
-0.036163,5.3668
-0.033569,5.3848
-0.031128,5.401
-0.02655,5.4169
-0.023804,5.4349
-0.025177,5.4517
-0.02121,5.4691
-0.016479,5.488
-0.021362,5.5048
-0.016174,5.5225
-0.013733,5.542
-0.011444,5.5618
-0.013885,5.5811
-0.011597,5.6006
-0.003815,5.6201
-0.003815,5.6393
-0.006714,5.6607
0.000916,5.6802
-0.001678,5.7022
0.000916,5.7217
0.006714,5.7425
0.010529,5.762
0.010681,5.7828
0.010681,5.8041
0.013275,5.8234
0.015564,5.8447
0.015564,5.8646
0.018005,5.8835
0.012817,5.9033
0.013123,5.9229
0.01297,5.9418
0.013123,5.9619
0.010681,5.9802
0.009003,6.001
0.015411,6.0193
0.019989,6.0367
0.043182,6.0538
0.045166,6.0742
0.039978,6.0922
0.046692,6.1099
0.013428,6.1282
-0.009155,6.1462
-0.003204,6.1621
0.003357,6.1807
-0.006714,6.1966
-0.011292,6.2119
-0.006561,6.2305
-0.006561,6.2442
-0.001831,6.2595
0.005188,6.2738
0.003357,6.2894
-0.00412,6.3034
-0.065765,6.3184
-0.059814,6.3321
0.084991,6.348
0.623169,6.3608
0.960999,6.3739
0.413513,6.3861
-0.117645,6.4005
-0.415192,6.4105
-0.393677,6.4249
-0.232544,6.4355
-0.126038,6.4474
-0.081787,6.46
-0.059509,6.4697
-0.048981,6.4798
-0.031281,6.4911
-0.026093,6.5027
-0.021515,6.5131
-0.011444,6.5222
-0.006714,6.532
0.003204,6.5424
0.010376,6.5488
0.015259,6.5576
0.025635,6.5674
0.037079,6.5741
0.046692,6.5811
0.059967,6.5887
0.079651,6.5967
0.096741,6.601
0.117493,6.6055
0.127716,6.611
0.130005,6.6177
0.132599,6.6217
0.115509,6.6251
0.071259,6.6302
0.003204,6.6348
-0.067902,6.6403
-0.117035,6.6446
-0.149231,6.6449
-0.167847,6.6501
-0.167999,6.6544
-0.160522,6.6544
-0.151367,6.6592
-0.136261,6.6592
-0.120697,6.6647
-0.105896,6.6641
-0.089874,6.6696
-0.079803,6.6684
-0.07019,6.6739
-0.063019,6.6763
-0.050507,6.6794
-0.042419,6.683
-0.045166,6.6843
-0.043182,6.6891
-0.035553,6.6888
-0.0354,6.6943
-0.030975,6.6943
-0.03067,6.6989
-0.023499,6.6983
-0.023804,6.7041
-0.02121,6.7053
-0.018921,6.709
-0.016479,6.7142
-0.014038,6.713
-0.014038,6.7181
-0.006409,6.723
-0.003967,6.723
-0.006409,6.7279
-0.003967,6.7325
-0.003967,6.7328
-0.001678,6.7377
0.000763,6.7422
0.000763,6.7471
-0.001221,6.7477
0.003204,6.752
0.005646,6.7569
0.005798,6.7615
0.005951,6.7615
0.010071,6.7667
0.020447,6.7719
0.03479,6.7764
0.053864,6.7816
0.051727,6.7856
0.066833,6.7871
0.046539,6.792
0.005341,6.7953
-0.018768,6.8002
-0.009155,6.8069
-0.009918,6.8106
-0.021667,6.8158
-0.023804,6.8158
-0.018463,6.821
-0.011444,6.8246
-0.011292,6.8307
-0.006561,6.8353
-0.006409,6.8405
-0.048065,6.8448
-0.062866,6.8506
0.051422,6.8542
0.451965,6.8604
1.008759,6.864
0.54657,6.8643
-0.025024,6.8689
-0.380859,6.8747
-0.392151,6.8799
-0.239868,6.8839
-0.127563,6.8884
-0.085144,6.8933
-0.06424,6.8933
-0.04364,6.8994
-0.033417,6.9031
-0.027924,6.9083
-0.016785,6.9086
-0.003967,6.9147
0.002899,6.918
0.005798,6.9193
0.011139,6.9232
0.020294,6.9269
0.032501,6.9281
0.041809,6.9281
0.052643,6.9324
0.070801,6.9333
0.090485,6.9336
0.108643,6.9327
0.129547,6.9324
0.14267,6.9333
0.1474,6.9336
0.142365,6.9327
0.125732,6.9327
0.075073,6.9281
0.005798,6.9275
-0.065155,6.9244
-0.121918,6.9223
-0.160828,6.9229
-0.17746,6.918
-0.18219,6.9147
-0.176697,6.9131
-0.161285,6.9083
-0.14389,6.9086
-0.13031,6.9037
-0.115814,6.9037
-0.099792,6.8985
-0.087433,6.8936
-0.072327,6.8936
-0.062714,6.8887
-0.055237,6.889
-0.050812,6.8835
-0.045624,6.8842
-0.043182,6.8793
-0.038605,6.8777
-0.0383,6.8738
-0.0354,6.8723
-0.028381,6.8698
-0.028381,6.8698
-0.02594,6.8652
-0.023804,6.8643
-0.023804,6.8597
-0.023651,6.8597
-0.021362,6.8555
-0.016327,6.8552
-0.011292,6.85
-0.008698,6.85
-0.006104,6.846
-0.001678,6.8445
-0.00412,6.8451
-0.003967,6.8402
-0.001984,6.8408
-0.001526,6.835
0.000916,6.835
0.003357,6.8298
0.002594,6.8301
0.000916,6.8253
0.005646,6.825
0.005341,6.8256
0.006561,6.8204
0.00824,6.8207
0.010681,6.8155
0.020294,6.8158
0.048828,6.81
0.056458,6.8106
0.063934,6.8103
0.080566,6.8054
0.032654,6.8057
-0.001526,6.8011
-0.015717,6.8008
-0.011292,6.7963
-0.016022,6.7923
-0.026398,6.7917
-0.026093,6.7871
-0.023346,6.7859
-0.021362,6.7816
-0.014496,6.777
-0.011292,6.7764
-0.013885,6.7719
-0.058746,6.7667
-0.055237,6.7667
0.101776,6.7618
0.596619,6.7566
1.063385,6.7578
0.419159,6.7523
-0.205383,6.7471
-0.451965,6.7435
-0.372772,6.7422
-0.200806,6.738
-0.106049,6.7337
-0.07019,6.7328
-0.050659,6.7276
-0.036469,6.723
-0.023804,6.7194
-0.01297,6.7184
-0.002899,6.7126
0.009918,6.7078
0.020447,6.7078
0.030212,6.7035
0.037537,6.6986
0.044556,6.6943
0.051422,6.6888
0.063477,6.684
0.079498,6.6797
0.098572,6.6742
0.118561,6.6687
0.143433,6.6641
0.161743,6.6592
0.174408,6.6504
0.178986,6.6452
0.169525,6.6351
0.137024,6.6299
0.071716,6.6202
-0.015259,6.6107
-0.097046,6.6058
-0.160828,6.5964
-0.200348,6.5863
-0.21759,6.5768
-0.219269,6.5665
-0.208282,6.5567
-0.195007,6.5475
-0.177002,6.5372
-0.160675,6.5283
-0.140381,6.5176
-0.121918,6.5091
-0.103455,6.4984
-0.089417,6.4886
-0.072784,6.4789
-0.06073,6.4691
-0.050812,6.46
-0.045471,6.4496
-0.040894,6.4401
-0.033264,6.4349
-0.028839,6.4261
-0.026093,6.4145
-0.023804,6.4062
-0.021362,6.4008
-0.021057,6.3913
-0.021362,6.3864
-0.019073,6.3766
-0.018768,6.3727
-0.016022,6.3623
-0.013885,6.3565
-0.016479,6.3516
-0.013885,6.3428
-0.011139,6.3373
-0.008698,6.333
-0.00412,6.3284
-0.001373,6.3226
0.000916,6.3177
0.003204,6.3129
0.005646,6.3086
0.00824,6.3037
0.008087,6.2988
0.00824,6.2939
0.008087,6.2894
0.010681,6.2836
0.010834,6.2787
0.010834,6.2741
0.013275,6.2686
0.012817,6.2643
0.015411,6.2595
0.015564,6.2546
0.015411,6.2503
0.013123,6.2445
0.013123,6.2405
0.010681,6.2341
0.010986,6.2265
0.012817,6.2213
0.027313,6.2158
0.061493,6.2103
0.063171,6.2054
0.068359,6.2003
0.073395,6.1969
0.02243,6.1905
-0.007477,6.1865
-0.018463,6.1798
-0.016327,6.171
-0.027008,6.1667
-0.033417,6.1621
-0.033264,6.1569
-0.029755,6.1487
-0.02243,6.1423
-0.016174,6.1371
-0.016327,6.131
-0.013733,6.1234
-0.064545,6.1176
-0.069275,6.1084
0.099487,6.1029
0.632935,6.0977
1.111908,6.0886
0.400085,6.0843
-0.281525,6.0745
-0.467377,6.069
-0.345764,6.0641
-0.179291,6.0544
-0.106049,6.0489
-0.078125,6.0413
-0.059357,6.0345
-0.043335,6.03
-0.033112,6.0202
-0.02121,6.0156
-0.010376,6.0052
0.002899,6.0016
0.010834,5.9906
0.020294,5.986
0.030518,5.9769
0.041656,5.9674
0.051575,5.9616
0.063477,5.9525
0.078583,5.9424
0.096741,5.9277
0.117645,5.9183
0.139618,5.9045
0.162048,5.8939
0.174408,5.8792
0.176697,5.864
0.171967,5.8496
0.145264,5.8362
0.08667,5.82
0.002136,5.8057
-0.08255,5.791
-0.148315,5.7764
-0.190887,5.7581
-0.211792,5.7428
-0.219269,5.7275
-0.213165,5.7126
-0.196228,5.6982
-0.175476,5.6836
-0.158539,5.6689
-0.140076,5.6546
-0.12207,5.639
-0.106659,5.6253
-0.09201,5.611
-0.079956,5.5994
-0.070038,5.5859
-0.059357,5.5719
-0.050812,5.5615
-0.04303,5.5518
-0.0383,5.5389
-0.035706,5.528
-0.031433,5.5182
-0.028381,5.5084
-0.02594,5.499
-0.026398,5.4935
-0.027466,5.4837
-0.026093,5.4745
-0.02243,5.4691
-0.018921,5.4602
-0.0177,5.4547
-0.016327,5.4498
-0.013885,5.4446
-0.011292,5.4364
-0.009003,5.4288
-0.006561,5.4254
-0.009003,5.4214
-0.005341,5.4205
-0.00412,5.4144
-0.000458,5.4108
-0.001984,5.4053
0.001221,5.4056
0.000763,5.401
0.003357,5.401
0.005341,5.3955
0.007935,5.3955
0.010529,5.3909
0.013123,5.3909
0.013123,5.386
0.013123,5.3867
0.013123,5.3812
0.015564,5.3812
0.012817,5.3821
0.013275,5.376
0.01297,5.376
0.01297,5.3714
0.015717,5.3714
0.014191,5.3717
0.01297,5.3656
0.01297,5.3668
0.015869,5.3665
0.010529,5.3665
0.018005,5.3619
0.032349,5.3622
0.025635,5.3619
-0.016174,5.3619
0.007935,5.3568
-0.005188,5.3564
-0.009003,5.3577
-0.001831,5.3564
0.003052,5.3564
0.00061,5.3516
-0.003967,5.3519
0.000916,5.3522
0.002899,5.3522
0.008392,5.3516
0.010681,5.3516
0.013275,5.3464
-0.002441,5.3461
-0.069733,5.347
-0.036621,5.3464
0.244446,5.3476
0.964203,5.3424
0.880737,5.3424
0.084534,5.3421
-0.39856,5.3421
-0.426483,5.3421
-0.262299,5.3372
-0.133972,5.3378
-0.088654,5.3372
-0.066223,5.3372
-0.050812,5.332
-0.038605,5.3323
-0.026093,5.3329
-0.018616,5.329
-0.01358,5.3275
-0.005188,5.3275
0.000458,5.3226
0.010681,5.3226
0.017548,5.3226
0.028687,5.3174
0.037537,5.3131
0.051727,5.3085
0.066223,5.2991
0.081024,5.2887
0.104218,5.2774
0.124969,5.264
0.14389,5.2463
0.154572,5.2301
0.159302,5.2115
0.149994,5.192
0.114441,5.1718
0.049438,5.1523
-0.0354,5.1312
-0.112305,5.1083
-0.171356,5.0867
-0.203552,5.0659
-0.21698,5.0446
-0.218201,5.022
-0.205841,5.0015
-0.189819,4.9811
-0.173187,4.9582
-0.153198,4.9387
-0.132141,4.9194
-0.115356,4.8999
-0.102234,4.8825
-0.087738,4.8651
-0.077972,4.8489
-0.067749,4.8306
-0.059967,4.8157
-0.05188,4.8019
-0.045624,4.7879
-0.041199,4.7769
-0.0383,4.7632
-0.036011,4.7525
-0.030975,4.7421
-0.028534,4.733
-0.025635,4.7226
-0.024109,4.718
-0.023651,4.7089
-0.021057,4.7037
-0.018768,4.697
-0.016022,4.6896
-0.014954,4.6878
-0.013885,4.6841
-0.011139,4.6796
-0.004425,4.6796
0.00061,4.675
0.000916,4.675
0.003052,4.6741
0.003204,4.6741
0.005493,4.6744
0.005646,4.6741
0.008087,4.675
0.008087,4.6744
0.010681,4.6796
0.01297,4.6796
0.012817,4.6844
0.010376,4.6841
0.012817,4.689
0.012817,4.6936
0.010681,4.6948
0.010681,4.6985
0.010986,4.7037
0.00824,4.7083
0.013123,4.7131
0.013123,4.7198
0.010834,4.7278
0.010834,4.733
0.01297,4.7379
0.013275,4.7464
0.013123,4.7522
0.01297,4.761
0.021667,4.7672
0.035095,4.7772
0.016785,4.7858
-0.023346,4.7928
0.003357,4.8022
-0.006409,4.8123
-0.011139,4.8242
-0.003967,4.8361
0.001221,4.845
-0.001831,4.8581
-0.003967,4.8694
0.003052,4.8831
0.000763,4.8941
0.003357,4.9091
0.010681,4.9228
0.013123,4.9368
-0.018768,4.9515
-0.070038,4.9664
-0.015411,4.9814
0.319977,4.9963
1.042328,5.0119
0.734863,5.0287
0.028687,5.0452
-0.389099,5.0629
-0.427246,5.079
-0.277252,5.0983
-0.145874,5.1169
-0.093079,5.1331
-0.066376,5.1529
-0.050812,5.1715
-0.041504,5.1907
-0.029144,5.2106
-0.023651,5.2301
-0.018616,5.2512
-0.011444,5.2725
-0.004272,5.2924
0.005035,5.3125
0.010376,5.3326
0.015717,5.3534
0.027924,5.3726
0.042267,5.394
0.054321,5.4144
0.071411,5.4337
0.090637,5.4532
0.109406,5.47
0.128937,5.4889
0.142365,5.5084
0.148163,5.524
0.139771,5.5429
0.106964,5.5582
0.043182,5.5762
-0.032349,5.5911
-0.104218,5.6055
-0.152283,5.6216
-0.187378,5.636
-0.197449,5.654
-0.194855,5.6674
-0.180359,5.6821
-0.168152,5.6973
-0.151215,5.712
-0.132294,5.726
-0.117493,5.7407
-0.104218,5.7559
-0.088348,5.7718
-0.076141,5.7861
-0.065002,5.8005
-0.057678,5.8157
-0.045776,5.8304
-0.040588,5.8459
-0.035553,5.8624
-0.036011,5.8789
-0.029297,5.8929
-0.026245,5.9116
-0.026093,5.9283
-0.023804,5.9424
-0.023499,5.9576
-0.021362,5.9766
-0.018921,5.9912
-0.016174,6.0074
-0.016327,6.0248
-0.009003,6.0394
-0.006409,6.0556
-0.002899,6.0733
-0.004272,6.0892
-0.001526,6.1035
-0.00412,6.1191
0.000763,6.1359
0.005646,6.1514
0.005493,6.1673
0.005646,6.1823
0.00824,6.1966
0.010681,6.2109
0.010376,6.225
0.015564,6.2396
0.011597,6.254
0.01297,6.2686
0.018005,6.283
0.017395,6.2952
0.015717,6.3086
0.013275,6.3232
0.016785,6.3361
0.015564,6.3464
0.012817,6.3611
0.01297,6.3724
0.017853,6.3867
0.029907,6.3962
0.020905,6.4105
-0.021057,6.42
-0.002594,6.4297
0.003204,6.4441
-0.001526,6.4551
0.002899,6.4639
0.013123,6.4734
0.010681,6.4844
0.00946,6.4935
0.013123,6.5033
0.01297,6.5137
0.018311,6.5225
0.020447,6.5335
0.020752,6.543
0.004578,6.5509
-0.060272,6.557
-0.016479,6.5668
0.223083,6.5762
0.884094,6.5866
0.827484,6.5927
0.228729,6.6006
-0.249176,6.6116
-0.430756,6.6168
-0.345306,6.626
-0.184021,6.6351
-0.108032,6.6394
-0.07843,6.6501
-0.057678,6.6544
-0.045776,6.6644
-0.033264,6.6696
-0.026093,6.6776
-0.02121,6.6843
-0.011139,6.6888
-0.001526,6.6934
0.003204,6.7029
0.010529,6.7084
0.015411,6.7139
0.02533,6.7181
0.034332,6.7233
0.042114,6.7273
0.061951,6.7325
0.078735,6.7377
0.095978,6.7432
0.117798,6.7465
0.124969,6.748
0.13031,6.7532
0.127563,6.7569
0.104523,6.7578
0.053253,6.7618
-0.016632,6.7651
-0.081177,6.7673
-0.130005,6.7679
-0.155487,6.7728
-0.170898,6.7722
-0.170135,6.7755
-0.159302,6.7767
-0.145874,6.7804
-0.131073,6.7816
-0.119629,6.781
-0.105286,6.7865
-0.094147,6.7865
-0.083466,6.7865
-0.076141,6.7917
-0.063782,6.792
-0.056305,6.7917
-0.048065,6.7957
-0.042877,6.796
-0.040741,6.7963
-0.036163,6.8011
-0.036163,6.8005
-0.033264,6.8015
-0.028381,6.8057
-0.028687,6.8063
-0.022583,6.8057
-0.021057,6.8106
-0.018921,6.8115
-0.016174,6.8158
-0.013885,6.8158
-0.011292,6.821
-0.006409,6.8207
-0.006104,6.8259
-0.00412,6.8259
-0.001373,6.8298
-0.001526,6.8311
-0.004425,6.8359
0.001068,6.8402
0.005798,6.8402
0.008087,6.8451
0.003357,6.8451
0.005798,6.8497
0.007782,6.8549
0.007782,6.8549
0.010681,6.86
0.009003,6.8649
0.010071,6.8646
0.00824,6.8695
0.013123,6.8747
0.018005,6.8741
0.025177,6.8796
0.009155,6.8842
-0.023651,6.8881
0.003357,6.8884
-0.001526,6.8936
-0.00412,6.8988
0.005798,6.9022
0.018005,6.9037
0.015411,6.9083
0.013123,6.9144
0.01297,6.9186
0.014801,6.9196
0.020599,6.9232
0.020447,6.9275
0.019073,6.933
-0.028534,6.937
-0.039062,6.9424
0.076447,6.9421
0.504456,6.947
1.004791,6.9531
0.512695,6.9577
-0.040894,6.9623
-0.379333,6.962
-0.392761,6.9666
-0.247345,6.9724
-0.125885,6.9769
-0.078583,6.976
-0.054016,6.9815
-0.038452,6.987
-0.033722,6.9897
-0.026093,6.9916
-0.015106,6.9965
-0.011139,7.0007
-0.002441,7.0007
0.002899,7.0065
0.01297,7.0062
0.020294,7.0111
0.025177,7.0154
0.031738,7.016
0.044556,7.016
0.05661,7.0209
0.076294,7.0206
0.097046,7.0206
0.117645,7.0251
0.13031,7.0261
0.137634,7.0261
0.135193,7.0264
0.121155,7.0251
0.072784,7.0251
0.007935,7.0255
-0.063782,7.0258
-0.123291,7.0255
-0.164185,7.0255
-0.184784,7.0258
-0.189667,7.0261
-0.177765,7.0206
-0.165558,7.0215
-0.153198,7.0212
-0.13855,7.0209
-0.119934,7.0157
-0.09964,7.0166
-0.090637,7.0172
-0.080109,7.0166
-0.067444,7.0108
-0.062866,7.0108
-0.054169,7.0111
-0.049286,7.0117
-0.047913,7.0059
-0.040741,7.0059
-0.038147,7.0062
-0.033417,7.0059
-0.030823,7.0059
-0.030823,7.0016
-0.02594,7.0016
-0.025787,7.0016
-0.02594,7.001
-0.023651,7.001
-0.023651,7.001
-0.019684,7.0013
-0.01358,7.0013
-0.016174,7.001
-0.013733,7.002
-0.006561,7.001
-0.006409,7.0016
-0.001526,7.001
0.000916,7.0007
0.000916,7.001
0.005798,7.002
0.00824,7.0013
0.00351,7.002
0.005798,7.0013
0.00351,7.001
0.00824,7.0016
0.010681,7.0059
0.006104,7.0068
0.007935,7.0056
0.010681,7.0062
0.013123,7.0068
0.020142,7.0062
0.03006,7.0065
-0.00412,7.0108
-0.017548,7.0111
0.004425,7.0114
-0.001678,7.0108
0.001068,7.0105
0.005646,7.0157
0.01297,7.0157
0.010681,7.0166
0.008087,7.0157
0.013275,7.016
0.015869,7.016
0.022888,7.0218
0.030212,7.0203
0.01709,7.0206
-0.039368,7.0212
-0.019073,7.0215
0.159454,7.0258
0.730438,7.0255
0.942383,7.0261
0.311127,7.0261
-0.202332,7.0267
-0.423431,7.0306
-0.352478,7.0309
-0.193634,7.0316
-0.105438,7.0303
-0.073395,7.03
-0.051422,7.0355
-0.038452,7.0358
-0.028534,7.0352
-0.021362,7.0352
-0.013733,7.0349
-0.006561,7.0401
0.003052,7.0407
0.008392,7.0398
0.013275,7.0401
0.02182,7.0404
0.030212,7.0401
0.041504,7.0398
0.054169,7.0407
0.070648,7.0401
0.091095,7.0398
0.115204,7.0401
0.131378,7.0404
0.139771,7.0401
0.137329,7.0358
0.132599,7.0355
0.106964,7.0361
0.050507,7.0312
-0.023804,7.0309
-0.095825,7.0261
-0.149689,7.0264
-0.18158,7.0203
-0.197449,7.0221
-0.197296,7.0163
-0.187531,7.0157
-0.170593,7.0117
-0.151978,7.0114
-0.13855,7.0059
-0.12146,7.0013
-0.105438,7.0013
-0.089569,6.9965
-0.077667,6.9968
-0.067596,6.9916
-0.057831,6.9916
-0.050201,6.9861
-0.043182,6.9861
-0.038452,6.9864
-0.033569,6.9827
-0.030823,6.9821
-0.026093,6.9763
-0.021515,6.9766
-0.02121,6.9772
-0.018616,6.9717
-0.016327,6.9717
-0.013885,6.9714
-0.014038,6.9672
-0.013733,6.9672
-0.009003,6.9669
-0.008698,6.9678
-0.006561,6.962
-0.003815,6.9623
0.000916,6.962
-0.001373,6.9623
-0.001526,6.9571
-0.001526,6.958
0.003204,6.9571
0.005493,6.9577
0.005798,6.958
0.010376,6.9568
0.010681,6.9571
0.00824,6.9522
0.008392,6.9519
0.010681,6.9528
0.01297,6.9522
0.015869,6.9522
0.018005,6.9531
0.018005,6.9513
0.017853,6.9485
0.0177,6.9482
0.025177,6.9476
0.042267,6.9473
0.018768,6.9476
-0.011444,6.9473
0.015259,6.9427
0.005646,6.9427
0.00061,6.9434
0.00824,6.9434
0.015564,6.9424
0.013275,6.9424
0.010681,6.9382
0.010529,6.9379
0.01297,6.9382
0.015564,6.9376
0.020294,6.9385
0.020447,6.9333
-0.014038,6.9327
-0.039215,6.9324
0.061798,6.9333
0.436859,6.9281
1.067047,6.9284
0.593109,6.9278
-0.061798,6.9281
-0.406189,6.9238
-0.385437,6.9229
-0.224152,6.9235
-0.106659,6.918
-0.065002,6.9186
-0.044403,6.918
-0.029449,6.9141
-0.018768,6.9135
-0.014038,6.9086
0.001831,6.9095
0.010529,6.9083
0.01709,6.9043
0.023193,6.9046
0.03006,6.8985
0.037537,6.8991
0.046082,6.8933
0.056458,6.8945
0.071564,6.8887
0.093536,6.8842
0.115509,6.8796
0.136566,6.875
0.151062,6.8695
0.160675,6.8646
0.16449,6.8597
0.150146,6.8555
0.114441,6.8466
0.046844,6.8399
-0.036011,6.8353
-0.072327,6.8253
-0.179596,6.8198
-0.207062,6.8112
-0.223846,6.8008
-0.224152,6.796
-0.211639,6.7862
-0.196228,6.7767
-0.17868,6.7688
-0.158081,6.763
-0.13855,6.752
-0.119324,6.7432
-0.103149,6.7368
-0.084381,6.7285
-0.070343,6.7181
-0.058899,6.7102
-0.050659,6.7038
-0.045319,6.6937
-0.0383,6.6885
-0.033569,6.6791
-0.031128,6.6708
-0.030823,6.665
-0.02594,6.6553
-0.023651,6.6501
-0.023651,6.6446
-0.021057,6.6351
-0.02121,6.6302
-0.021057,6.6217
-0.02121,6.6162
-0.018616,6.6104
-0.018463,6.6068
-0.018616,6.5982
-0.018921,6.5912
-0.01358,6.5869
-0.010986,6.5814
-0.011444,6.5768
-0.006561,6.5723
-0.00412,6.5665
0.00061,6.561
0.00351,6.553
0.005798,6.5482
0.005646,6.5417
0.007324,6.5375
0.008087,6.5323
0.010681,6.5274
0.010834,6.5234
0.008087,6.5167
0.00824,6.5082
0.010223,6.5027
0.008392,6.499
0.010223,6.4905
0.010834,6.4838
0.013123,6.4789
0.01297,6.4697
0.01297,6.4642
0.011597,6.4557
0.010834,6.4493
0.008545,6.4438
0.005493,6.4355
0.015411,6.4267
0.03418,6.4215
0.007019,6.4114
-0.019073,6.4059
0.006104,6.3965
-0.009003,6.3876
-0.011444,6.3818
-0.001526,6.3721
0.001068,6.3629
-0.006409,6.3562
-0.009003,6.3477
-0.00412,6.3376
0.000763,6.3275
0.003357,6.3187
0.00351,6.3095
0.006104,6.3028
-0.014801,6.2933
-0.060425,6.2833
0.010986,6.2738
0.318756,6.2643
1.017761,6.254
0.785675,6.2402
0.014954,6.2305
-0.412598,6.2204
-0.414734,6.21
-0.248413,6.1963
-0.127869,6.1868
-0.083618,6.1722
-0.060272,6.1624
-0.045776,6.1481
-0.036163,6.1377
-0.027008,6.123
-0.019836,6.1133
-0.014038,6.0992
-0.001526,6.0892
0.00824,6.0742
0.013275,6.0645
0.020447,6.0495
0.032654,6.0364
0.043945,6.0242
0.058289,6.0092
0.075378,5.9927
0.095673,5.9769
0.119934,5.9607
0.144348,5.9433
0.161743,5.9268
0.166779,5.9085
0.166931,5.8893
0.152435,5.8698
0.10437,5.8505
0.03006,5.8313
-0.055695,5.8121
-0.13031,5.7944
-0.184174,5.7755
-0.216675,5.7562
-0.229034,5.7376
-0.226898,5.7184
-0.214691,5.6989
-0.199738,5.679
-0.180206,5.6635
-0.158386,5.6451
-0.136719,5.6259
-0.116425,5.6107
-0.099487,5.5948
-0.084839,5.578
-0.073853,5.5618
-0.062714,5.5469
-0.054932,5.5341
-0.045166,5.5219
-0.040894,5.5081
-0.033417,5.4947
-0.030975,5.484
-0.03067,5.4739
-0.030823,5.4626
-0.028381,5.4507
-0.028687,5.444
-0.026245,5.4343
-0.02594,5.4245
-0.023651,5.4156
-0.02121,5.4102
-0.018768,5.4007
-0.017548,5.3958
-0.013885,5.3909
-0.012665,5.3857
-0.011292,5.3815
-0.009003,5.3766
-0.003662,5.3711
-0.001831,5.3668
-0.001526,5.3619
0.001068,5.3613
0.003204,5.3564
0.00351,5.3525
0.007324,5.3519
0.007935,5.3473
0.010376,5.3476
0.009613,5.347
0.010681,5.3418
0.010986,5.3421
0.010529,5.3424
0.01358,5.3418
0.013275,5.343
0.015717,5.3375
0.018005,5.3372
0.018158,5.3375
0.015564,5.3372
0.015717,5.3372
0.013275,5.3372
0.015564,5.3381
0.015717,5.3375
0.015717,5.3378
0.01297,5.3378
0.020599,5.3375
0.036469,5.3369
0.040588,5.3375
-0.010223,5.3372
0.00351,5.3372
-0.001678,5.3381
-0.00885,5.3369
-0.001831,5.3369
0.002899,5.3366
0.003052,5.3427
0.001068,5.3427
0.000763,5.3424
0.004883,5.3421
0.00824,5.3418
0.010376,5.3421
0.010529,5.3421
0.00824,5.3421
-0.039062,5.3421
-0.06012,5.3418
0.085754,5.3424
0.585938,5.3424
1.138763,5.3418
0.476227,5.3421
-0.222015,5.3424
-0.448914,5.3427
-0.344696,5.3424
-0.175629,5.3424
-0.100555,5.3421
-0.072784,5.3418
-0.052948,5.3421
-0.040894,5.3421
-0.033569,5.3424
-0.023499,5.3421
-0.016174,5.3424
-0.005188,5.3412
0.003204,5.3424
0.01297,5.3421
0.022736,5.3372
0.027771,5.3363
0.03479,5.3366
0.046997,5.3323
0.059204,5.3244
0.078735,5.3174
0.102234,5.3085
0.125122,5.2979
0.144958,5.285
0.162201,5.2744
0.169373,5.2588
0.16449,5.2448
0.13855,5.2298
0.075684,5.2121
-0.007172,5.1962
-0.088654,5.1804
-0.154724,5.1624
-0.196075,5.1468
-0.216827,5.1282
-0.22171,5.1126
-0.216827,5.0931
-0.202942,5.0787
-0.180817,5.0607
-0.162964,5.0449
-0.145569,5.0302
-0.12619,5.0159
-0.111542,4.9979
-0.098114,4.9863
-0.085907,4.9713
-0.072479,4.957
-0.060425,4.9429
-0.05249,4.9332
-0.050659,4.9194
-0.041656,4.9088
-0.033417,4.899
-0.030823,4.8892
-0.028534,4.8788
-0.028687,4.8706
-0.028534,4.8642
-0.028687,4.855
-0.023804,4.8495
-0.023956,4.845
-0.02121,4.8358
-0.016022,4.8306
-0.013733,4.8251
-0.011749,4.8212
-0.011139,4.8215
-0.011444,4.816
-0.009003,4.8111
-0.006409,4.8111
-0.004272,4.8065
-0.001373,4.8062
0.000763,4.8065
0.005341,4.8062
0.008087,4.8007
0.008087,4.801
0.010681,4.801
0.01297,4.8013
0.015411,4.801
0.015717,4.8013
0.015717,4.8013
0.013123,4.8062
0.010834,4.8056
0.010834,4.8059
0.012817,4.8065
0.010529,4.8117
0.010834,4.8114
0.012817,4.8105
0.013123,4.8108
0.013275,4.8163
0.013275,4.8163
0.013123,4.8203
0.015717,4.8203
0.014038,4.8206
0.015564,4.8257
0.012817,4.8251
0.010834,4.8254
0.017853,4.8306
0.03479,4.8303
0.010223,4.8352
-0.018463,4.8352
0.00351,4.8355
-0.006714,4.8404
-0.007629,4.8398
-0.001373,4.8456
0.005646,4.845
-0.001678,4.8502
-0.001221,4.8499
0.000763,4.8547
0.003357,4.8599
0.005646,4.8602
0.010529,4.8645
0.010529,4.8694
-0.006104,4.8694
-0.069427,4.8746
-0.02655,4.8788
0.267944,4.884
0.997467,4.8892
0.829315,4.8938
0.068817,4.8993
-0.388794,4.9075
-0.424042,4.9136
-0.270844,4.9182
-0.142212,4.924
-0.092773,4.9329
-0.070343,4.9374
-0.054016,4.9475
-0.042877,4.9536
-0.031128,4.9625
-0.028381,4.9722
-0.016632,4.9823
-0.008698,4.9899
-0.003967,4.9966
0.003204,5.0058
0.012207,5.0168
0.018311,5.0259
0.027771,5.0348
0.036316,5.0449
0.048523,5.0543
0.067749,5.0647
0.088501,5.0742
0.112915,5.0797
0.130005,5.0885
0.142365,5.0986
0.154724,5.1065
0.149689,5.1129
0.114746,5.1221
0.048981,5.1276
-0.027771,5.1367
-0.103455,5.1431
-0.15686,5.152
-0.187531,5.1608
-0.203552,5.1666
-0.204773,5.1761
-0.197144,5.1846
-0.178833,5.1907
-0.163116,5.2008
-0.148315,5.2106
-0.132141,5.2203
-0.114288,5.2304
-0.100403,5.2396
-0.084991,5.2496
-0.079956,5.2625
-0.070038,5.2737
-0.057373,5.2835
-0.047913,5.2979
-0.043182,5.3116
-0.0354,5.3223
-0.028534,5.3375
-0.031128,5.3519
-0.026245,5.3662
-0.023499,5.3821
-0.021362,5.3995
-0.02121,5.4153
-0.018921,5.4303
-0.018616,5.4501
-0.016174,5.4675
-0.013885,5.4837
-0.011749,5.5035
-0.009155,5.5228
-0.008545,5.5429
-0.007324,5.5618
-0.006561,5.5814
-0.001984,5.6003
0.000763,5.6213
0.001068,5.643
0.003204,5.6641
0.005646,5.6836
0.006256,5.7037
0.00351,5.726
0.005798,5.7471
0.005798,5.7666
0.00824,5.7864
0.00824,5.8054
0.007782,5.8292
0.008392,5.8481
0.005798,5.8673
0.010681,5.8887
0.010834,5.9073
0.010681,5.9259
0.010834,5.9451
0.008392,5.9628
0.013123,5.9821
0.013428,6.001
0.013275,6.0208
0.010529,6.0376
0.015564,6.055
0.027924,6.0733
0.021515,6.0886
-0.023499,6.1075
-0.007324,6.123
0.001984,6.1404
-0.001678,6.1563
0.00351,6.1713
0.00351,6.1868
0.009613,6.2018
0.005646,6.2158
0.010681,6.2314
0.015717,6.2457
0.012512,6.2598
0.015717,6.2738
0.018005,6.2881
0.006714,6.2994
-0.054321,6.3129
-0.039673,6.3235
0.143127,6.3376
0.758057,6.3474
0.926971,6.3605
0.339355,6.3718
-0.170135,6.3815
-0.42038,6.3913
-0.366058,6.4008
-0.205383,6.4102
-0.110168,6.4203
-0.073242,6.4301
-0.053711,6.4401
-0.038147,6.4502
-0.028992,6.4587
-0.022278,6.4673
-0.016174,6.4734
-0.005035,6.4838
0.000916,6.4941
0.005798,6.499
0.008392,6.5076
0.013123,6.5182
0.018311,6.5277
0.029297,6.5332
0.041962,6.5378
0.054321,6.543
0.070953,6.5521
0.09079,6.557
0.114746,6.5622
0.126801,6.5677
0.132446,6.5714
0.130615,6.5714
0.113983,6.5762
0.072479,6.582
0.00412,6.5863
-0.063782,6.586
-0.118256,6.5918
-0.158234,6.5921
-0.177917,6.5967
-0.180054,6.597
-0.174866,6.6003
-0.160675,6.6003
-0.14328,6.6058
-0.125122,6.6058
-0.106506,6.6107
-0.094604,6.6104
-0.084991,6.6156
-0.072784,6.6156
-0.065155,6.6205
-0.061035,6.6202
-0.055237,6.6205
-0.045776,6.6251
-0.043488,6.6254
-0.037994,6.6306
-0.035706,6.6302
-0.033417,6.6354
-0.023804,6.6345
-0.023499,6.6397
-0.023651,6.6403
-0.021057,6.6449
-0.023193,6.6455
-0.020905,6.6498
-0.018768,6.6559
-0.018921,6.6553
-0.013428,6.6595
-0.011749,6.6638
-0.006866,6.6678
-0.006866,6.6702
-0.001526,6.6748
0.00061,6.68
0.00061,6.684
-0.001221,6.684
0.003204,6.6888
0.00351,6.6937
0.00824,6.6983
0.007935,6.7038
0.007935,6.7081
0.010681,6.7133
0.010681,6.7142
0.00824,6.7181
0.008392,6.7233
0.010681,6.7273
0.010376,6.7325
0.013123,6.7377
0.01297,6.7426
0.01297,6.7471
0.01297,6.7517
0.013123,6.7578
0.022125,6.7621
0.021667,6.7664
-0.025482,6.7712
-0.002594,6.7767
0.003052,6.7798
-0.003815,6.7816
0.003204,6.7871
0.010529,6.7914
0.01297,6.7957
0.010681,6.8011
0.010834,6.8057
0.010529,6.8106
0.019684,6.8109
0.022736,6.8149
0.028076,6.8207
0.003967,6.8259
-0.050659,6.8298
0.005951,6.8311
0.248566,6.8356
0.897675,6.8402
0.806885,6.8451
0.189972,6.8454
-0.272217,6.8497
-0.422058,6.8546
-0.316925,6.8552
-0.164185,6.8597
-0.093079,6.8652
-0.065765,6.8643
-0.049133,6.8689
-0.035858,6.8744
-0.024261,6.8747
-0.018921,6.8793
-0.016327,6.8799
-0.006561,6.8839
-0.001373,6.8887
0.009918,6.889
0.015411,6.8942
0.023346,6.8945
0.030212,6.8988
0.042114,6.8985
0.054321,6.8988
0.065918,6.904
0.089874,6.9043
0.112305,6.9034
0.127106,6.9037
0.135345,6.908
0.140076,6.908
0.132294,6.9083
0.101471,6.908
0.04364,6.9092
-0.027008,6.9092
-0.09552,6.908
-0.1474,6.9095
-0.179443,6.9086
-0.192108,6.9089
-0.189667,6.9037
-0.182495,6.9028
-0.167999,6.9031
-0.151062,6.9034
-0.133057,6.9031
-0.114288,6.9034
-0.099335,6.8985
-0.085449,6.8988
-0.075073,6.8988
-0.067596,6.8988
-0.060272,6.8988
-0.053253,6.8988
-0.046082,6.8951
-0.043182,6.8933
-0.038147,6.8945
-0.033569,6.8939
-0.031586,6.8948
-0.030975,6.8936
-0.028839,6.8939
-0.023651,6.8945
-0.025787,6.889
-0.026093,6.8896
-0.02121,6.889
-0.018463,6.8887
-0.020752,6.889
-0.016327,6.8887
-0.013885,6.8887
-0.013885,6.8887
-0.009308,6.889
-0.00412,6.8884
0.000916,6.889
0.002899,6.8893
0.005798,6.889
0.007172,6.8887
0.010681,6.889
0.010681,6.8887
0.010529,6.8893
0.00824,6.889
0.005951,6.889
0.00824,6.8893
0.010986,6.889
0.010529,6.8884
0.01297,6.889
0.01297,6.8887
0.015411,6.889
0.015564,6.8884
0.015717,6.889
0.015717,6.8887
0.013123,6.8884
0.015411,6.8896
0.025482,6.889
0.029755,6.8884
-0.015411,6.8887
-0.006866,6.889
-0.001068,6.8887
-0.006256,6.8893
-0.001678,6.889
0.005798,6.889
0.008392,6.889
0.003204,6.8887
0.002441,6.8884
0.005493,6.8887
0.010223,6.8893
0.015564,6.8842
0.013123,6.8842
0.002899,6.8839
-0.048065,6.8842
-0.005188,6.8842
0.231323,6.8842
0.868225,6.8793
0.901489,6.8793
0.185699,6.879
-0.315552,6.8787
-0.437317,6.875
-0.310974,6.8741
-0.15274,6.8744
-0.087433,6.875
-0.061188,6.8698
-0.043182,6.8701
-0.029144,6.8695
-0.021362,6.8646
-0.014038,6.8646
-0.006409,6.86
0.003662,6.8594
0.007324,6.857
0.015869,6.8546
0.02533,6.8546
0.032501,6.85
0.042572,6.8451
0.055847,6.8448
0.070953,6.8399
0.090637,6.835
0.113373,6.8307
0.139313,6.8256
0.156708,6.8207
0.169678,6.8155
0.16922,6.8115
0.155029,6.8063
0.117645,6.7969
0.051727,6.792
-0.034485,6.7862
-0.115509,6.7767
-0.177307,6.7719
-0.21637,6.7664
-0.231476,6.7566
-0.231628,6.7523
-0.218964,6.7429
-0.201721,6.7377
-0.1828,6.7285
-0.166016,6.7236
-0.146484,6.7142
-0.124512,6.7093
-0.106659,6.7029
-0.092163,6.6937
-0.078125,6.6891
-0.067444,6.68
-0.057831,6.6745
-0.048065,6.6693
-0.041656,6.6595
-0.035706,6.6553
-0.03067,6.6504
-0.02594,6.6446
-0.025787,6.6357
-0.026245,6.6299
-0.026093,6.6254
-0.023651,6.6196
-0.021362,6.6159
-0.018768,6.6113
-0.013885,6.6058
-0.011444,6.6013
-0.009308,6.5964
-0.006256,6.5912
-0.003815,6.5863
-0.00412,6.5808
-0.003967,6.5765
-0.001526,6.572
0.002899,6.5677
0.005951,6.5668
0.003204,6.5631
0.005646,6.557
0.007324,6.5521
0.00824,6.5497
0.010529,6.5469
0.010529,6.5421
0.010681,6.5378
0.010376,6.5329
0.010529,6.5274
0.010681,6.5228
0.010834,6.5182
0.010834,6.5134
0.010376,6.5042
0.012817,6.499
0.010681,6.4932
0.01297,6.4883
0.015564,6.4807
0.015411,6.474
0.013428,6.4691
0.015411,6.4645
0.015411,6.4551
0.015564,6.4496
0.025482,6.445
0.03952,6.4392
-0.001373,6.4304
-0.009308,6.4252
0.001068,6.4206
-0.008392,6.416
-0.002441,6.4066
0.005951,6.4011
0.008392,6.3968
0.003357,6.3916
0.001068,6.3864
0.003052,6.3809
0.005798,6.3724
0.008087,6.3666
0.010681,6.3623
0.010986,6.3574
-0.033875,6.3525
-0.050049,6.347
0.092468,6.3428
0.548859,6.3385
1.116486,6.3324
0.505676,6.3275
-0.193481,6.3226
-0.451508,6.3174
-0.363464,6.3132
-0.189819,6.308
-0.106812,6.304
-0.074768,6.2988
-0.056,6.2943
-0.043335,6.2888
-0.035858,6.2836
-0.028076,6.2787
-0.018921,6.2732
-0.010986,6.2698
-0.003815,6.2643
0.006104,6.2601
0.016022,6.2518
0.027161,6.2445
0.037231,6.2402
0.049133,6.2299
0.061493,6.225
0.079346,6.2152
0.100861,6.2021
0.127258,6.1905
0.150146,6.1816
0.167542,6.1667
0.171661,6.1548
0.160065,6.1414
0.122986,6.1282
0.054779,6.1127
-0.028687,6.0983
-0.110779,6.0834
-0.172729,6.0684
-0.212402,6.0513
-0.227356,6.0352
-0.226593,6.0208
-0.219269,6.0068
-0.204773,5.9921
-0.187683,5.9763
-0.171814,5.9613
-0.151215,5.9473
-0.131226,5.9326
-0.114441,5.9183
-0.094757,5.9061
-0.077209,5.8936
-0.062714,5.8786
-0.049286,5.8688
-0.041199,5.8545
-0.03418,5.8447
-0.028534,5.831
-0.024567,5.8212
-0.018768,5.8105
-0.014038,5.8008
-0.011292,5.7901
-0.011139,5.7825
-0.006561,5.7764
-0.009003,5.7666
-0.008698,5.7617
-0.006409,5.7523
-0.009003,5.7465
-0.00885,5.7379
-0.006409,5.7315
-0.006561,5.7275
-0.001831,5.722
-0.001526,5.7181
0.000916,5.7123
0.000916,5.7083
0.00351,5.7059
0.005493,5.7025
0.007935,5.6985
0.010681,5.6949
0.010834,5.6931
0.008545,5.6882
0.010681,5.6882
0.00824,5.6836
0.010834,5.6836
0.012817,5.679
0.010529,5.6778
0.010834,5.6747
0.013123,5.6741
0.013123,5.6738
0.012817,5.6696
0.01297,5.6696
0.010529,5.6647
0.00824,5.6644
0.005798,5.6641
0.010529,5.6595
0.010681,5.6598
0.008087,5.6549
0.012817,5.6549
0.01297,5.6497
0.009155,5.6494
0.019226,5.6448
0.037537,5.6445
0.018005,5.639
-0.021057,5.6396
0.008392,5.6348
-0.007629,5.6308
-0.013428,5.6302
-0.006256,5.625
-0.000153,5.6207
-0.005341,5.6158
-0.006409,5.6104
-0.001984,5.6058
0.000763,5.6006
0.003052,5.596
0.007935,5.5917
0.008087,5.5859
-0.012207,5.5814
-0.065002,5.5765
-0.029907,5.5716
0.245514,5.567
0.947113,5.5597
0.909424,5.5521
0.11261,5.5475
-0.388184,5.5423
-0.429688,5.5374
-0.270996,5.5328
-0.139008,5.5255
-0.088043,5.5182
-0.067596,5.5127
-0.050964,5.5078
-0.039673,5.5035
-0.028687,5.4929
-0.018768,5.4889
-0.009003,5.4834
0.0,5.4733
0.005341,5.4688
0.01297,5.4636
0.020294,5.455
0.03006,5.4495
0.038452,5.4401
0.04837,5.4297
0.061493,5.4199
0.080872,5.4059
0.101624,5.3934
0.126648,5.3778
0.147095,5.3622
0.160675,5.3467
0.166779,5.3281
0.157166,5.3091
0.123901,5.2911
0.061035,5.2734
-0.018921,5.2539
-0.100098,5.2344
-0.16449,5.2155
-0.202026,5.1962
-0.218964,5.177
-0.22049,5.1593
-0.209351,5.1422
-0.194702,5.1227
-0.175781,5.108
-0.158539,5.0885
-0.13855,5.0745
-0.120239,5.0571
-0.104523,5.0424
-0.089722,5.0266
-0.077667,5.0134
-0.065155,5.0012
-0.058136,4.9872
-0.046082,4.9768
-0.038147,4.9634
-0.033264,4.9527
-0.031128,4.9432
-0.030518,4.9338
-0.028534,4.928
-0.026093,4.9185
-0.023651,4.9136
-0.02121,4.9042
-0.018616,4.8987
-0.01358,4.8938
-0.010986,4.8883
-0.00885,4.8843
-0.00885,4.8849
-0.006561,4.8792
-0.006561,4.8795
-0.006561,4.8795
-0.001373,4.8792
-0.003815,4.8792
-0.001373,4.8837
0.000916,4.8843
0.003052,4.8892
0.000763,4.8941
0.000916,4.8984
0.005646,4.9039
0.00351,4.9084
0.003204,4.9179
0.010986,4.9225
0.01297,4.9329
0.013428,4.9377
0.01297,4.9478
0.010681,4.957
0.01297,4.967
0.015869,4.9768
0.015869,4.9869
0.015411,4.9966
0.013123,5.0064
0.01297,5.0204
0.015411,5.0305
0.013428,5.0446
0.011749,5.0549
0.012817,5.0687
0.010529,5.0793
0.010681,5.0934
0.013123,5.1074
0.015564,5.1178
0.018005,5.1321
0.026398,5.1477
-0.012207,5.1624
-0.010681,5.1758
0.000763,5.1904
-0.006714,5.2048
-0.003967,5.2194
0.00351,5.2322
0.005646,5.2469
0.00061,5.2631
0.003204,5.2783
0.005646,5.2924
0.005646,5.3082
0.010834,5.3226
0.010529,5.3415
0.005646,5.3568
-0.051727,5.3714
-0.066376,5.3909
0.071716,5.4059
0.596619,5.4245
1.048737,5.4401
0.445709,5.459
-0.14389,5.4742
-0.431519,5.4935
-0.392151,5.5081
-0.23056,5.5273
-0.127869,5.5417
-0.088196,5.5618
-0.065002,5.5783
-0.050812,5.5966
-0.036926,5.6152
-0.030975,5.6326
-0.02121,5.6497
-0.011292,5.6689
-0.006104,5.6879
0.003204,5.7059
0.008545,5.7227
0.014343,5.7422
0.020599,5.7608
0.027618,5.7767
0.039825,5.7953
0.057983,5.8102
0.076447,5.8292
0.098419,5.8453
0.11673,5.8591
0.134888,5.8762
0.144806,5.8908
0.146027,5.9064
0.130463,5.918
0.088196,5.932
0.022736,5.9482
-0.05127,5.9567
-0.119934,5.9717
-0.162659,5.9821
-0.187225,5.9964
-0.190277,6.0056
-0.189972,6.0159
-0.177917,6.0297
-0.163116,6.0397
-0.151062,6.0492
-0.132446,6.0596
-0.111847,6.0687
-0.102081,6.0794
-0.087128,6.0883
-0.077209,6.0983
-0.07019,6.1084
-0.062714,6.1182
-0.055084,6.1279
-0.047913,6.138
-0.043182,6.1475
-0.038147,6.1572
-0.031128,6.1658
-0.030975,6.1765
-0.028992,6.1859
-0.026093,6.1954
-0.023804,6.2048
-0.023956,6.21
-0.018768,6.2198
-0.018921,6.2311
-0.014648,6.2402
-0.00885,6.2503
-0.011597,6.2589
-0.007782,6.2686
-0.003815,6.2778
-0.001526,6.2836
-0.003815,6.2936
-0.001373,6.304
0.000916,6.3135
0.00351,6.319
0.005798,6.3281
0.006104,6.3376
0.007935,6.3464
0.008087,6.3519
0.010834,6.3617
0.01297,6.3712
0.015869,6.3788
0.014038,6.387
0.012207,6.3962
0.013123,6.4011
0.010834,6.4099
0.011902,6.42
0.015411,6.4258
0.015869,6.4346
0.015564,6.4395
0.014954,6.4493
0.018158,6.4551
0.023193,6.4639
0.023346,6.4691
-0.022278,6.4789
-0.00061,6.4841
0.005951,6.4932
-0.001526,6.503
0.005798,6.5088
0.010834,6.5152
0.010376,6.5228
0.00824,6.5283
0.00824,6.5366
0.005646,6.5424
0.010681,6.5469
0.015564,6.5546
0.015564,6.5619
0.004272,6.5665
-0.055237,6.5717
-0.025177,6.5765
0.180206,6.5866
0.807343,6.5915
0.913086,6.5967
0.29541,6.6003
-0.212555,6.6064
-0.426331,6.6104
-0.348358,6.6153
-0.191803,6.6208
-0.108032,6.6254
-0.072632,6.6312
-0.052795,6.6327
-0.04425,6.6345
-0.033722,6.6403
-0.02121,6.6446
-0.014038,6.6446
-0.009003,6.6498
-0.006409,6.6547
0.000916,6.6547
0.008087,6.6599
0.015564,6.6592
0.024414,6.6592
0.032501,6.6641
0.04715,6.6653
0.061646,6.6641
0.092163,6.6644
0.111694,6.6641
0.131378,6.6641
0.142517,6.662
0.149841,6.6595
0.142212,6.6595
0.112,6.6595
0.053711,6.6547
-0.02182,6.6553
-0.093384,6.6501
-0.142975,6.6498
-0.179138,6.6452
-0.192413,6.6403
-0.192413,6.6403
-0.182495,6.6351
-0.169067,6.6309
-0.151062,6.6302
-0.131531,6.626
-0.114136,6.6202
-0.100861,6.6202
-0.084686,6.6156
-0.077667,6.6107
-0.06546,6.6104
-0.057983,6.6058
-0.055542,6.6013
-0.04837,6.6013
-0.043182,6.5964
-0.039368,6.5961
-0.033569,6.5906
-0.031281,6.5866
-0.027313,6.586
-0.023804,6.5811
-0.02594,6.5817
-0.02594,6.5765
-0.023499,6.5759
-0.023804,6.5771
-0.02121,6.5714
-0.016327,6.571
-0.011444,6.5665
-0.011292,6.5662
-0.009155,6.5671
-0.00885,6.5619
-0.002899,6.5622
0.000763,6.5625
0.000916,6.5576
0.000763,6.5573
0.003052,6.5576
0.003052,6.5567
0.005951,6.5521
0.007782,6.5527
0.008087,6.5527
0.010681,6.5521
0.010529,6.5521
0.010681,6.5466
0.012817,6.5472
0.012817,6.5469
0.010681,6.5475
0.012817,6.5472
0.010834,6.543
0.008087,6.5433
0.007019,6.5433
0.00824,6.5424
0.010529,6.5414
0.010681,6.5427
0.010681,6.5427
0.01297,6.5375
0.017853,6.5375
0.027771,6.5381
0.029907,6.5384
-0.017548,6.5375
-0.010071,6.5326
0.00061,6.5335
-0.003967,6.5335
0.000458,6.5323
0.006866,6.5326
0.007782,6.5271
0.000763,6.5277
0.000916,6.528
0.001068,6.5274
0.005646,6.5225
0.008087,6.5231
0.013123,6.5225
0.003357,6.521
-0.052948,6.5176
-0.026398,6.5176
0.189819,6.5179
0.807648,6.5128
0.973053,6.5128
0.252991,6.5134
-0.292053,6.5137
-0.427551,6.5076
-0.302429,6.5082
-0.166473,6.5082
-0.098267,6.5082
-0.07019,6.5039
-0.053406,6.503
-0.0383,6.503
-0.033569,6.4984
-0.026093,6.4981
-0.016632,6.4981
-0.009155,6.4932
-0.000458,6.4932
0.010986,6.4886
0.0177,6.4886
0.025482,6.4835
0.034943,6.4798
0.048065,6.4786
0.06897,6.4737
0.089569,6.4691
0.112,6.4618
0.134888,6.4554
0.154266,6.449
0.167999,6.445
0.171661,6.4349
0.160675,6.4297
0.129089,6.4212
0.066986,6.4154
-0.016022,6.4053
-0.100098,6.3956
-0.166321,6.3861
-0.209198,6.3797
-0.228882,6.3712
-0.23407,6.3617
-0.226593,6.3519
-0.211792,6.3422
-0.19104,6.3336
-0.170593,6.3281
-0.150909,6.3184
-0.129242,6.3086
-0.109253,6.2988
-0.097046,6.2946
-0.082397,6.2842
-0.072479,6.2744
-0.060577,6.2692
-0.051575,6.2592
-0.043335,6.2543
-0.036774,6.2457
-0.030975,6.2396
-0.028381,6.2354
-0.026093,6.2256
-0.024719,6.2207
-0.02121,6.2158
-0.018616,6.2109
-0.018768,6.2054
-0.016327,6.2003
-0.014038,6.1954
-0.016327,6.1911
-0.015106,6.1865
-0.013885,6.1813
-0.013733,6.1771
-0.011444,6.1713
-0.006104,6.1713
-0.00412,6.167
0.001068,6.1612
0.001221,6.1566
0.003357,6.1575
0.005951,6.1511
0.005798,6.1496
0.008087,6.1481
0.010681,6.1432
0.010681,6.1423
0.007935,6.138
0.010223,6.1374
0.015411,6.1322
0.013123,6.1282
0.012817,6.1282
0.010681,6.1224
0.013275,6.1227
0.0177,6.1182
0.018005,6.1179
0.012817,6.1133
0.018158,6.1133
0.018005,6.1081
0.015717,6.1035
0.015717,6.1035
0.013123,6.0986
0.013123,6.0986
0.010681,6.0944
0.012817,6.0889
0.013123,6.0889
0.022736,6.0846
0.03952,6.08
0.016785,6.0794
-0.015106,6.0745
0.007782,6.0693
-0.006561,6.0645
-0.00412,6.0645
0.00351,6.0593
0.005798,6.0544
-0.000305,6.0492
0.000916,6.0443
0.003052,6.0394
0.00824,6.0355
0.010529,6.0306
0.01297,6.0254
0.013123,6.0202
-0.009766,6.0132
-0.060425,6.0068
0.010223,6.001
0.344086,5.9955
1.057892,5.9912
0.77301,5.9814
-0.006104,5.9763
-0.42511,5.9717
-0.416565,5.9637
-0.250549,5.9573
-0.123291,5.9521
-0.086212,5.943
-0.068359,5.9381
-0.050507,5.928
-0.037079,5.9229
-0.028534,5.9137
-0.023804,5.9042
-0.016327,5.8984
-0.006714,5.8878
0.000916,5.8838
0.010223,5.874
0.015717,5.8646
0.025482,5.8551
0.037689,5.8444
0.052032,5.835
0.068817,5.8228
0.087128,5.8105
0.107727,5.7953
0.130768,5.7809
0.150757,5.7666
0.162659,5.752
0.166779,5.7355
0.153198,5.7184
0.111694,5.7037
0.044861,5.6866
-0.038147,5.6696
-0.113983,5.654
-0.171356,5.6342
-0.208435,5.6201
-0.222015,5.6036
-0.219421,5.5865
-0.209808,5.5713
-0.192413,5.5573
-0.17334,5.5405
-0.158234,5.5255
-0.141449,5.5106
-0.122528,5.4965
-0.109711,5.4837
-0.094757,5.4684
-0.07782,5.4544
-0.066376,5.4416
-0.058136,5.4297
-0.050507,5.4181
-0.045776,5.4056
-0.041199,5.3952
-0.036163,5.3857
-0.031586,5.376
-0.02655,5.3668
-0.026245,5.3568
-0.023804,5.3464
-0.023804,5.3372
-0.021362,5.3323
-0.021515,5.3229
-0.021515,5.3177
-0.018616,5.3104
-0.018768,5.3027
-0.014954,5.2982
-0.011139,5.2927
-0.009308,5.2881
-0.006104,5.2832
-0.003967,5.2841
-0.005341,5.2789
-0.006409,5.2747
-0.003815,5.2737
-0.003967,5.2744
0.000916,5.2682
0.005493,5.2682
0.005798,5.2689
0.007935,5.2689
0.010834,5.2692
0.008392,5.2689
0.008087,5.2689
0.00824,5.274
0.008087,5.2734
0.010529,5.2737
0.013123,5.2786
0.014801,5.2789
0.015564,5.2835
0.015411,5.2881
0.015411,5.2881
0.015717,5.2933
0.015411,5.2975
0.018158,5.303
0.015564,5.3085
0.013275,5.3131
0.012817,5.3177
0.007935,5.3232
0.008392,5.332
0.01297,5.3369
0.023041,5.3421
0.018921,5.3522
-0.02594,5.3592
-0.001678,5.3665
-0.001221,5.3769
-0.006714,5.3848
0.000458,5.3909
0.005951,5.4004
0.005951,5.4102
0.000916,5.4202
0.00351,5.4303
0.008545,5.4395
0.010223,5.4492
0.013275,5.4596
0.013123,5.47
-0.002594,5.4791
-0.06012,5.4886
-0.026093,5.5005
0.213928,5.5124
0.899506,5.5225
0.874939,5.5319
0.192566,5.546
-0.301971,5.5569
-0.44281,5.5688
-0.327606,5.5811
-0.169525,5.5908
-0.098419,5.6058
-0.070038,5.6198
-0.05188,5.6302
-0.036163,5.6442
-0.026093,5.6595
-0.020905,5.6738
-0.016327,5.6882
-0.006714,5.7056
0.001984,5.7224
0.008087,5.7376
0.012665,5.7516
0.018005,5.77
0.026855,5.7861
0.035248,5.8011
0.048065,5.8194
0.066376,5.8347
0.084686,5.8496
0.111389,5.864
0.132294,5.8807
0.1474,5.8984
0.154419,5.91
0.154724,5.9253
0.128784,5.9372
0.075531,5.9521
0.005951,5.9665
-0.067291,5.9784
-0.129395,5.9918
-0.1651,6.0049
-0.189972,6.0159
-0.194855,6.0281
-0.182648,6.0406
-0.16922,6.0492
-0.15564,6.0593
-0.138855,6.0742
-0.123749,6.0843
-0.108948,6.0944
-0.094604,6.1029
-0.084839,6.1133
-0.070038,6.1227
-0.062714,6.1325
-0.054169,6.1447
-0.050659,6.1563
-0.039673,6.1658
-0.033417,6.1765
-0.02594,6.1862
-0.028381,6.196
-0.023956,6.2057
-0.023651,6.2158
-0.026093,6.2256
-0.02594,6.2347
-0.020905,6.2466
-0.01358,6.2585
-0.011292,6.2683
-0.011444,6.2778
-0.009155,6.2881
-0.006256,6.2982
-0.003967,6.3068
-0.004272,6.3153
-0.001373,6.3232
-0.001678,6.3324
0.000916,6.3431
-0.00061,6.3516
0.003204,6.362
0.008087,6.3721
0.005493,6.3763
0.005798,6.3867
0.008087,6.3959
0.008392,6.4053
0.010376,6.4105
0.010681,6.4203
0.010986,6.4297
0.010681,6.4355
0.015717,6.4456
0.022736,6.452
0.037384,6.4594
0.047302,6.4691
0.046539,6.4737
0.066681,6.4835
0.03418,6.4929
-0.005035,6.4984
-0.018768,6.5088
-0.006409,6.5179
-0.011292,6.5234
-0.018616,6.5323
-0.021515,6.5375
-0.021057,6.5475
-0.011444,6.5564
-0.009003,6.5622
-0.006561,6.5717
-0.008545,6.5762
-0.029449,6.5863
-0.079803,6.5912
-0.029144,6.6006
0.21347,6.6055
0.878143,6.6153
0.812225,6.6208
0.213776,6.6309
-0.256195,6.6348
-0.431671,6.644
-0.33844,6.6498
-0.184021,6.6559
-0.105591,6.6653
-0.078583,6.669
-0.058289,6.6742
-0.041199,6.684
-0.030975,6.6885
-0.022278,6.6937
-0.011292,6.7032
-0.004883,6.709
0.00351,6.7139
0.008392,6.7188
0.018158,6.7236
0.021973,6.7285
0.03006,6.7328
0.039673,6.7377
0.051727,6.7422
0.066376,6.748
0.083771,6.7517
0.103302,6.7575
0.124512,6.7566
0.136566,6.7618
0.13504,6.7667
0.132446,6.7673
0.111694,6.7722
0.061646,6.7715
-0.003967,6.7764
-0.070801,6.7764
-0.123749,6.7819
-0.154572,6.7816
-0.166931,6.7865
-0.167999,6.7871
-0.158386,6.7871
-0.148468,6.7908
-0.131531,6.792
-0.115204,6.7914
-0.10437,6.7957
-0.090942,6.7966
-0.079956,6.7963
-0.07309,6.8011
-0.06134,6.8018
-0.056458,6.8015
-0.051422,6.8057
-0.048523,6.8054
-0.045624,6.806
-0.041962,6.8057
-0.036011,6.8109
-0.033569,6.8109
-0.033722,6.8134
-0.02594,6.8164
-0.023651,6.8149
-0.021057,6.8207
-0.021362,6.8204
-0.016022,6.8204
-0.016174,6.8253
-0.013885,6.8253
-0.013885,6.8307
-0.006409,6.8298
-0.008698,6.8353
-0.009003,6.8356
-0.009155,6.8402
-0.004272,6.8408
-0.006409,6.8454
-0.001831,6.8454
0.000763,6.85
0.002899,6.8552
0.010376,6.8542
0.01297,6.8594
0.019226,6.8646
0.041809,6.8649
0.055389,6.8695
0.049438,6.8747
0.069122,6.8753
0.033417,6.879
-0.001221,6.8842
-0.016174,6.8884
-0.001678,6.889
-0.00412,6.8936
-0.01358,6.8988
-0.018768,6.9037
-0.012207,6.9083
-0.006409,6.9083
-0.006714,6.9131
-0.002594,6.9186
-0.001678,6.9232
-0.020447,6.9275
-0.06073,6.9272
-0.002289,6.9327
0.24704,6.9373
0.902863,6.9424
0.796509,6.9431
0.174408,6.9476
-0.287018,6.9531
-0.427856,6.9571
-0.317841,6.9568
-0.167999,6.9623
-0.100403,6.9669
-0.068817,6.9675
-0.050507,6.9717
-0.036774,6.9763
-0.027161,6.9772
-0.021057,6.9812
-0.006409,6.9861
-0.001678,6.9864
0.003204,6.9916
0.013123,6.9913
0.022888,6.9958
0.03006,6.9968
0.03952,7.0001
0.048523,7.0013
0.061493,7.0013
0.074158,7.001
0.097198,7.0068
0.121613,7.0062
0.13504,7.0059
0.142212,7.0062
0.144653,7.0059
0.130615,7.0013
0.099335,7.0004
0.04425,7.0013
-0.028687,7.002
-0.098267,6.9968
-0.145721,6.9965
-0.174866,6.9968
-0.185242,6.9913
-0.17868,6.9919
-0.170441,6.9864
-0.156708,6.9861
-0.141144,6.9824
-0.124207,6.9815
-0.106812,6.9766
-0.093231,6.9769
-0.075989,6.9727
-0.062866,6.9724
-0.055389,6.9666
-0.04776,6.9672
-0.040894,6.9629
-0.033569,6.9623
-0.031128,6.9568
-0.026093,6.9571
-0.020905,6.9525
-0.021362,6.9525
-0.021362,6.947
-0.02121,6.947
-0.02121,6.9424
-0.018768,6.9427
-0.016327,6.9421
-0.016327,6.9385
-0.01358,6.9376
-0.013733,6.9376
-0.009155,6.9324
-0.008698,6.9321
-0.00885,6.9336
-0.006409,6.9336
-0.003967,6.933
-0.00412,6.9275
-0.00412,6.9278
-0.00412,6.9281
-0.001526,6.9281
0.001068,6.9281
0.005493,6.9275
0.018158,6.9281
0.03952,6.9284
0.054474,6.926
0.049591,6.9235
0.06424,6.9241
0.023804,6.9232
-0.010681,6.9229
-0.017242,6.9235
-0.006409,6.9238
-0.009308,6.9229
-0.023651,6.9232
-0.023346,6.9229
-0.02121,6.9235
-0.019073,6.918
-0.014648,6.918
-0.00885,6.9183
-0.006714,6.918
-0.016174,6.9186
-0.062866,6.9177
0.003052,6.9186
0.261383,6.9183
0.924835,6.9189
0.836945,6.9131
0.119934,6.9131
-0.350494,6.9131
-0.435638,6.9128
-0.296326,6.9135
-0.150299,6.9086
-0.090942,6.9092
-0.063019,6.9083
-0.046692,6.9083
-0.03418,6.9058
-0.021057,6.9037
-0.011139,6.9034
-0.001373,6.9031
0.005646,6.8982
0.010986,6.8994
0.01709,6.8988
0.02533,6.8945
0.03952,6.8948
0.050812,6.8936
0.065765,6.8881
0.080872,6.889
0.098419,6.8839
0.121765,6.8832
0.144196,6.879
0.163574,6.8744
0.169373,6.8741
0.165405,6.8701
0.150452,6.864
0.111084,6.86
0.038147,6.8549
-0.043945,6.8497
-0.115662,6.8457
-0.169983,6.8378
-0.202179,6.8304
-0.211792,6.8256
-0.209198,6.8207
-0.197449,6.8149
-0.18219,6.8057
-0.166168,6.8002
-0.153046,6.796
-0.131836,6.7868
-0.114136,6.7822
-0.094604,6.7767
-0.078278,6.7667
-0.066071,6.7618
-0.052795,6.7569
-0.040741,6.7499
-0.033264,6.7429
-0.028687,6.7371
-0.023804,6.7325
-0.018921,6.7239
-0.016479,6.7184
-0.016479,6.7123
-0.013733,6.7087
-0.016174,6.7029
-0.016022,6.6965
-0.018768,6.6891
-0.018463,6.6849
-0.021362,6.6791
-0.021057,6.6742
-0.016174,6.6693
-0.013885,6.6644
-0.011139,6.6595
-0.009918,6.6553
-0.006561,6.6507
-0.003815,6.6495
-0.004272,6.6449
0.003204,6.6397
0.005646,6.6357
0.005646,6.6306
0.003357,6.6309
0.005951,6.6251
0.00824,6.6199
0.010986,6.6187
0.009918,6.6156
0.010986,6.6104
0.010834,6.6068
0.010834,6.6052
0.010376,6.601
0.010834,6.5967
0.013275,6.5958
0.015717,6.5909
0.029449,6.5869
0.053711,6.582
0.064392,6.582
0.057068,6.5771
0.066681,6.5723
0.023499,6.5674
-0.010681,6.564
-0.016632,6.5616
-0.009308,6.5567
-0.016327,6.553
-0.026093,6.5469
-0.028229,6.5479
-0.021057,6.543
-0.016327,6.5381
-0.011292,6.5332
-0.006714,6.5283
-0.001678,6.5286
-0.006409,6.5228
-0.059662,6.5176
-0.043793,6.5137
0.133667,6.5103
0.684052,6.5082
1.051636,6.503
0.334015,6.4987
-0.282135,6.4941
-0.448914,6.4886
-0.332184,6.4847
-0.170135,6.4813
-0.098267,6.4767
-0.072327,6.4703
-0.055695,6.4633
-0.041504,6.4594
-0.028687,6.4545
-0.016174,6.4502
-0.007629,6.445
0.000763,6.4359
0.008698,6.4294
0.020142,6.4252
0.027618,6.4178
0.035248,6.4102
0.043793,6.4053
0.054321,6.3956
0.069122,6.3861
0.086365,6.3818
0.109711,6.3715
0.132751,6.362
0.153809,6.3519
0.166168,6.3397
0.169067,6.3281
0.161438,6.3184
0.133057,6.3037
0.074615,6.2936
-0.010376,6.279
-0.088654,6.2646
-0.150146,6.2509
-0.192566,6.2375
-0.211945,6.2225
-0.214539,6.2103
-0.209656,6.1966
-0.2005,6.1813
-0.182648,6.1664
-0.161438,6.152
-0.144196,6.1386
-0.126648,6.1279
-0.108948,6.1133
-0.089722,6.0986
-0.074921,6.0864
-0.062561,6.0739
-0.050049,6.0614
-0.043182,6.0504
-0.035858,6.0406
-0.028839,6.0272
-0.026093,6.0162
-0.02121,6.0056
-0.023804,5.9961
-0.023804,5.9863
-0.023956,5.9772
-0.026245,5.9714
-0.02594,5.9619
-0.023804,5.9521
-0.021362,5.9476
-0.018463,5.9375
-0.018616,5.9326
-0.019379,5.9232
-0.019073,5.918
-0.018463,5.9131
-0.016174,5.9082
-0.016479,5.899
-0.01358,5.8936
-0.011444,5.889
-0.006866,5.8838
-0.00412,5.8792
-0.001678,5.8762
0.000763,5.8737
0.003357,5.8694
0.005646,5.8646
0.005188,5.8591
0.008087,5.8539
0.010529,5.8496
0.010834,5.8447
0.010681,5.8401
0.010529,5.835
0.010834,5.8255
0.012817,5.8203
0.012817,5.816
0.013123,5.8105
0.01297,5.8054
0.010223,5.7959
0.010529,5.7916
0.013123,5.7864
0.01297,5.7812
0.013275,5.7712
0.012817,5.7666
0.013275,5.762
0.015411,5.7571
0.025177,5.7468
0.053101,5.7413
0.059967,5.7379
0.059357,5.7327
0.071259,5.7278
0.027924,5.723
-0.006256,5.7138
-0.016174,5.708
-0.011444,5.7025
-0.016479,5.6982
-0.023804,5.6937
-0.025787,5.6888
-0.02121,5.6845
-0.016479,5.6839
-0.013885,5.6784
-0.009613,5.6738
-0.009003,5.6696
-0.011444,5.6647
-0.045471,5.6598
-0.070496,5.6592
0.037079,5.6546
0.447998,5.65
1.097565,5.6454
0.570831,5.6439
-0.145264,5.6396
-0.448761,5.6345
-0.384521,5.6299
-0.211792,5.6302
-0.116882,5.6253
-0.079498,5.6213
-0.06012,5.6149
-0.045776,5.6104
-0.033569,5.6058
-0.025635,5.6006
-0.013885,5.5966
-0.00412,5.5954
0.003662,5.5905
0.017395,5.5856
0.025482,5.5817
0.032806,5.574
0.039978,5.5667
0.05127,5.5615
0.06424,5.5524
0.081482,5.5423
0.099792,5.5328
0.122375,5.5225
0.142212,5.5078
0.155029,5.4956
0.161743,5.484
0.162659,5.4691
0.147247,5.4544
0.105743,5.4395
0.035553,5.4251
-0.047302,5.4108
-0.12085,5.3964
-0.172882,5.3815
-0.202637,5.3668
-0.216827,5.3522
-0.211487,5.3372
-0.199432,5.3226
-0.185089,5.3085
-0.165558,5.2957
-0.145721,5.2829
-0.127258,5.2695
-0.111847,5.2551
-0.097656,5.2441
-0.082703,5.231
-0.070343,5.2203
-0.06012,5.21
-0.050659,5.2011
-0.04303,5.1913
-0.035706,5.1816
-0.030823,5.1715
-0.028687,5.162
-0.028381,5.1569
-0.023956,5.1468
-0.02594,5.1428
-0.026398,5.137
-0.025787,5.1279
-0.026398,5.1227
-0.023804,5.1178
-0.023804,5.1126
-0.023956,5.108
-0.018768,5.1083
-0.018768,5.1035
-0.014191,5.098
-0.011444,5.0986
-0.009003,5.0931
-0.006409,5.0934
-0.006714,5.0928
-0.004425,5.0937
-0.001678,5.0885
-0.001526,5.0885
0.000763,5.0888
0.002289,5.0888
0.005646,5.0885
0.005646,5.0888
0.008087,5.0934
0.008087,5.0925
0.010681,5.0937
0.010834,5.0931
0.010376,5.0934
0.010681,5.0983
0.010529,5.098
0.01297,5.0986
0.013123,5.098
0.013123,5.1028
0.012817,5.1028
0.015411,5.1035
0.018158,5.1077
0.015411,5.1083
0.015259,5.1102
0.015411,5.1129
0.015411,5.1129
0.015717,5.1178
0.013123,5.1178
0.012817,5.1181
0.019531,5.1224
0.032806,5.123
0.059509,5.1227
0.054169,5.1242
0.071411,5.127
0.052643,5.1279
0.00885,5.1276
-0.011597,5.1321
-0.009155,5.1324
-0.014038,5.1318
-0.024414,5.1343
-0.02594,5.137
-0.023956,5.137
-0.02121,5.137
-0.016479,5.1419
-0.012054,5.1413
-0.011444,5.1422
-0.011139,5.1425
-0.021515,5.1471
-0.079041,5.1465
-0.06134,5.1471
0.150604,5.1474
0.803223,5.1514
0.997925,5.1523
0.236359,5.152
-0.331879,5.1523
-0.452118,5.1514
-0.320892,5.1517
-0.166473,5.1569
-0.105286,5.1566
-0.076904,5.1562
-0.057831,5.1569
-0.043335,5.1569
-0.035553,5.1562
-0.023499,5.1566
-0.014038,5.1569
-0.003967,5.1562
0.005493,5.1566
0.00885,5.1566
0.015717,5.1569
0.025177,5.1566
0.034332,5.1569
0.045013,5.1566
0.058289,5.1517
0.078125,5.1514
0.098267,5.1498
0.120392,5.1468
0.13916,5.1425
0.15625,5.1425
0.164185,5.1373
0.159912,5.1324
0.140533,5.1276
0.091248,5.1178
0.018005,5.108
-0.064392,5.0977
-0.133057,5.0836
-0.180511,5.0696
-0.205078,5.0549
-0.214386,5.0406
-0.209503,5.0214
-0.197449,5.0061
-0.182343,4.9872
-0.164032,4.9725
-0.142822,4.9524
-0.124512,4.9353
-0.106354,4.9185
-0.091858,4.8999
-0.079803,4.8834
-0.067902,4.8654
-0.058899,4.8499
-0.053101,4.8352
-0.043793,4.8184
-0.036011,4.8019
-0.033417,4.7894
-0.028839,4.7769
-0.026093,4.762
-0.026245,4.7525
-0.026398,4.7382
-0.023651,4.7281
-0.025787,4.7186
-0.023804,4.7086
-0.021362,4.6979
-0.021515,4.6893
-0.018768,4.6848
-0.015869,4.675
-0.009766,4.6698
-0.009003,4.6649
-0.006561,4.6597
-0.00412,4.6548
-0.004272,4.65
-0.005951,4.6454
-0.003815,4.6448
0.000763,4.6402
0.002899,4.6408
0.005951,4.6399
0.005646,4.635
0.005493,4.635
0.006104,4.6356
0.008392,4.6356
0.00824,4.6356
0.005493,4.6356
0.005798,4.6402
0.008087,4.6411
0.00824,4.6405
0.00824,4.6448
0.010681,4.6451
0.01297,4.6497
0.013123,4.6503
0.01297,4.6545
0.013885,4.6594
0.013123,4.6597
0.013123,4.6649
0.015564,4.6695
0.01297,4.6741
0.010681,4.6796
0.010834,4.6841
0.008392,4.6887
0.010529,4.6936
0.015259,4.6985
0.03479,4.7037
0.056763,4.7128
0.049286,4.7183
0.071411,4.7235
0.045166,4.7299
0.000916,4.7375
-0.016174,4.743
-0.014038,4.7525
-0.016632,4.7617
-0.026245,4.7665
-0.033417,4.7769
-0.028839,4.787
-0.028381,4.7943
-0.02121,4.8032
-0.018311,4.8135
-0.018616,4.8236
-0.013733,4.8358
-0.04776,4.845
-0.089722,4.8553
-0.005798,4.8669
0.380859,4.8795
1.070251,4.8911
0.636444,4.9036
-0.048981,4.9155
-0.422211,4.9277
-0.433197,4.9429
-0.26947,4.9548
-0.143585,4.968
-0.097504,4.9817
-0.07019,4.996
-0.055237,5.0101
-0.041656,5.0229
-0.031738,5.0375
-0.023193,5.0522
-0.01358,5.0674
-0.006561,5.0809
0.000916,5.097
0.008545,5.1123
0.020294,5.1273
0.025635,5.1419
0.032654,5.1566
0.044556,5.1712
0.056763,5.1855
0.07431,5.2002
0.093842,5.2151
0.113525,5.2301
0.131683,5.2448
0.144196,5.2539
0.15213,5.2692
0.147095,5.2808
0.120697,5.2933
0.06424,5.3027
-0.009766,5.3177
-0.079651,5.3278
-0.135498,5.3375
-0.177002,5.3491
-0.194244,5.3607
-0.197144,5.3714
-0.192261,5.3812
-0.180511,5.3903
-0.160522,5.4001
-0.143433,5.4102
-0.131226,5.4202
-0.114136,5.4297
-0.096741,5.4419
-0.084991,5.4541
-0.072327,5.4639
-0.059967,5.4733
-0.055695,5.488
-0.048523,5.498
-0.043182,5.5099
-0.033875,5.5228
-0.028687,5.5374
-0.023651,5.549
-0.023499,5.5615
-0.023956,5.5762
-0.023956,5.5917
-0.026093,5.6061
-0.02594,5.6201
-0.023651,5.6381
-0.016022,5.6537
-0.013733,5.6696
-0.011139,5.6876
-0.009155,5.7034
-0.006409,5.7214
-0.00412,5.7373
-0.003815,5.7568
0.001068,5.7736
0.000763,5.7904
0.003357,5.8102
0.005798,5.8267
0.005493,5.8447
0.005798,5.8643
0.00824,5.8823
0.008392,5.8981
0.010681,5.9167
0.015717,5.9366
0.018005,5.9515
0.015106,5.9723
0.015564,5.99
0.015564,6.0056
0.017853,6.0257
0.010834,6.0422
0.018158,6.0596
0.018005,6.0785
0.015564,6.0931
0.015564,6.1124
0.015717,6.1279
0.01297,6.1444
0.01297,6.1621
0.012817,6.1771
0.017548,6.1929
0.025177,6.21
0.04837,6.225
0.053864,6.2402
0.056305,6.2543
0.069885,6.2686
0.032959,6.2839
-0.004425,6.2988
-0.01358,6.3126
-0.001831,6.3272
-0.00885,6.3394
-0.018768,6.3519
-0.018616,6.3666
-0.021057,6.376
-0.013733,6.3904
-0.013885,6.4017
-0.011292,6.4127
-0.00473,6.4252
-0.018005,6.4349
-0.079651,6.4444
-0.04715,6.4542
0.158081,6.4642
0.810547,6.4737
0.907288,6.4835
0.29068,6.4935
-0.224762,6.5039
-0.443726,6.5131
-0.370789,6.5225
-0.206299,6.528
-0.119171,6.5381
-0.082855,6.5469
-0.062256,6.5521
-0.046387,6.5622
-0.038605,6.5689
-0.031281,6.5768
-0.018616,6.5851
-0.011597,6.5909
-0.006561,6.5964
0.000763,6.6058
0.008545,6.611
0.017242,6.6174
0.025177,6.626
0.037384,6.6296
0.048981,6.6351
0.066376,6.64
0.079041,6.6443
0.099945,6.6492
0.115509,6.6553
0.129547,6.6592
0.137329,6.6592
0.13504,6.6641
0.122528,6.6693
0.09079,6.6696
0.035553,6.6745
-0.066376,6.6742
-0.12085,6.6788
-0.153503,6.6797
-0.167999,6.6846
-0.167694,6.6837
-0.160675,6.6879
-0.145874,6.6885
-0.135803,6.6888
-0.119171,6.6931
-0.10498,6.694
-0.092926,6.6934
-0.082245,6.6983
-0.070496,6.6986
-0.063019,6.6986
-0.052948,6.7032
-0.050507,6.7041
-0.048065,6.7035
-0.040894,6.7084
-0.038147,6.7087
-0.035858,6.7133
-0.032959,6.7136
-0.031128,6.7139
-0.023499,6.7181
-0.02594,6.7181
-0.026093,6.7233
-0.023651,6.7227
-0.021515,6.7282
-0.01709,6.7279
-0.016479,6.7322
-0.014038,6.7377
-0.011292,6.7374
-0.00885,6.7435
-0.011444,6.7435
-0.00946,6.7471
-0.006561,6.7529
-0.00885,6.7523
-0.003815,6.7572
-0.001526,6.7618
0.000763,6.7664
-0.001526,6.7676
-0.001373,6.7715
0.005951,6.7758
0.008545,6.7816
0.008392,6.7807
0.008392,6.7862
0.010071,6.7914
0.010834,6.796
0.010681,6.7963
0.010681,6.8002
0.008392,6.8069
0.008545,6.8109
0.010071,6.8109
0.00824,6.8149
0.00824,6.8207
0.010986,6.8204
0.01709,6.8262
0.02533,6.8292
0.045013,6.832
0.052032,6.8359
0.056763,6.8399
0.072174,6.8399
0.027924,6.8451
-0.008392,6.8494
-0.02121,6.8503
-0.011292,6.8546
-0.018921,6.8552
-0.026703,6.8597
-0.02594,6.8588
-0.02182,6.8643
-0.013885,6.8665
-0.011292,6.8701
-0.009918,6.8716
-0.009003,6.8741
-0.027924,6.8744
-0.07019,6.8793
-0.005646,6.8793
0.276947,6.8845
0.960236,6.8842
0.778656,6.8887
0.126038,6.8887
-0.331421,6.8884
-0.444489,6.8945
-0.319214,6.8933
-0.169525,6.8985
-0.102386,6.8985
-0.072632,6.8985
-0.054779,6.9043
-0.04303,6.9034
-0.034027,6.904
-0.02594,6.9083
-0.016327,6.908
-0.00885,6.9089
-0.003815,6.908
0.005341,6.9135
0.013275,6.9135
0.021973,6.9131
0.029449,6.9128
0.039368,6.9138
0.055695,6.9128
0.072784,6.9135
0.093994,6.9131
0.111084,6.9125
0.131989,6.9131
0.142212,6.9131
0.149841,6.9131
0.142365,6.9135
0.122681,6.9125
0.079651,6.9077
0.011597,6.9083
-0.059204,6.9086
-0.122986,6.9083
-0.164795,6.904
-0.184784,6.9034
-0.190125,6.8985
-0.181885,6.8994
-0.16983,6.8982
-0.155334,6.8939
-0.136719,6.8936
-0.121613,6.8887
-0.104675,6.8887
-0.094604,6.8872
-0.084686,6.8839
-0.074463,6.8842
-0.065308,6.8787
-0.056,6.879
-0.04837,6.8741
-0.040588,6.8747
-0.033417,6.8747
-0.031128,6.8695
-0.031128,6.8701
-0.031738,6.8701
-0.028381,6.8652
-0.023499,6.8646
-0.02121,6.8643
-0.023651,6.8597
-0.018768,6.8597
-0.019073,6.8597
-0.02121,6.8597
-0.016022,6.8542
-0.011444,6.8549
-0.00885,6.8546
-0.006256,6.8549
-0.004272,6.8546
-0.001678,6.8503
0.000916,6.85
0.00351,6.85
0.003357,6.85
0.005798,6.85
0.007935,6.8494
0.007782,6.85
0.00824,6.8506
0.016022,6.8448
0.015717,6.8451
0.013123,6.8448
0.018005,6.8448
0.018311,6.8457
0.015411,6.8442
0.015869,6.8457
0.020447,6.8451
0.020447,6.8445
0.020752,6.8451
0.022736,6.8445
0.020294,6.8506
0.020599,6.85
0.020599,6.85
0.020599,6.8497
0.020447,6.8506
0.020752,6.8506
0.020142,6.8497
0.018616,6.8497
0.023041,6.8503
0.034485,6.85
0.061035,6.8503
0.054474,6.8497
0.071564,6.8549
0.057068,6.8549
0.013885,6.8546
-0.009003,6.8546
-0.008698,6.8546
-0.006256,6.8549
-0.015564,6.8549
-0.02121,6.8552
-0.02121,6.8555
-0.02121,6.8549
-0.014648,6.8594
-0.00885,6.86
-0.008545,6.8591
-0.011444,6.8594
-0.062866,6.8594
-0.052948,6.86
0.107117,6.8591
0.640411,6.8591
1.039734,6.8597
0.391998,6.8597
-0.195923,6.861
-0.447693,6.8646
-0.342102,6.8643
-0.185089,6.8649
-0.109558,6.8646
-0.079498,6.8646
-0.057373,6.8646
-0.040894,6.8652
-0.030975,6.8646
-0.021362,6.864
-0.012054,6.8646
-0.003357,6.8643
0.005646,6.8643
0.01297,6.8646
0.018005,6.8643
0.023499,6.8646
0.033569,6.8643
0.044708,6.8652
0.054169,6.8643
0.070801,6.8649
0.090637,6.8594
0.111084,6.8594
0.133057,6.8594
0.15213,6.8604
0.159607,6.8549
0.157013,6.8546
0.141907,6.8506
0.103455,6.8497
0.044403,6.8454
-0.032806,6.8448
-0.105896,6.8399
-0.163269,6.8402
-0.197601,6.8359
-0.209045,6.8353
-0.209808,6.8307
-0.199738,6.8301
-0.184784,6.8253
-0.163574,6.8204
-0.145264,6.8207
-0.124512,6.8152
-0.106201,6.8164
-0.08728,6.8109
-0.079803,6.806
-0.070038,6.8066
-0.059967,6.8011
-0.052795,6.8011
-0.047913,6.7963
-0.040741,6.7963
-0.037994,6.7911
-0.035706,6.7911
-0.033417,6.7871
-0.03067,6.7868
-0.026245,6.781
-0.028381,6.7813
-0.028381,6.7761
-0.028229,6.7767
-0.02594,6.7767
-0.026093,6.7719
-0.023499,6.7715
-0.021057,6.7697
-0.018768,6.7673
-0.013885,6.7673
-0.008698,6.763
-0.00824,6.7624
-0.007019,6.7621
-0.001678,6.7581
0.000763,6.7578
0.00061,6.7572
0.000763,6.7578
0.005188,6.752
0.005646,6.752
0.005798,6.7523
0.008087,6.7471
0.00824,6.7474
0.008087,6.7471
0.00824,6.7426
0.008392,6.7422
0.010834,6.7426
0.008392,6.7377
0.010834,6.7377
0.013123,6.738
0.012817,6.7325
0.013123,6.7325
0.01297,6.7325
0.015717,6.7285
0.012817,6.7279
0.013123,6.727
0.01297,6.723
0.012817,6.7236
0.013885,6.7233
0.015411,6.7181
0.015717,6.7181
0.015259,6.7133
0.010681,6.7136
0.010529,6.7136
0.008392,6.7087
0.010529,6.7075
0.010681,6.709
0.018005,6.7035
0.033112,6.7029
0.059204,6.6986
0.05188,6.6992
0.068359,6.6937
0.046997,6.6934
0.002899,6.6934
-0.018616,6.6895
-0.016479,6.6888
-0.018005,6.6846
-0.025787,6.6809
-0.030975,6.6791
-0.031128,6.6745
-0.028534,6.6687
-0.023804,6.6638
-0.018616,6.6599
-0.016022,6.6553
-0.021515,6.6498
-0.079346,6.6449
-0.057983,6.64
0.1474,6.6351
0.762329,6.6299
1.012421,6.6251
0.264435,6.619
-0.318604,6.6107
-0.46814,6.6064
-0.343628,6.601
-0.180969,6.5958
-0.1091,6.586
-0.080414,6.5817
-0.062408,6.5759
-0.048676,6.5662
-0.035095,6.5619
-0.021515,6.5567
-0.011139,6.5475
-0.001526,6.543
0.008545,6.5326
0.017395,6.5277
0.023193,6.5182
0.027771,6.5131
0.032501,6.5027
0.044708,6.4951
0.061493,6.4862
0.079346,6.4792
0.101624,6.4688
0.127411,6.4587
0.149384,6.4478
0.167236,6.4352
0.176697,6.4249
0.174255,6.4157
0.157318,6.4008
0.117035,6.3907
0.053558,6.3763
-0.02655,6.3672
-0.107574,6.3525
-0.172729,6.3388
-0.213623,6.3284
-0.227356,6.3129
-0.229187,6.2979
-0.217133,6.2845
-0.202789,6.2708
-0.186615,6.257
-0.167847,6.2451
-0.146484,6.2299
-0.126495,6.2155
-0.109253,6.2018
-0.0914,6.1905
-0.079651,6.1768
-0.072937,6.163
-0.067596,6.152
-0.056,6.1389
-0.050507,6.1279
-0.04303,6.1179
-0.037689,6.1047
-0.034943,6.0941
-0.033417,6.084
-0.030518,6.0739
-0.028534,6.0638
-0.026245,6.0547
-0.023499,6.0446
-0.021667,6.04
-0.018921,6.0297
-0.016479,6.0214
-0.01358,6.0153
-0.011292,6.0062
-0.00885,6.0013
-0.006409,5.9952
-0.003967,5.9866
-0.001526,5.9814
0.000916,5.9766
0.003662,5.9711
0.003662,5.9668
0.003357,5.9579
0.005798,5.9525
0.006104,5.9473
0.008392,5.943
0.008087,5.9369
0.010529,5.9323
0.011139,5.9277
0.010834,5.9229
0.010681,5.9177
0.010681,5.9128
0.01297,5.9085
0.015564,5.9036
0.018311,5.8951
0.015717,5.8884
0.014954,5.8838
0.012817,5.8792
0.01297,5.874
0.012817,5.864
0.013123,5.8588
0.013123,5.8545
0.012665,5.8496
0.013428,5.8401
0.010681,5.835
0.010834,5.831
0.010529,5.8252
0.008545,5.8209
0.010681,5.8139
0.007935,5.8054
0.010681,5.8014
0.016479,5.7956
0.042267,5.7901
0.058594,5.7864
0.052032,5.7812
0.070648,5.7761
0.032196,5.7712
-0.00351,5.7669
-0.018768,5.7614
-0.018768,5.7574
-0.025787,5.752
-0.035858,5.7471
-0.038147,5.7425
-0.033264,5.7373
-0.028534,5.7324
-0.025787,5.7269
-0.021057,5.722
-0.018158,5.7178
-0.031433,5.7132
-0.091705,5.7083
-0.047302,5.704
0.244446,5.6989
0.962677,5.6937
0.885468,5.6888
0.098267,5.6833
-0.396423,5.6793
-0.443726,5.6735
-0.291138,5.6696
-0.154572,5.6644
-0.099945,5.657
-0.074921,5.6491
-0.059509,5.6448
-0.045929,5.6396
-0.032501,5.6348
-0.020294,5.6302
-0.011292,5.621
-0.001373,5.6155
0.00824,5.6097
0.0177,5.6049
0.024872,5.596
0.028381,5.5908
0.037231,5.5811
0.048065,5.5713
0.061188,5.5615
0.079041,5.5475
0.101318,5.5359
0.12619,5.5231
0.144501,5.5084
0.159149,5.4935
0.16922,5.477
0.169067,5.4599
0.150146,5.4443
0.110321,5.4303
0.044708,5.4108
-0.038452,5.3961
-0.115509,5.3778
-0.173187,5.3616
-0.207672,5.343
-0.223389,5.3268
-0.219574,5.3125
-0.209351,5.2945
-0.193481,5.2786
-0.17807,5.2646
-0.159607,5.2493
-0.139008,5.235
-0.120544,5.2203
-0.106354,5.2063
-0.094452,5.1962
-0.084076,5.1813
-0.072479,5.1712
-0.062866,5.1611
-0.055542,5.152
-0.049438,5.1422
-0.045624,5.1318
-0.040588,5.1218
-0.036011,5.116
-0.033569,5.1071
-0.028381,5.1028
-0.028839,5.0931
-0.023651,5.0888
-0.021362,5.0839
-0.021057,5.0797
-0.02121,5.0775
-0.018616,5.0732
-0.013885,5.0687
-0.011292,5.0699
-0.00885,5.065
-0.00412,5.0641
-0.001678,5.0598
0.001068,5.0601
0.000916,5.0595
0.003204,5.0595
0.007935,5.0601
0.00824,5.0598
0.010986,5.0595
0.010681,5.0601
0.010681,5.0601
0.010834,5.0595
0.01297,5.0601
0.013275,5.0595
0.015564,5.065
0.013733,5.0644
0.015564,5.0647
0.018005,5.0647
0.018005,5.069
0.017853,5.0696
0.018005,5.0699
0.015564,5.0748
0.015411,5.0745
0.014648,5.0757
0.012665,5.079
0.015717,5.079
0.015869,5.0836
0.015869,5.0833
0.018311,5.083
0.0177,5.0885
0.013123,5.0885
0.01297,5.0943
0.010834,5.0925
0.015411,5.0931
0.032654,5.098
0.061646,5.0983
0.053864,5.1022
0.073547,5.1035
0.051575,5.1025
0.01236,5.1074
-0.00885,5.1077
-0.011139,5.1126
-0.011292,5.1129
-0.021057,5.1126
-0.026245,5.1175
-0.023499,5.1175
-0.018463,5.1172
-0.016174,5.1227
-0.013885,5.1227
-0.011597,5.127
-0.023193,5.127
-0.086517,5.1279
-0.06958,5.1321
0.17868,5.1324
0.867615,5.1376
0.984344,5.137
0.216522,5.1419
-0.339661,5.1428
-0.462036,5.1474
-0.335541,5.1477
-0.179443,5.1517
-0.11322,5.152
-0.082703,5.1566
-0.06424,5.1614
-0.050812,5.1617
-0.036011,5.1666
-0.022583,5.1718
-0.011292,5.1758
-0.003967,5.1761
0.00061,5.1816
0.008087,5.1855
0.013275,5.1907
0.020447,5.1959
0.025177,5.2011
0.037689,5.2011
0.051422,5.2054
0.065002,5.2112
0.080719,5.2142
0.102997,5.2151
0.12619,5.2203
0.142975,5.22
0.153046,5.2255
0.154877,5.2298
0.145264,5.2301
0.112762,5.2344
0.056152,5.2347
-0.018921,5.2399
-0.094452,5.2396
-0.148773,5.2454
-0.186005,5.2496
-0.202179,5.2496
-0.20462,5.2542
-0.195007,5.2591
-0.182953,5.2646
-0.165558,5.2676
-0.148315,5.2701
-0.131989,5.278
-0.118103,5.2835
-0.101776,5.2884
-0.092163,5.293
-0.08255,5.3033
-0.070496,5.3085
-0.063171,5.3177
-0.056763,5.3235
-0.050659,5.332
-0.045624,5.3424
-0.043335,5.3519
-0.036011,5.361
-0.033417,5.3702
-0.033264,5.3802
-0.028687,5.39
-0.028534,5.4007
-0.028381,5.4099
-0.023499,5.4205
-0.021057,5.4306
-0.02121,5.4398
-0.014191,5.4501
-0.006104,5.4645
-0.006561,5.4733
-0.006409,5.4837
-0.00412,5.498
-0.001221,5.5081
0.00351,5.5194
0.003357,5.5316
0.005646,5.542
0.00824,5.5569
0.013123,5.5664
0.010529,5.5801
0.010681,5.5908
0.013123,5.6061
0.015259,5.6155
0.015411,5.6299
0.018005,5.6454
0.018005,5.6583
0.013123,5.6729
0.010681,5.6854
0.012817,5.6992
0.0177,5.7141
0.015564,5.7312
0.018158,5.748
0.018158,5.7623
0.017548,5.7764
0.018005,5.7919
0.0177,5.8102
0.018005,5.8252
0.015717,5.8414
0.022736,5.8585
0.034637,5.8734
0.055542,5.892
0.052032,5.9085
0.068817,5.9225
0.05127,5.9412
0.011139,5.957
-0.011139,5.9714
-0.008545,5.9897
-0.008698,6.0062
-0.017242,6.0202
-0.021515,6.037
-0.016327,6.0538
-0.014038,6.0696
-0.012817,6.0843
-0.006409,6.0992
-0.009003,6.1145
-0.029297,6.1313
-0.08728,6.1469
-0.053101,6.1618
0.204315,6.1768
0.894775,6.192
0.838165,6.2048
0.225067,6.2207
-0.26474,6.2347
-0.448914,6.2488
-0.404968,6.2616
-0.166779,6.2744
-0.114136,6.2891
-0.070496,6.304
-0.057831,6.3141
-0.04303,6.3281
-0.032349,6.3422
-0.023956,6.3513
-0.011292,6.3672
-0.003967,6.376
-0.001678,6.3861
0.005798,6.3995
0.010986,6.4102
0.015564,6.4209
0.025024,6.4291
0.036011,6.4401
0.045624,6.4444
0.060425,6.4545
0.081024,6.4639
0.097961,6.4694
0.112457,6.4761
0.125427,6.4841
0.125427,6.4886
0.122986,6.4941
0.109711,6.4984
0.073242,6.5027
0.019684,6.5091
-0.042267,6.5131
-0.094147,6.5176
-0.133209,6.5228
-0.155792,6.5231
-0.160065,6.5277
-0.155792,6.5323
-0.143585,6.5335
-0.134125,6.5381
-0.121765,6.5372
-0.112305,6.543
-0.099335,6.543
-0.085144,6.5469
-0.077057,6.5475
-0.070038,6.5527
-0.062714,6.5527
-0.055695,6.557
-0.048676,6.557
-0.04303,6.557
-0.042419,6.5622
-0.036163,6.5622
-0.030975,6.5665
-0.028687,6.5674
-0.028534,6.5717
-0.02594,6.5771
-0.025787,6.5768
-0.021515,6.5814
-0.018768,6.5811
-0.013885,6.5866
-0.011444,6.5918
-0.006409,6.5918
-0.006714,6.5961
-0.006409,6.6013
-0.006561,6.6016
-0.003204,6.6064
0.000763,6.6113
0.00061,6.6104
0.005646,6.6153
0.005798,6.6205
0.00824,6.6241
0.005798,6.6254
0.008545,6.6309
0.010681,6.6348
0.013275,6.6348
0.010834,6.6406
0.013123,6.6446
0.014648,6.6476
0.01297,6.6498
0.013123,6.6544
0.013123,6.6599
0.01297,6.6592
0.01358,6.6644
0.015411,6.669
0.024872,6.6724
0.040436,6.6739
0.050201,6.6791
0.047913,6.684
0.065308,6.6837
0.029449,6.6888
-0.005188,6.6925
-0.02121,6.6934
-0.00885,6.6986
-0.013733,6.6986
-0.024414,6.7029
-0.029144,6.7038
-0.023804,6.7084
-0.018921,6.709
-0.016174,6.7139
-0.013733,6.7139
-0.011139,6.7154
-0.038757,6.7184
-0.076447,6.7181
-0.000916,6.72
0.323792,6.7227
1.004028,6.7227
0.709991,6.7236
0.076294,6.727
-0.348053,6.7276
-0.43869,6.7279
-0.305634,6.7285
-0.159454,6.7273
-0.096283,6.7276
-0.069885,6.7279
-0.050964,6.7279
-0.036163,6.7276
-0.026245,6.7273
-0.014191,6.7276
-0.008087,6.7291
0.000458,6.7276
0.008087,6.7288
0.010681,6.7282
0.015717,6.7288
0.02533,6.7282
0.03479,6.7224
0.042114,6.7227
0.056458,6.7227
0.076294,6.7175
0.098267,6.7181
0.117645,6.713
0.137177,6.713
0.149384,6.7078
0.154572,6.7041
0.149536,6.7017
0.126953,6.6986
0.084839,6.6934
0.023651,6.6888
-0.050812,6.6837
-0.114594,6.6797
-0.156555,6.6748
-0.184937,6.6736
-0.192413,6.6693
-0.187531,6.6644
-0.175476,6.6595
-0.160217,6.6553
-0.142212,6.6498
-0.126801,6.6446
-0.111694,6.6403
-0.101776,6.6354
-0.092163,6.6312
-0.082092,6.626
-0.072479,6.6254
-0.064087,6.6205
-0.053101,6.6156
-0.048065,6.611
-0.043335,6.6058
-0.040894,6.6064
-0.036163,6.601
-0.033264,6.5961
-0.030975,6.5967
-0.028687,6.5912
-0.02594,6.5863
-0.026093,6.586
-0.023804,6.5814
-0.020905,6.5814
-0.013885,6.5768
-0.011292,6.5768
-0.011444,6.5717
-0.00885,6.572
-0.006409,6.5671
-0.001678,6.5677
0.00061,6.5668
0.001068,6.5622
0.003815,6.5619
0.005646,6.557
0.005798,6.5573
0.005798,6.5527
0.005493,6.5521
0.007935,6.5527
0.007935,6.5479
0.008392,6.5479
0.015564,6.543
0.01297,6.543
0.015106,6.5375
0.018005,6.5381
0.018158,6.5326
0.013275,6.5329
0.013428,6.5271
0.013123,6.5274
0.010376,6.5228
0.010529,6.5228
0.013275,6.517
0.015411,6.5179
0.010529,6.5134
0.008087,6.5094
0.010529,6.5079
0.023041,6.5027
0.046844,6.503
0.054321,6.4987
0.053101,6.4935
0.059662,6.4886
0.014801,6.4886
-0.010834,6.4844
-0.018768,6.4789
-0.00885,6.474
-0.017395,6.4694
-0.026093,6.4645
-0.026245,6.4636
-0.02121,6.4594
-0.016479,6.4542
-0.012665,6.449
-0.009003,6.4447
-0.008698,6.4398
-0.052795,6.4343
-0.072327,6.4307
0.039673,6.4249
0.457916,6.4212
1.06842,6.4203
0.661163,6.4157
-0.038452,6.4111
-0.421143,6.4056
-0.425873,6.4014
-0.263367,6.3965
-0.139465,6.391
-0.091248,6.3861
-0.069122,6.3824
-0.051575,6.3809
-0.0383,6.3763
-0.031128,6.3718
-0.020142,6.3672
-0.007172,6.3623
0.003204,6.3568
0.010834,6.3516
0.017853,6.3474
0.023041,6.3431
0.03006,6.3373
0.039673,6.333
0.052185,6.3232
0.066528,6.3177
0.086823,6.308
0.108948,6.2988
0.130157,6.2903
0.146179,6.2805
0.160522,6.2701
0.164337,6.2595
0.157318,6.25
0.131989,6.2357
0.083618,6.2256
0.014038,6.2103
-0.062103,6.1996
-0.129242,6.1859
-0.17868,6.1719
-0.204468,6.1603
-0.214539,6.1472
-0.209351,6.1325
-0.195007,6.1215
-0.177917,6.1081
-0.158234,6.0947
-0.138702,6.084
-0.121613,6.0699
-0.109253,6.0583
-0.094757,6.0449
-0.08255,6.0355
-0.070801,6.0248
-0.062714,6.0156
-0.054321,6.0037
-0.047913,5.9918
-0.043182,5.9827
-0.040894,5.975
-0.035858,5.9665
-0.031128,5.9561
-0.028229,5.9476
-0.028839,5.9424
-0.031128,5.9332
-0.028229,5.9268
-0.026398,5.9183
-0.02594,5.9128
-0.022888,5.9085
-0.02121,5.903
-0.019073,5.8948
-0.016327,5.8893
-0.016022,5.8841
-0.011597,5.8801
-0.00885,5.8789
-0.006561,5.874
-0.003967,5.8691
-0.00412,5.8636
-0.001984,5.8627
0.000916,5.8591
0.005951,5.8548
0.005493,5.8551
0.005493,5.8502
0.008392,5.8447
0.007782,5.8453
0.010529,5.8398
0.013123,5.8395
0.010681,5.835
0.010681,5.8298
0.012817,5.8301
0.012817,5.8243
0.015411,5.8197
0.015411,5.8203
0.015564,5.8163
0.012817,5.8105
0.01297,5.8008
0.013123,5.7959
0.015717,5.7904
0.015564,5.7812
0.012817,5.7764
0.013123,5.7666
0.01297,5.762
0.012512,5.751
0.023041,5.7431
0.045319,5.7349
0.063934,5.7281
0.049286,5.7178
0.06424,5.708
0.026855,5.6985
-0.006409,5.6894
-0.021362,5.6802
-0.011444,5.6738
-0.013733,5.6644
-0.023804,5.6546
-0.030823,5.6442
-0.028534,5.6351
-0.022278,5.6259
-0.016327,5.6192
-0.011597,5.6107
-0.009003,5.6
-0.015869,5.5917
-0.073242,5.5856
-0.06485,5.5762
0.132141,5.5667
0.743408,5.5618
1.054535,5.5521
0.320587,5.5469
-0.293121,5.5374
-0.462646,5.5319
-0.349731,5.5231
-0.187683,5.5179
-0.115814,5.513
-0.088806,5.5035
-0.071869,5.4984
-0.053253,5.4929
-0.040588,5.4843
-0.033417,5.4785
-0.020142,5.4742
-0.006561,5.4675
0.000763,5.4596
0.010529,5.4544
0.020599,5.4492
0.025024,5.4395
0.033112,5.43
0.042267,5.4199
0.056,5.408
0.073853,5.3955
0.093536,5.3818
0.116882,5.3662
0.140228,5.3491
0.157013,5.3326
0.164642,5.3137
0.159302,5.2979
0.142517,5.2783
0.106354,5.2594
0.046082,5.2402
-0.031586,5.2209
-0.105591,5.2014
-0.159912,5.1834
-0.194092,5.1672
-0.206604,5.1477
-0.207062,5.1276
-0.197449,5.108
-0.185394,5.0906
-0.166473,5.0742
-0.148773,5.0571
-0.129089,5.04
-0.111694,5.0259
-0.097046,5.0107
-0.084839,4.9933
-0.072784,4.9823
-0.065155,4.967
-0.057983,4.9521
-0.052948,4.9429
-0.046082,4.9289
-0.040894,4.9191
-0.0383,4.9084
-0.033112,4.899
-0.031128,4.8914
-0.028229,4.8843
-0.023956,4.8746
-0.02121,4.8691
-0.021057,4.8642
-0.021362,4.8596
-0.018921,4.8544
-0.018616,4.8526
-0.016327,4.8495
-0.011444,4.8505
-0.00885,4.8456
-0.009155,4.845
-0.006561,4.8499
-0.00412,4.8502
-0.00412,4.8499
0.000458,4.8553
0.003204,4.8602
0.00824,4.8621
0.010834,4.8688
0.010681,4.8743
0.010986,4.8788
0.013123,4.884
0.012817,4.8935
0.015869,4.9008
0.014038,4.9088
0.010529,4.9182
0.010529,4.9277
0.010834,4.9374
0.015717,4.9472
0.012817,4.9567
0.01297,4.9677
0.015717,4.9771
0.015869,4.9911
0.01297,5.0009
0.015564,5.0113
0.015411,5.0256
0.015411,5.0354
0.011292,5.0497
0.008087,5.0616
0.012512,5.0751
0.020447,5.0873
0.043793,5.098
0.051575,5.1126
0.046997,5.1276
0.065002,5.1419
0.025787,5.1559
-0.005798,5.1691
-0.023499,5.1837
-0.011444,5.1956
-0.018158,5.2103
-0.027771,5.2246
-0.028687,5.2393
-0.030975,5.2539
-0.021362,5.2689
-0.016174,5.2835
-0.00885,5.2979
-0.009155,5.3131
-0.030518,5.3275
-0.079803,5.3415
-0.032959,5.3574
0.259705,5.3714
0.973053,5.3857
0.779877,5.4034
0.111847,5.419
-0.346985,5.4349
-0.449982,5.4498
-0.324554,5.4688
-0.176849,5.4825
-0.109558,5.5032
-0.078278,5.5179
-0.06012,5.5374
-0.04425,5.556
-0.030823,5.5713
-0.019684,5.5914
-0.011749,5.6107
-0.006256,5.6299
-0.001221,5.6497
0.008087,5.6693
0.01297,5.6882
0.020294,5.7077
0.027618,5.7266
0.036774,5.7443
0.051727,5.762
0.068359,5.7812
0.087891,5.8002
0.105896,5.8157
0.122986,5.8325
0.134888,5.8505
0.139008,5.8633
0.135345,5.8789
0.122833,5.8942
0.093842,5.9085
0.036621,5.9222
-0.032501,5.9369
-0.093842,5.9515
-0.138092,5.9616
-0.165558,5.9766
-0.170288,5.9891
-0.170746,6.0013
-0.162811,6.0107
-0.148621,6.0245
-0.13092,6.0355
-0.116272,6.0452
-0.104523,6.059
-0.094604,6.0693
-0.080566,6.0782
-0.075073,6.0889
-0.067596,6.0995
-0.052948,6.1081
-0.048065,6.1179
-0.040894,6.1279
-0.036163,6.1383
-0.035706,6.1478
-0.030975,6.1566
-0.028534,6.167
-0.030975,6.1765
-0.02594,6.189
-0.028076,6.1984
-0.026245,6.2103
-0.02594,6.2195
-0.026398,6.2302
-0.02121,6.2396
-0.016479,6.2497
-0.011444,6.2601
-0.014038,6.2695
-0.011444,6.279
-0.011597,6.2885
-0.009613,6.2988
-0.004272,6.3086
-0.001678,6.3181
0.000916,6.3284
0.00351,6.337
0.001373,6.3467
0.005646,6.3574
0.008087,6.3663
0.010834,6.376
0.013123,6.3861
0.015869,6.3956
0.015411,6.4047
0.013123,6.4108
0.010681,6.4209
0.013123,6.4301
0.011292,6.4407
0.010681,6.4471
0.008087,6.4545
0.012207,6.4639
0.012817,6.4722
0.022278,6.4786
0.029602,6.489
0.048523,6.4941
0.046692,6.503
0.059509,6.5076
0.055237,6.5173
0.011292,6.5222
-0.011902,6.528
-0.014648,6.5378
-0.006561,6.5414
-0.018005,6.55
-0.023651,6.5573
-0.02182,6.5622
-0.018616,6.5665
-0.01358,6.5765
-0.010986,6.5817
-0.006409,6.5869
-0.003815,6.5915
-0.05249,6.6016
-0.07019,6.6061
0.034943,6.6107
0.446014,6.6159
1.022034,6.6229
0.574188,6.6299
-0.006561,6.6351
-0.384216,6.64
-0.421143,6.6449
-0.273285,6.6498
-0.1474,6.6568
-0.092773,6.6641
-0.066071,6.6693
-0.046539,6.6739
-0.035858,6.6797
-0.028839,6.6837
-0.018616,6.6937
-0.009613,6.6983
-0.00412,6.7032
0.001068,6.7075
0.005951,6.7139
0.015869,6.7184
0.022888,6.7236
0.032654,6.7285
0.044098,6.7334
0.05722,6.7328
0.070496,6.7377
0.084076,6.7422
0.102692,6.7471
0.120544,6.7474
0.127716,6.7526
0.129852,6.752
0.123138,6.7575
0.101624,6.7572
0.061951,6.7572
0.002289,6.7615
-0.061951,6.7621
-0.111847,6.7612
-0.146179,6.7621
-0.160675,6.7664
-0.163116,6.7673
-0.15564,6.767
-0.145874,6.767
-0.133667,6.7667
-0.114441,6.7667
-0.10437,6.7667
-0.094452,6.7673
-0.084839,6.7667
-0.072937,6.7667
-0.062714,6.767
-0.052948,6.767
-0.047913,6.7676
-0.045624,6.7676
-0.043488,6.7676
-0.043182,6.7673
-0.038452,6.7664
-0.038452,6.767
-0.033417,6.7661
-0.033264,6.767
-0.025635,6.7676
-0.023651,6.7676
-0.022888,6.767
-0.02121,6.7673
-0.016022,6.7673
-0.013733,6.767
-0.006409,6.7676
-0.006561,6.7673
-0.003967,6.7667
-0.006561,6.7673
-0.003967,6.767
-0.003815,6.7664
0.001068,6.7667
0.003204,6.7664
0.003204,6.767
0.005798,6.7673
0.005951,6.7673
0.008545,6.7667
0.008392,6.7676
0.010376,6.767
0.005798,6.7673
0.006256,6.7673
0.010681,6.7676
0.015869,6.7615
0.015411,6.7615
0.017853,6.7627
0.015717,6.7621
0.015717,6.7621
0.015564,6.7618
0.018005,6.7581
0.02594,6.7572
0.052185,6.7572
0.056915,6.7575
0.056152,6.7578
0.059814,6.7529
0.011444,6.7523
-0.013885,6.7517
-0.016174,6.7523
-0.006409,6.7487
-0.013123,6.7474
-0.020905,6.748
-0.023346,6.7484
-0.018768,6.7426
-0.013885,6.7426
-0.006561,6.7422
-0.001678,6.7426
0.000916,6.738
-0.020294,6.7374
-0.067749,6.7377
-0.00824,6.7328
0.271606,6.7334
0.957489,6.7334
0.813293,6.7276
0.101318,6.7282
-0.360413,6.7279
-0.439911,6.7227
-0.305023,6.7227
-0.15976,6.7184
-0.100555,6.7184
-0.072479,6.713
-0.054932,6.713
-0.040741,6.709
-0.03067,6.7081
-0.02121,6.7032
-0.011597,6.7041
-0.001221,6.6986
0.007782,6.6934
0.015869,6.6937
0.023041,6.6885
0.026703,6.6843
0.037842,6.6791
0.048676,6.6751
0.066681,6.6693
0.085144,6.6641
0.107269,6.6595
0.127869,6.651
0.146484,6.6452
0.159912,6.6348
0.164337,6.6306
0.159302,6.6211
0.135956,6.6113
0.089722,6.6016
0.021362,6.5918
-0.054932,6.5811
-0.123138,6.5729
-0.172424,6.5625
-0.19989,6.5527
-0.211029,6.5402
-0.206909,6.5283
-0.192413,6.5179
-0.175323,6.5082
-0.156403,6.4984
-0.136108,6.4886
-0.12146,6.4798
-0.104065,6.4667
-0.089722,6.4572
-0.075836,6.4471
-0.067596,6.4374
-0.055389,6.4307
-0.050354,6.42
-0.045624,6.4108
-0.03891,6.4014
-0.033264,6.3913
-0.033417,6.3858
-0.028687,6.377
-0.02594,6.3672
-0.030975,6.3614
-0.031281,6.355
-0.028687,6.3467
-0.026245,6.3422
-0.02594,6.3354
-0.023499,6.3275
-0.021515,6.3235
-0.018158,6.319
-0.011902,6.3135
-0.011597,6.3086
-0.009155,6.3031
-0.007019,6.2991
-0.006409,6.2946
-0.006256,6.2888
-0.003967,6.2885
-0.001526,6.2842
0.003204,6.2781
0.008087,6.2799
0.008392,6.2738
0.005646,6.2698
0.007935,6.2683
0.009766,6.2643
0.013123,6.2595
0.015564,6.2598
0.01297,6.2552
0.010681,6.2549
0.015411,6.2497
0.015717,6.2497
0.013275,6.2451
0.013275,6.2457
0.015717,6.2405
0.013428,6.2405
0.011292,6.2347
0.010834,6.2357
0.010834,6.2347
0.013123,6.2311
0.01297,6.2302
0.010681,6.2259
0.010681,6.2259
0.010529,6.2207
0.013123,6.2207
0.013123,6.2207
0.01297,6.2158
0.010681,6.2158
0.013123,6.2109
0.028076,6.2109
0.056915,6.2061
0.051575,6.2057
0.061035,6.2018
0.056763,6.1984
0.00885,6.1966
-0.016174,6.1917
-0.018768,6.1914
-0.016022,6.1862
-0.026093,6.1865
-0.033264,6.1816
-0.033569,6.1761
-0.028534,6.1761
-0.023499,6.1719
-0.018616,6.1667
-0.018311,6.1664
-0.011292,6.1615
-0.035706,6.1575
-0.079956,6.1566
-0.000916,6.152
0.338287,6.1472
1.042633,6.1426
0.739746,6.142
-0.020752,6.1377
-0.429382,6.1322
-0.423279,6.1279
-0.259857,6.123
-0.13916,6.1188
-0.095215,6.116
-0.071106,6.1105
-0.055237,6.1044
-0.040588,6.0989
-0.030975,6.0931
-0.020905,6.0889
-0.009613,6.0846
0.00351,6.0785
0.008698,6.0745
0.017242,6.0648
0.024414,6.0599
0.032501,6.0541
0.044861,6.0449
0.059204,6.0355
0.073395,6.0263
0.092621,6.0156
0.110321,6.0013
0.13031,5.9888
0.148926,5.9772
0.159607,5.9619
0.164642,5.9473
0.157166,5.9305
0.134888,5.9137
0.089569,5.8984
0.019073,5.8838
-0.061646,5.8676
-0.130615,5.8505
-0.177612,5.835
-0.207062,5.8203
-0.218353,5.8026
-0.212708,5.7864
-0.199585,5.7712
-0.185699,5.7568
-0.165253,5.7425
-0.146484,5.7275
-0.127258,5.7132
-0.110168,5.6992
-0.093842,5.6885
-0.082703,5.6741
-0.072632,5.6647
-0.063171,5.65
-0.055237,5.6396
-0.049133,5.6299
-0.043182,5.6201
-0.033264,5.6104
-0.033264,5.6012
-0.033112,5.596
-0.030823,5.5856
-0.033264,5.5811
-0.03067,5.5716
-0.028687,5.5664
-0.028381,5.5615
-0.02594,5.5569
-0.023651,5.5518
-0.021362,5.5469
-0.018921,5.5423
-0.016174,5.5423
-0.014038,5.5374
-0.013733,5.5371
-0.011139,5.5322
-0.00885,5.5328
-0.003815,5.5328
-0.001373,5.527
0.000916,5.5267
0.001068,5.527
0.00061,5.527
0.005951,5.5283
0.005493,5.5273
0.008087,5.5276
0.008392,5.5283
0.010681,5.5276
0.010529,5.528
0.01297,5.5283
0.01297,5.5325
0.013123,5.5328
0.015411,5.5328
0.008087,5.5322
0.013428,5.5319
0.015564,5.5322
0.015411,5.5328
0.013123,5.5322
0.010681,5.5328
0.010681,5.5328
0.013428,5.5331
0.01297,5.5374
0.012817,5.5377
0.010834,5.5377
0.010834,5.538
0.008087,5.5377
0.00824,5.5374
0.008087,5.5374
0.005646,5.5374
0.008087,5.5377
0.007782,5.5377
0.008087,5.5377
0.010223,5.538
0.00824,5.5371
0.011139,5.5374
0.024872,5.5374
0.056763,5.5371
0.052032,5.538
0.065918,5.5377
0.057373,5.5374
0.011292,5.5374
-0.016022,5.5374
-0.014648,5.5368
-0.013885,5.5377
-0.02594,5.5374
-0.030975,5.5374
-0.028381,5.5374
-0.026093,5.5371
-0.023804,5.5423
-0.021362,5.5417
-0.016327,5.542
-0.013885,5.5444
-0.034332,5.5469
-0.087128,5.5472
-0.030518,5.5515
0.282745,5.5524
1.011963,5.5573
0.789185,5.5624
0.062103,5.5612
-0.38208,5.5664
-0.437317,5.5713
-0.290222,5.5768
-0.15625,5.5814
-0.104065,5.5826
-0.077057,5.5859
-0.056152,5.5914
-0.040588,5.5957
-0.033417,5.6036
-0.023651,5.61
-0.015869,5.6155
-0.003967,5.6198
-0.001373,5.6256
0.000763,5.6296
0.011139,5.6348
0.020447,5.6415
0.027924,5.6491
0.037994,5.6543
0.052032,5.6598
0.06958,5.6644
0.083771,5.6689
0.105896,5.6738
0.122223,5.6787
0.137634,5.6839
0.144958,5.6894
0.140076,5.6937
0.115814,5.6985
0.076904,5.7022
0.016174,5.7077
-0.054932,5.7129
-0.115967,5.7178
-0.16449,5.722
-0.19165,5.7281
-0.199585,5.7324
-0.192413,5.7373
-0.180817,5.7425
-0.167694,5.7465
-0.153503,5.752
-0.138245,5.7611
-0.118713,5.7669
-0.106659,5.7718
-0.094604,5.7764
-0.083313,5.7867
-0.072937,5.791
-0.062561,5.8011
-0.054016,5.8078
-0.043182,5.8151
-0.036469,5.8246
-0.033417,5.835
-0.030975,5.8447
-0.02594,5.8572
-0.030823,5.8682
-0.028534,5.8795
-0.023804,5.8881
-0.023956,5.9027
-0.02121,5.9131
-0.018921,5.9232
-0.016327,5.9375
-0.011444,5.9464
-0.016174,5.9613
-0.009155,5.9708
-0.006561,5.9863
-0.002136,5.9961
-0.003967,6.0107
-0.006409,6.0245
-0.006561,6.0349
-0.003662,6.0498
0.003204,6.0632
0.005951,6.0736
0.00824,6.0892
0.005951,6.1035
0.005798,6.116
0.010529,6.1279
0.010834,6.1426
0.01358,6.1563
0.015717,6.1691
0.013275,6.1816
0.018005,6.196
0.022736,6.2112
0.020294,6.2231
0.015869,6.2354
0.015411,6.2503
0.018005,6.2643
0.015717,6.2744
0.015869,6.2888
0.015106,6.2988
0.015411,6.3129
0.015411,6.3226
0.013123,6.3373
0.010376,6.347
0.010681,6.358
0.020294,6.3712
0.034485,6.3812
0.046844,6.3916
0.042267,6.4011
0.060577,6.4105
0.046997,6.4203
0.001678,6.4301
-0.020447,6.4398
-0.01358,6.4493
-0.011444,6.4597
-0.021057,6.4691
-0.023651,6.4767
-0.018921,6.4841
-0.018616,6.4935
-0.012207,6.5024
-0.006256,6.5076
0.000763,6.5182
-0.004272,6.5225
-0.054321,6.5326
-0.072174,6.5369
0.037689,6.5479
0.458832,6.5518
1.026459,6.5625
0.578766,6.568
0.009155,6.5717
-0.370941,6.5823
-0.420685,6.586
-0.280457,6.5912
-0.152893,6.5955
-0.099945,6.6061
-0.072021,6.6107
-0.058136,6.6156
-0.041656,6.6202
-0.033417,6.6254
-0.024109,6.6293
-0.018463,6.6379
-0.014038,6.6443
-0.002289,6.6498
0.000763,6.6553
0.008392,6.6592
0.013275,6.6599
0.020447,6.6638
0.030212,6.6687
0.044861,6.6739
0.059357,6.6751
0.079193,6.6788
0.096283,6.6849
0.114441,6.6846
0.127106,6.6888
0.130157,6.6898
0.122375,6.6882
0.103149,6.6937
0.062256,6.6937
0.00824,6.6937
-0.054779,6.6937
-0.10849,6.6986
-0.140686,6.6989
-0.160522,6.6992
-0.163269,6.6983
-0.15625,6.6989
-0.140839,6.6986
-0.1297,6.6983
-0.116425,6.6986
-0.101929,6.698
-0.087433,6.7032
-0.077057,6.7038
-0.070038,6.7032
-0.060425,6.7035
-0.048523,6.7032
-0.043335,6.7041
-0.043182,6.7035
-0.040741,6.7044
-0.033264,6.7035
-0.030975,6.7038
-0.030518,6.7038
-0.026855,6.7035
-0.023956,6.7081
-0.02121,6.709
-0.018768,6.709
-0.019073,6.7099
-0.018768,6.7084
-0.016327,6.7081
-0.01358,6.7084
-0.011139,6.7081
-0.010986,6.7087
-0.011597,6.709
-0.006866,6.7093
-0.006714,6.7096
-0.003815,6.7087
-0.001526,6.7096
-0.001526,6.7081
0.000916,6.7078
0.003357,6.709
0.003357,6.7084
0.00824,6.7084
0.008392,6.7084
0.009003,6.7096
0.008087,6.7093
0.007935,6.7093
0.01297,6.709
0.010834,6.7081
0.010834,6.7041
0.010529,6.7044
0.015564,6.7035
0.015717,6.7038
0.018005,6.7035
0.015259,6.7038
0.013275,6.6989
0.015564,6.6986
0.018005,6.6986
0.015411,6.6983
0.013885,6.6934
0.018005,6.6937
0.030212,6.6937
0.059357,6.6931
0.057526,6.6937
0.061646,6.6882
0.069427,6.6888
0.023651,6.6888
-0.006561,6.6888
-0.014038,6.684
-0.009308,6.684
-0.020294,6.6843
-0.030365,6.6837
-0.03067,6.6843
-0.028534,6.6791
-0.023651,6.6791
-0.023956,6.6788
-0.023651,6.6797
-0.018616,6.6748
-0.040283,6.6739
-0.072479,6.6754
0.004272,6.6739
0.329437,6.6687
1.024017,6.6696
0.730743,6.669
0.036926,6.665
-0.389862,6.6647
-0.437012,6.6641
-0.294342,6.6595
-0.157166,6.6599
-0.102386,6.6595
-0.075226,6.6547
-0.057526,6.6547
-0.041504,6.6504
-0.028534,6.6492
-0.016022,6.6452
-0.003967,6.6455
0.003204,6.64
0.010681,6.64
0.018005,6.6357
0.023041,6.6312
0.030212,6.6306
0.039368,6.6251
0.044708,6.6202
0.059052,6.6159
0.076294,6.6107
0.10025,6.6061
0.127106,6.6003
0.144653,6.5958
0.157013,6.5866
0.159607,6.5811
0.156708,6.5726
0.130615,6.5665
0.084381,6.5576
0.015869,6.5488
-0.059814,6.5433
-0.128174,6.5326
-0.176849,6.5234
-0.202332,6.5137
-0.211945,6.5054
-0.207062,6.499
-0.194702,6.489
-0.175781,6.4795
-0.157928,6.4694
-0.138092,6.4615
-0.119629,6.4548
-0.104065,6.4447
-0.088501,6.4355
-0.073395,6.431
-0.065308,6.4203
-0.057678,6.4154
-0.050354,6.4062
-0.045776,6.4008
-0.045319,6.3907
-0.040436,6.3867
-0.038452,6.3806
-0.033264,6.3727
-0.030975,6.3669
-0.028534,6.3614
-0.026245,6.3565
-0.025787,6.3519
-0.028534,6.3467
-0.023499,6.3428
-0.018311,6.3397
-0.016327,6.3373
-0.016022,6.3321
-0.016174,6.3284
-0.011139,6.3281
-0.006409,6.3232
-0.00412,6.3232
-0.003662,6.3177
-0.003815,6.3177
-0.001984,6.3141
-0.001221,6.3132
0.003204,6.3086
0.010681,6.3089
0.008087,6.3086
0.00824,6.3028
0.008087,6.3031
0.010681,6.3037
0.008392,6.3028
0.013275,6.2991
0.01297,6.2985
0.012817,6.2982
0.015106,6.2988
0.013275,6.2985
0.010986,6.2939
0.010529,6.2939
0.012817,6.2946
0.01297,6.2927
0.010681,6.2943
0.010529,6.2939
0.010681,6.2888
0.013123,6.2881
0.010834,6.2885
0.012665,6.2878
0.010681,6.2881
0.00824,6.2881
0.007935,6.2836
0.009003,6.2833
0.005341,6.2833
0.008545,6.2842
0.00824,6.2842
0.005341,6.2839
0.007782,6.2839
0.017853,6.2799
0.039825,6.279
0.059204,6.279
0.052032,6.2793
0.070801,6.2744
0.035706,6.2738
-0.001984,6.2744
-0.016327,6.2741
-0.011749,6.2689
-0.018921,6.2695
-0.030212,6.2686
-0.035248,6.2695
-0.033112,6.264
-0.030975,6.2646
-0.02594,6.2592
-0.023804,6.2595
-0.021057,6.257
-0.023651,6.2543
-0.074615,6.2506
-0.067902,6.2497
0.117035,6.2448
0.687866,6.2445
1.074677,6.2402
0.36377,6.2375
-0.26535,6.2354
-0.466156,6.2305
-0.36499,6.2256
-0.199127,6.225
-0.119629,6.2198
-0.087128,6.2152
-0.070496,6.2109
-0.053101,6.2057
-0.038147,6.2009
-0.028992,6.1963
-0.018311,6.1914
-0.003815,6.1865
0.005341,6.181
0.015564,6.1768
0.022736,6.1716
0.027618,6.167
0.036621,6.1569
0.043945,6.1523
0.056763,6.1423
0.073395,6.1334
0.093842,6.1221
0.114288,6.1127
0.136719,6.0983
0.154419,6.0889
0.164185,6.0742
0.164642,6.0599
0.155029,6.0455
0.124969,6.0309
0.067139,6.0162
-0.01297,6.0016
-0.091858,5.9872
-0.155029,5.9714
-0.192261,5.9561
-0.21347,5.9424
-0.214081,5.928
-0.210114,5.9128
-0.197296,5.8984
-0.18219,5.8832
-0.165405,5.8698
-0.145874,5.8566
-0.124359,5.8447
-0.107574,5.8301
-0.092316,5.817
-0.079651,5.8047
-0.065918,5.7932
-0.057983,5.7809
-0.050812,5.7715
-0.045624,5.7623
-0.043182,5.752
-0.038605,5.7416
-0.035858,5.7324
-0.030975,5.7233
-0.030823,5.7181
-0.028534,5.708
-0.026093,5.7031
-0.026245,5.6931
-0.022278,5.6888
-0.021057,5.6808
-0.021362,5.6738
-0.016479,5.6689
-0.011444,5.6644
-0.009003,5.6592
-0.00885,5.6543
-0.007172,5.6497
-0.003815,5.6448
-0.004272,5.6436
-0.001526,5.64
-0.001526,5.6354
0.000916,5.6345
0.003052,5.6299
0.005646,5.6253
0.008087,5.6259
0.010681,5.6201
0.012817,5.6201
0.015564,5.6158
0.012817,5.6128
0.013123,5.6091
0.013275,5.6061
0.013123,5.6052
0.01297,5.6015
0.01297,5.6006
0.013123,5.596
0.01297,5.596
0.010529,5.5911
0.013123,5.5911
0.015564,5.5862
0.015564,5.5862
0.015564,5.5811
0.015411,5.5807
0.015564,5.5768
0.01297,5.5756
0.012817,5.5722
0.010681,5.5713
0.013123,5.5719
0.013123,5.5664
0.012817,5.5667
0.010529,5.5621
0.010376,5.5618
0.008087,5.5615
0.018158,5.5569
0.039368,5.5569
0.06134,5.5573
0.049591,5.5521
0.068817,5.5527
0.042267,5.5527
0.001068,5.5521
-0.019226,5.5472
-0.018921,5.5463
-0.021362,5.5475
-0.028381,5.5469
-0.030823,5.5423
-0.028687,5.5423
-0.023651,5.5423
-0.021362,5.5423
-0.018768,5.5417
-0.016174,5.5417
-0.016174,5.5371
-0.06485,5.538
-0.08667,5.5374
0.055542,5.5377
0.571442,5.5374
1.131897,5.5374
0.496368,5.5325
-0.197601,5.5319
-0.465698,5.5325
-0.384827,5.5322
-0.211487,5.5316
-0.12207,5.5325
-0.092468,5.5267
-0.060883,5.5273
-0.050354,5.5273
-0.034027,5.5283
-0.026245,5.5273
-0.018921,5.5231
-0.007477,5.5219
0.001068,5.5231
0.010529,5.5225
0.016937,5.5182
0.02243,5.5182
0.030212,5.5124
0.039978,5.5103
0.053101,5.5032
0.06897,5.498
0.085907,5.4895
0.105133,5.4807
0.127716,5.4709
0.148773,5.4596
0.161743,5.4492
0.16449,5.4349
0.156555,5.4224
0.132294,5.4102
0.081482,5.3955
0.007172,5.3809
-0.073547,5.3662
-0.137939,5.3516
-0.184326,5.3375
-0.207214,5.3229
-0.214539,5.3082
-0.20813,5.2954
-0.195007,5.2832
-0.177765,5.2689
-0.160065,5.2548
-0.13855,5.2417
-0.119629,5.2298
-0.10498,5.2203
-0.093231,5.2054
-0.085144,5.195
-0.072632,5.1855
-0.065308,5.1761
-0.056152,5.1669
-0.048218,5.1608
-0.043488,5.1514
-0.038605,5.1465
-0.036163,5.1419
-0.033264,5.1376
-0.030823,5.1321
-0.026093,5.1276
-0.02655,5.1224
-0.02594,5.1224
-0.023804,5.1178
-0.021057,5.1175
-0.021362,5.1178
-0.018768,5.1123
-0.016479,5.1126
-0.014038,5.1129
-0.009308,5.1181
-0.00412,5.1169
-0.003967,5.1178
-0.001984,5.1227
-0.001831,5.1227
0.001068,5.1273
0.003052,5.1328
0.002899,5.1367
0.003204,5.1373
0.005798,5.1419
0.00824,5.1471
0.01297,5.1523
0.013275,5.1617
0.015564,5.1666
0.013123,5.1715
0.013123,5.1761
0.015717,5.1852
0.0177,5.191
0.018158,5.1999
0.015564,5.2057
0.013275,5.2151
0.013275,5.2206
0.010834,5.2295
0.013123,5.2402
0.015411,5.249
0.013123,5.2591
0.010376,5.2676
0.010529,5.2777
0.010681,5.2887
0.010681,5.2982
0.012665,5.3107
0.008087,5.3232
0.010529,5.3329
0.008392,5.3448
0.008087,5.3568
0.005493,5.3653
0.008392,5.3799
0.015564,5.3909
0.024414,5.4037
0.044556,5.4156
0.03952,5.4282
0.055389,5.4398
0.048065,5.4541
0.005646,5.4642
-0.018768,5.4782
-0.016022,5.4938
-0.013733,5.5081
-0.023956,5.5222
-0.028076,5.5368
-0.028381,5.5548
-0.023651,5.5716
-0.018616,5.5856
-0.016479,5.6049
-0.011139,5.6192
-0.009003,5.639
-0.049591,5.657
-0.084381,5.6741
-0.010681,5.6934
0.378571,5.7126
1.043701,5.7315
0.658722,5.751
0.037537,5.7687
-0.375214,5.7886
-0.439758,5.8087
-0.302734,5.8276
-0.161591,5.8453
-0.10498,5.864
-0.079651,5.8832
-0.060577,5.9033
-0.045929,5.9229
-0.038452,5.9412
-0.035858,5.961
-0.026703,5.9766
-0.011902,5.9961
-0.00412,6.0156
0.000763,6.0327
0.008392,6.0498
0.020294,6.0669
0.027618,6.084
0.037384,6.0986
0.049286,6.1133
0.066833,6.1276
0.078583,6.1429
0.098267,6.1566
0.113373,6.1697
0.130463,6.1816
0.135193,6.1942
0.130157,6.2057
0.115509,6.2155
0.082092,6.2253
0.02594,6.2357
-0.036926,6.2454
-0.095978,6.254
-0.144806,6.264
-0.165405,6.2738
-0.172882,6.2784
-0.172882,6.2891
-0.163116,6.293
-0.149841,6.3043
-0.124817,6.3086
-0.111694,6.3181
-0.101318,6.3226
-0.084534,6.3275
-0.079803,6.3351
-0.074921,6.3419
-0.06546,6.3474
-0.055389,6.3519
-0.050354,6.3568
-0.043488,6.3623
-0.038452,6.3693
-0.032806,6.376
-0.028381,6.3806
-0.023651,6.3867
-0.023956,6.3907
-0.023804,6.3959
-0.02121,6.4011
-0.021057,6.4059
-0.019379,6.4105
-0.016174,6.4154
-0.011139,6.4206
-0.009155,6.4252
-0.003967,6.4297
-0.001526,6.4355
-0.001526,6.4395
-0.001221,6.4444
0.000916,6.4493
0.001526,6.4542
0.003052,6.459
0.005646,6.4648
0.005798,6.4694
0.00824,6.4743
0.006561,6.4786
0.00824,6.4883
0.013275,6.4944
0.013123,6.4984
0.01297,6.503
0.01297,6.5088
0.015717,6.514
0.015564,6.5182
0.015717,6.5228
0.013123,6.528
0.01297,6.5326
0.015564,6.5381
0.015411,6.543
0.013428,6.5472
0.015564,6.5524
0.015717,6.5573
0.015869,6.5622
0.017853,6.5665
0.027466,6.5714
0.050812,6.571
0.051575,6.5765
0.054474,6.5811
0.063629,6.5845
0.018616,6.5863
-0.011749,6.5912
-0.018311,6.5912
-0.013885,6.5961
-0.018616,6.5961
-0.026398,6.601
-0.028534,6.6006
-0.023804,6.6055
-0.023804,6.6071
-0.016479,6.6055
-0.00946,6.6071
-0.008545,6.6107
-0.025787,6.6107
-0.070648,6.6104
-0.01297,6.611
0.26886,6.6107
0.962677,6.6107
0.826874,6.6116
0.138092,6.6113
-0.335083,6.6113
-0.44693,6.6107
-0.323486,6.6107
-0.168762,6.6113
-0.102539,6.6107
-0.075684,6.6055
-0.055237,6.6058
-0.039062,6.6064
-0.028534,6.6064
-0.018463,6.6013
-0.004272,6.6006
0.005798,6.6006
0.010681,6.5961
0.019836,6.5961
0.025024,6.5912
0.029907,6.5918
0.034943,6.5863
0.042114,6.5817
0.056763,6.5817
0.0737,6.5762
0.092468,6.5723
0.114594,6.5662
0.13443,6.5594
0.149841,6.5527
0.154572,6.5472
0.154877,6.5375
0.137939,6.5329
0.096283,6.5228
0.028229,6.5146
-0.048981,6.5082
-0.118866,6.4975
-0.172424,6.4883
-0.201569,6.4792
-0.211945,6.4746
-0.206757,6.4642
-0.193176,6.4545
-0.177612,6.4444
-0.160675,6.4355
-0.140839,6.4258
-0.122375,6.4209
-0.105438,6.4108
-0.090332,6.4011
-0.080566,6.3913
-0.070038,6.387
-0.061035,6.3763
-0.055237,6.366
-0.048218,6.3611
-0.043335,6.3522
-0.041046,6.3467
-0.0383,6.3379
-0.033569,6.3327
-0.030975,6.3235
-0.028534,6.3184
-0.030823,6.3107
-0.031281,6.3028
-0.028534,6.2994
-0.023499,6.2939
-0.018463,6.2894
-0.018463,6.2793
-0.014191,6.2738
-0.011597,6.2686
-0.011139,6.2646
-0.009003,6.2589
-0.004425,6.2543
-0.003967,6.2491
0.000916,6.25
0.00351,6.2451
0.003357,6.2405
0.005493,6.2354
0.008087,6.2305
0.008087,6.2296
0.008545,6.2259
0.005798,6.2207
0.005493,6.2158
0.007782,6.2158
0.00824,6.2109
0.010529,6.2057
0.010529,6.2009
0.010834,6.1963
0.015564,6.192
0.020294,6.1887
0.020752,6.1859
0.017853,6.181
0.018158,6.1768
0.017853,6.1713
0.018158,6.1646
0.015564,6.1594
0.015411,6.1526
0.01297,6.1481
0.010834,6.1426
0.012817,6.1377
0.010071,6.1328
0.010529,6.1276
0.010681,6.1237
0.01297,6.1176
0.025635,6.1142
0.056763,6.1102
0.054169,6.1084
0.059052,6.1029
0.052643,6.0986
0.007935,6.0938
-0.016327,6.0889
-0.018768,6.084
-0.016174,6.0794
-0.023651,6.0785
-0.033417,6.0751
-0.030975,6.069
-0.023346,6.0645
-0.018921,6.0641
-0.016022,6.059
-0.011139,6.0547
-0.011292,6.0547
-0.035248,6.0489
-0.077362,6.0449
0.001831,6.0449
0.340118,6.0397
1.053467,6.0403
0.752869,6.0342
-0.001526,6.0352
-0.422363,6.0303
-0.435181,6.0297
-0.276642,6.0251
-0.151062,6.0251
-0.106659,6.0202
-0.080414,6.0172
-0.060425,6.0159
-0.045624,6.0101
-0.035706,6.011
-0.02594,6.0059
-0.013885,6.0059
-0.001678,6.0001
0.007324,5.9961
0.013123,5.9955
0.020599,5.9906
0.030212,5.9836
0.037231,5.9766
0.04715,5.9686
0.064392,5.9616
0.082855,5.9521
0.105896,5.9378
0.130157,5.9277
0.149384,5.914
0.166626,5.9006
0.171814,5.8859
0.166931,5.8691
0.147095,5.8545
0.103607,5.8356
0.035553,5.8206
-0.046997,5.8002
-0.121307,5.7812
-0.172424,5.7617
-0.202332,5.7443
-0.214081,5.7275
-0.209503,5.7083
-0.197601,5.6888
-0.182648,5.6693
-0.163116,5.6497
-0.14328,5.6326
-0.126648,5.6146
-0.109711,5.5963
-0.099182,5.5786
-0.086975,5.5621
-0.075226,5.5463
-0.06485,5.5301
-0.055542,5.5139
-0.050507,5.4987
-0.045013,5.484
-0.035858,5.4709
-0.030975,5.4593
-0.028229,5.4449
-0.028687,5.4346
-0.02594,5.4202
-0.02655,5.4099
-0.023499,5.401
-0.02121,5.3918
-0.02121,5.3815
-0.021515,5.3717
-0.016327,5.3622
-0.01358,5.3568
-0.010986,5.3461
-0.009003,5.3427
-0.00885,5.3329
-0.00412,5.3278
-0.001526,5.3229
0.000763,5.318
0.001068,5.3128
0.00351,5.3076
0.005951,5.303
0.008392,5.3006
0.010529,5.2982
0.010986,5.2939
0.010986,5.2936
0.00824,5.2878
0.011139,5.2835
0.010529,5.2835
0.010834,5.2835
0.008392,5.2792
0.010986,5.2786
0.013123,5.2734
0.013123,5.2737
0.013275,5.2734
0.013123,5.2689
0.013275,5.2686
0.013275,5.2679
0.013275,5.2686
0.010681,5.2695
0.013275,5.2637
0.011292,5.2634
0.008087,5.2643
0.008087,5.2634
0.00885,5.2637
0.005951,5.264
0.005798,5.2646
0.00824,5.2588
0.018005,5.2591
0.034943,5.2594
0.059052,5.2594
0.04715,5.2591
0.063782,5.2594
0.035248,5.2591
-0.00412,5.2594
-0.02121,5.2594
-0.013885,5.2597
-0.017853,5.2542
-0.026398,5.2542
-0.028839,5.2542
-0.026093,5.2542
-0.023956,5.2548
-0.020905,5.2545
-0.014496,5.2542
-0.011292,5.2542
-0.013428,5.2545
-0.06073,5.2548
-0.088043,5.2542
0.045929,5.2539
0.559845,5.2499
1.133728,5.2493
0.516815,5.2496
-0.175476,5.2493
-0.456238,5.249
-0.388641,5.2493
-0.220032,5.2493
-0.124359,5.2493
-0.087585,5.2496
-0.067444,5.2493
-0.04837,5.2499
-0.036621,5.2493
-0.026245,5.2493
-0.016937,5.2493
-0.009613,5.2451
-0.001678,5.2451
0.00824,5.2451
0.015259,5.2444
0.025482,5.2444
0.032806,5.2457
0.041504,5.2448
0.05188,5.2393
0.06485,5.2399
0.08316,5.2344
0.101318,5.2261
0.124969,5.2197
0.142975,5.2109
0.151978,5.1974
0.159454,5.1859
0.150146,5.173
0.130005,5.1611
0.08194,5.1474
0.007935,5.1324
-0.06958,5.1178
-0.131378,5.1038
-0.180359,5.0885
-0.20462,5.0754
-0.209656,5.0595
-0.205078,5.0449
-0.192413,5.0305
-0.178223,5.0186
-0.159912,5.0058
-0.143585,4.9969
-0.125427,4.982
-0.111237,4.9722
-0.093842,4.9622
-0.08255,4.9573
-0.074768,4.9481
-0.067291,4.9432
-0.055084,4.938
-0.050812,4.9329
-0.045471,4.9329
-0.03891,4.928
-0.036011,4.9283
-0.035706,4.9277
-0.031281,4.9335
-0.033569,4.9332
-0.030823,4.9384
-0.028534,4.9429
-0.028687,4.9478
-0.023651,4.9524
-0.018463,4.9622
-0.018005,4.9695
-0.013733,4.9771
-0.008698,4.9869
-0.006409,4.9991
-0.004578,5.011
-0.002136,5.0208
-0.003662,5.0351
0.000458,5.0494
0.003357,5.0647
0.003204,5.0793
0.000763,5.094
0.005035,5.1077
0.008087,5.1263
0.00824,5.1422
0.008698,5.1617
0.01297,5.1807
0.013123,5.2002
0.015411,5.2194
0.009003,5.2393
0.010834,5.2588
0.010376,5.2808
0.011444,5.3033
0.015259,5.3226
0.01297,5.347
0.010681,5.3693
0.013885,5.3906
0.013123,5.416
0.010223,5.4401
0.012817,5.4639
0.013275,5.4883
0.010529,5.5127
0.012665,5.5365
0.018158,5.5603
0.027313,5.5859
0.049133,5.61
0.045166,5.6351
0.058594,5.6592
0.046844,5.6839
0.002594,5.7083
-0.020905,5.7327
-0.013123,5.7568
-0.009003,5.7812
-0.01709,5.8054
-0.02121,5.8304
-0.018463,5.8539
-0.02121,5.8771
-0.018616,5.8984
-0.016327,5.9229
-0.010834,5.9442
-0.011139,5.9665
-0.060883,5.9888
-0.077057,6.0101
0.042114,6.03
0.509491,6.0492
1.021118,6.0721
0.529785,6.0913
-0.036621,6.1105
-0.395355,6.131
-0.419617,6.1469
-0.272522,6.1676
-0.148468,6.1856
-0.096893,6.2009
-0.072784,6.2201
-0.054779,6.2357
-0.040436,6.2524
-0.033112,6.2686
-0.022736,6.2836
-0.018463,6.2973
-0.010529,6.3129
0.000763,6.3272
0.003357,6.3373
0.007935,6.3522
0.015869,6.3641
0.022888,6.376
0.032501,6.387
0.044708,6.3968
0.056763,6.4056
0.076294,6.4148
0.095673,6.4261
0.112457,6.4346
0.122681,6.4398
0.124512,6.449
0.120087,6.4554
0.111084,6.459
0.068817,6.4648
0.012817,6.4725
-0.048065,6.4786
-0.097046,6.4828
-0.13855,6.4868
-0.160828,6.4886
-0.165253,6.4935
-0.152893,6.4981
-0.145569,6.5033
-0.133209,6.5033
-0.118256,6.5076
-0.10437,6.5131
-0.095062,6.5176
-0.08728,6.5179
-0.072784,6.5231
-0.067749,6.5256
-0.058289,6.528
-0.052948,6.5329
-0.048065,6.5369
-0.043488,6.5372
-0.040588,6.5427
-0.036011,6.5472
-0.036163,6.5466
-0.02533,6.5518
-0.023651,6.5576
-0.023804,6.5622
-0.018768,6.5619
-0.018768,6.5665
-0.016479,6.5726
-0.013733,6.5765
-0.011292,6.5814
-0.003967,6.5863
-0.008087,6.586
-0.006561,6.5915
-0.00412,6.5967
-0.004425,6.601
-0.003967,6.6061
-0.000916,6.6113
0.000916,6.6156
0.003204,6.6205
0.005798,6.6254
0.003967,6.6299
0.00824,6.6357
0.010376,6.6397
0.010681,6.6449
0.010529,6.6498
0.01297,6.6553
0.010834,6.6602
0.015411,6.6647
0.020294,6.6696
0.030823,6.6745
0.054016,6.6797
0.044861,6.6849
0.054779,6.6891
0.037384,6.6943
0.000153,6.698
-0.016174,6.7038
-0.004425,6.709
-0.001373,6.7136
-0.015869,6.7188
-0.021057,6.7224
-0.016174,6.723
-0.014038,6.7273
-0.011139,6.7334
-0.006561,6.738
-0.00412,6.7422
-0.003815,6.7429
-0.049133,6.748
-0.057373,6.7523
0.057831,6.752
0.463562,6.7572
1.03302,6.7621
0.572052,6.7627
-0.019073,6.7667
-0.383911,6.7667
-0.41153,6.7712
-0.265656,6.7719
-0.138855,6.7764
-0.092621,6.7767
-0.065613,6.781
-0.052795,6.781
-0.036011,6.7813
-0.023956,6.7871
-0.016479,6.7865
-0.011444,6.7862
-0.004272,6.7911
0.005798,6.7908
0.015106,6.7914
0.020294,6.7917
0.030212,6.7914
0.039673,6.7957
0.050201,6.7957
0.063477,6.7929
0.078278,6.792
0.096588,6.792
0.11734,6.7914
0.132599,6.7917
0.140076,6.7862
0.14267,6.7862
0.139008,6.7871
0.115204,6.7813
0.068054,6.7792
0.0,6.777
-0.071259,6.7722
-0.126495,6.7719
-0.166016,6.7667
-0.187225,6.7621
-0.192413,6.7596
-0.182953,6.7578
-0.169525,6.752
-0.154724,6.7474
-0.136414,6.7432
-0.118103,6.7392
-0.099945,6.7374
-0.084991,6.7331
-0.077667,6.7285
-0.065613,6.7227
-0.057678,6.7178
-0.049744,6.7142
-0.040588,6.7136
-0.0383,6.7081
-0.036163,6.7032
-0.033264,6.6986
-0.03067,6.6962
-0.028534,6.6943
-0.028687,6.6891
-0.028534,6.6837
-0.026093,6.683
-0.023346,6.6788
-0.020599,6.6739
-0.016174,6.6745
-0.013885,6.6699
-0.011444,6.6644
-0.006409,6.6647
-0.00885,6.6599
-0.009003,6.6553
-0.006561,6.6544
-0.006256,6.6501
-0.001678,6.6504
0.001068,6.6449
0.003204,6.6452
0.003357,6.64
0.005646,6.6397
0.010376,6.6348
0.01297,6.6351
0.013428,6.6302
0.010529,6.6309
0.010376,6.626
0.008392,6.626
0.01297,6.6205
0.015717,6.6202
0.018311,6.6156
0.022736,6.6156
0.029907,6.6104
0.053864,6.6104
0.063171,6.6058
0.063629,6.6058
0.073242,6.6019
0.027313,6.601
-0.006104,6.5967
-0.016174,6.5912
-0.006409,6.5918
-0.012207,6.5866
-0.020752,6.582
-0.023651,6.5808
-0.02121,6.5765
-0.016174,6.5723
-0.016479,6.5665
-0.011444,6.5628
-0.008698,6.5619
-0.02121,6.557
-0.066986,6.553
-0.010529,6.5482
0.247498,6.543
0.915222,6.5378
0.88913,6.5326
0.145416,6.5277
-0.354919,6.5225
-0.446777,6.5186
-0.311279,6.5131
-0.162659,6.5088
-0.09964,6.5027
-0.072937,6.496
-0.055542,6.488
-0.040588,6.4841
-0.030518,6.4795
-0.023193,6.47
-0.01297,6.4639
-0.00412,6.46
0.005341,6.4493
0.015411,6.445
0.023041,6.4346
0.029449,6.4297
0.03952,6.4203
0.049438,6.4108
0.064087,6.4017
0.083466,6.3937
0.104065,6.3828
0.122833,6.3721
0.142212,6.3614
0.163879,6.3492
0.169373,6.337
0.161591,6.3239
0.124969,6.3132
0.066681,6.2982
-0.015106,6.2842
-0.093231,6.2695
-0.153351,6.2543
-0.19165,6.2402
-0.209351,6.2256
-0.214386,6.2082
-0.207062,6.1914
-0.194092,6.1774
-0.178528,6.1624
-0.16037,6.1478
-0.136261,6.1331
-0.116577,6.1185
-0.097504,6.1029
-0.08255,6.0864
-0.070496,6.0718
-0.060883,6.0571
-0.052948,6.0428
-0.045776,6.0297
-0.040741,6.0153
-0.036316,6.001
-0.031281,5.9866
-0.028534,5.9741
-0.023804,5.9619
-0.023804,5.9476
-0.023651,5.9372
-0.023804,5.9238
-0.02121,5.9131
-0.021515,5.9036
-0.02121,5.8911
-0.02121,5.8792
-0.021057,5.8691
-0.018616,5.86
-0.016327,5.849
-0.013123,5.8401
-0.008698,5.8307
-0.008698,5.8212
-0.006409,5.8154
-0.003662,5.806
0.001221,5.7959
0.00061,5.7916
0.003204,5.7806
0.007935,5.7755
0.005646,5.769
0.003357,5.762
0.005341,5.7565
0.005951,5.752
0.006104,5.7425
0.008087,5.7367
0.00824,5.7324
0.00885,5.7257
0.013275,5.7184
0.013123,5.7129
0.015869,5.7031
0.015564,5.6989
0.016022,5.6894
0.018005,5.683
0.015564,5.6741
0.017853,5.6693
0.027161,5.6607
0.054016,5.6543
0.063019,5.6473
0.046844,5.64
0.061798,5.6345
0.022736,5.6253
-0.00824,5.6204
-0.016174,5.61
-0.006409,5.6055
-0.01358,5.6015
-0.023499,5.5905
-0.025787,5.5862
-0.021667,5.5786
-0.018616,5.5716
-0.016174,5.5664
-0.011292,5.5594
-0.009155,5.5515
-0.010986,5.5466
-0.063324,5.5426
-0.057068,5.535
0.107727,5.528
0.905457,5.5225
0.930481,5.5176
0.141754,5.513
-0.379639,5.5081
-0.445862,5.5011
-0.296631,5.4938
-0.155182,5.488
-0.102081,5.484
-0.074463,5.4788
-0.055847,5.4733
-0.043335,5.4688
-0.030975,5.4593
-0.021057,5.4544
-0.013275,5.4492
-0.006104,5.4453
0.000305,5.4404
0.008087,5.4346
0.017853,5.4251
0.022888,5.4211
0.032654,5.4102
0.037537,5.4007
0.051727,5.3912
0.069885,5.376
0.088806,5.3616
0.110168,5.3461
0.1297,5.3323
0.145111,5.3128
0.154724,5.2963
0.157013,5.2759
0.147247,5.2597
0.119476,5.2396
0.063019,5.22
-0.01358,5.1974
-0.091858,5.1788
-0.151215,5.1572
-0.186005,5.137
-0.202179,5.1178
-0.207062,5.0983
-0.19989,5.0793
-0.183105,5.0607
-0.168304,5.0433
-0.150909,5.0259
-0.134125,5.0064
-0.115814,4.989
-0.09964,4.9719
-0.087433,4.9576
-0.07309,4.9426
-0.062714,4.9283
-0.055084,4.913
-0.050507,4.9036
-0.043182,4.8886
-0.036316,4.8792
-0.036011,4.8691
-0.032196,4.8593
-0.030975,4.8505
-0.030975,4.8401
-0.026245,4.8358
-0.026245,4.8257
-0.028534,4.8209
-0.026398,4.8163
-0.021515,4.8108
-0.020294,4.8068
-0.018616,4.8062
-0.01297,4.801
-0.006409,4.801
-0.006256,4.8007
-0.006714,4.8007
-0.003967,4.801
-0.00412,4.8019
-0.003967,4.8065
-0.003357,4.8083
0.001221,4.8111
0.005341,4.8163
0.003357,4.8212
0.002899,4.8264
0.005798,4.8361
0.00824,4.8413
0.00885,4.8495
0.01297,4.8596
0.01297,4.8688
0.01297,4.8792
0.01297,4.8883
0.010681,4.8984
0.006256,4.9084
0.010681,4.9228
0.010529,4.9335
0.010376,4.9475
0.013275,4.9594
0.010834,4.9728
0.007935,4.9872
0.011292,5.0015
0.014496,5.0156
0.015564,5.0299
0.02533,5.0455
0.046692,5.0644
0.044403,5.0793
0.048981,5.0955
0.046692,5.1135
0.002594,5.1315
-0.02594,5.1468
-0.016632,5.1666
-0.006409,5.1855
-0.016327,5.2051
-0.023651,5.2246
-0.025635,5.242
-0.018463,5.2612
-0.016479,5.2829
-0.011292,5.3021
-0.006561,5.3226
-0.006561,5.3427
-0.034027,5.3619
-0.075073,5.383
-0.014801,5.4053
0.296783,5.4251
1.000061,5.4462
0.72876,5.4691
0.09552,5.4907
-0.349426,5.513
-0.44281,5.5344
-0.315857,5.5569
-0.17395,5.5786
-0.108643,5.6003
-0.079041,5.6238
-0.061798,5.6473
-0.050354,5.6689
-0.037384,5.6924
-0.028381,5.7123
-0.018768,5.7361
-0.00885,5.7568
-0.004272,5.7806
0.005493,5.8002
0.01297,5.8209
0.020447,5.8392
0.024872,5.8621
0.032349,5.8792
0.044708,5.8984
0.058746,5.9177
0.075684,5.9351
0.095825,5.9518
0.110321,5.9668
0.120239,5.9818
0.125275,5.9952
0.122833,6.0104
0.110626,6.0257
0.080872,6.04
0.024719,6.0526
-0.041199,6.0641
-0.095062,6.076
-0.133209,6.0889
-0.15274,6.0983
-0.155792,6.1087
-0.155792,6.1182
-0.145874,6.127
-0.130463,6.1383
-0.115814,6.1475
-0.102234,6.1569
-0.088806,6.1673
-0.079651,6.1761
-0.072632,6.1862
-0.070343,6.1911
-0.061188,6.2009
-0.055542,6.21
-0.050201,6.2201
-0.041046,6.2253
-0.036011,6.2347
-0.03006,6.2451
-0.026245,6.2521
-0.02655,6.2592
-0.024109,6.2689
-0.023651,6.2738
-0.020905,6.2842
-0.021057,6.2891
-0.020294,6.2988
-0.016174,6.3052
-0.013885,6.3132
-0.013885,6.3226
-0.011597,6.3281
-0.013885,6.337
-0.006561,6.3416
-0.003815,6.351
-0.001373,6.3571
0.001068,6.3654
0.003204,6.3715
0.003204,6.3812
0.005646,6.3858
0.008545,6.3962
0.010681,6.4014
0.007935,6.4102
0.00824,6.4203
0.016785,6.4255
0.030212,6.4346
0.053101,6.4435
0.05249,6.4502
0.051422,6.4594
0.06073,6.4639
0.014954,6.4749
-0.010834,6.4828
-0.006714,6.4883
0.006714,6.4978
-0.00412,6.5039
-0.018616,6.5121
-0.016174,6.5182
-0.011139,6.5225
-0.011292,6.5332
-0.006561,6.5381
-0.001526,6.5427
0.000916,6.5518
-0.00473,6.557
-0.060272,6.5619
-0.036774,6.5665
0.149994,6.5717
0.734863,6.5768
0.976562,6.5814
0.346222,6.5866
-0.192719,6.5909
-0.428925,6.5936
-0.363464,6.5955
-0.207367,6.601
-0.118256,6.6055
-0.083923,6.6052
-0.060577,6.6104
-0.04364,6.6107
-0.033417,6.6162
-0.025177,6.6156
-0.015564,6.6153
-0.006714,6.6205
-0.00061,6.6208
0.008087,6.6202
0.015564,6.6199
0.02121,6.6199
0.032654,6.6202
0.046539,6.6202
0.057831,6.6205
0.069885,6.6205
0.085449,6.6202
0.105743,6.6153
0.124969,6.6156
0.137329,6.6153
0.144501,6.6113
0.137482,6.611
0.124512,6.6058
0.087891,6.6022
0.029907,6.6006
-0.036163,6.5955
-0.10025,6.5912
-0.14801,6.5912
-0.177612,6.5869
-0.187225,6.5814
-0.184937,6.5762
-0.172882,6.5717
-0.160675,6.5695
-0.143738,6.5674
-0.127716,6.5619
-0.111694,6.5573
-0.097046,6.5527
-0.079803,6.5472
-0.07019,6.5433
-0.057983,6.5378
-0.050354,6.5375
-0.045319,6.532
-0.036163,6.528
-0.035706,6.5231
-0.031128,6.5204
-0.030975,6.5182
-0.030975,6.5128
-0.033417,6.5088
-0.030975,6.5082
-0.033264,6.503
-0.03006,6.503
-0.028381,6.4984
-0.028381,6.4935
-0.023804,6.4932
-0.023956,6.4883
-0.017548,6.4893
-0.013885,6.4847
-0.013733,6.4835
-0.011444,6.4844
-0.005646,6.4801
-0.00412,6.4789
-0.00412,6.4734
-0.001526,6.4746
-0.001526,6.474
0.003204,6.4691
0.003357,6.4697
0.005798,6.4685
0.005951,6.4639
0.008392,6.4642
0.006866,6.4648
0.005798,6.4639
0.008087,6.4587
0.010529,6.46
0.01297,6.46
0.010681,6.4548
0.00824,6.4551
0.008087,6.4551
0.014038,6.4499
0.026245,6.4493
0.05249,6.4493
0.058289,6.4456
0.056305,6.4453
0.070496,6.445
0.024719,6.4401
-0.010071,6.4386
-0.019073,6.4349
-0.003967,6.4355
-0.010071,6.4301
-0.021362,6.4307
-0.023804,6.4258
-0.018616,6.4258
-0.016174,6.4203
-0.014191,6.4178
-0.00885,6.4154
-0.006561,6.4105
-0.019379,6.4066
-0.067749,6.4059
-0.016022,6.402
0.237885,6.3968
0.906372,6.3925
0.890808,6.3916
0.130768,6.3858
-0.374603,6.3812
-0.452271,6.377
-0.308685,6.3724
-0.158844,6.3712
-0.100708,6.3666
-0.070343,6.362
-0.055389,6.3568
-0.043335,6.3525
-0.032349,6.3467
-0.018921,6.3422
-0.00885,6.337
0.000458,6.3318
0.008392,6.3275
0.014343,6.3232
0.023041,6.3174
0.032501,6.3132
0.042114,6.3052
0.054016,6.2985
0.070801,6.2903
0.09201,6.2836
0.114136,6.2738
0.136108,6.2646
0.154419,6.2531
0.166626,6.2408
0.171661,6.2299
0.162506,6.2164
0.141144,6.2048
0.09491,6.192
0.024872,6.1795
-0.058746,6.1664
-0.129547,6.152
-0.182495,6.1377
-0.210876,6.1218
-0.219269,6.1078
-0.214691,6.0934
-0.204773,6.08
-0.187836,6.0638
-0.168152,6.0498
-0.146484,6.0349
-0.127563,6.0205
-0.111694,6.0059
-0.092316,5.9918
-0.077972,5.9769
-0.067596,5.9625
-0.058136,5.9479
-0.049438,5.9375
-0.043182,5.9222
-0.035706,5.9082
-0.033417,5.8969
-0.030823,5.8838
-0.028839,5.8722
-0.028687,5.8594
-0.026245,5.8499
-0.028687,5.8362
-0.028229,5.8252
-0.028534,5.816
-0.023804,5.806
-0.023956,5.7956
-0.021057,5.7864
-0.018616,5.7767
-0.018768,5.766
-0.016174,5.7574
-0.011292,5.7477
-0.011292,5.7422
-0.008698,5.7321
-0.006561,5.7281
-0.001678,5.7175
0.000916,5.7111
0.001068,5.7034
0.003204,5.6946
0.005798,5.6885
0.007324,5.6781
0.007782,5.6699
0.007935,5.665
0.010223,5.6543
0.013275,5.6448
0.013428,5.6345
0.0177,5.6253
0.020447,5.6152
0.021057,5.6067
0.017853,5.5988
0.015411,5.5905
0.015717,5.5807
0.015411,5.5707
0.015564,5.5612
0.015564,5.5527
0.012817,5.5472
0.012665,5.5377
0.020294,5.5276
0.035248,5.5231
0.066223,5.513
0.059662,5.5084
0.061646,5.4984
0.052948,5.4941
0.004425,5.4834
-0.018616,5.4788
-0.014954,5.4697
-0.00885,5.4642
-0.018463,5.4593
-0.026245,5.4541
-0.02594,5.4498
-0.021057,5.4428
-0.019836,5.4349
-0.016174,5.43
-0.011444,5.4248
-0.011292,5.4205
-0.027313,5.416
-0.075073,5.415
-0.016632,5.4105
0.279999,5.4062
0.989532,5.4004
0.822144,5.3952
0.042267,5.3964
-0.411682,5.3912
-0.432434,5.3864
-0.273132,5.3839
-0.140228,5.3818
-0.093079,5.3766
-0.071106,5.3763
-0.056458,5.3711
-0.040741,5.3662
-0.028534,5.3662
-0.018921,5.3619
-0.00946,5.3616
-0.000305,5.3564
0.009613,5.3525
0.015564,5.3522
0.022888,5.3467
0.032806,5.3418
0.041809,5.3366
0.050964,5.332
0.065613,5.3229
0.08255,5.311
0.102844,5.2982
0.122833,5.2887
0.141296,5.2737
0.154572,5.2588
0.161591,5.2441
0.15686,5.2298
0.123901,5.213
0.073395,5.1962
0.000916,5.1807
-0.074921,5.1627
-0.137329,5.1465
-0.180054,5.1306
-0.202484,5.1126
-0.209656,5.098
-0.203247,5.0803
-0.185852,5.0647
-0.171356,5.0504
-0.156555,5.0345
-0.136414,5.0198
-0.116882,5.0061
-0.098114,4.9915
-0.084686,4.9768
-0.072632,4.9625
-0.066986,4.953
-0.053406,4.938
-0.048065,4.928
-0.043488,4.9185
-0.038452,4.9081
-0.033112,4.8987
-0.030975,4.8886
-0.030823,4.8822
-0.029602,4.8746
-0.026093,4.8682
-0.023804,4.8596
-0.021362,4.855
-0.02121,4.8505
-0.02121,4.8453
-0.018463,4.841
-0.016479,4.8355
-0.013885,4.8303
-0.011444,4.8309
-0.011139,4.826
-0.006409,4.8257
-0.003967,4.8206
-0.001526,4.8209
0.003204,4.8203
0.005951,4.8209
0.005646,4.8209
0.010376,4.8212
0.010529,4.8209
0.010529,4.8206
0.012817,4.8209
0.01297,4.8209
0.01297,4.826
0.018158,4.826
0.020294,4.826
0.022736,4.8254
0.021515,4.8303
0.020752,4.8303
0.018158,4.8303
0.018158,4.8349
0.018005,4.8358
0.017853,4.8398
0.018005,4.8407
0.018005,4.8407
0.015564,4.8453
0.018005,4.845
0.020447,4.8502
0.020142,4.8495
0.028992,4.855
0.055389,4.8596
0.068817,4.8599
0.066681,4.8645
0.083618,4.8642
0.045929,4.8697
0.004272,4.874
-0.011444,4.8782
-0.004272,4.8795
-0.011444,4.8843
-0.02121,4.8892
-0.021362,4.8886
-0.02121,4.8941
-0.016327,4.8984
-0.013885,4.9039
-0.009003,4.9091
-0.009003,4.9103
-0.018311,4.9133
-0.078583,4.9185
-0.057983,4.9228
0.170898,4.9301
0.846405,4.9377
0.956726,4.9426
0.21637,4.9472
-0.317535,4.9567
-0.454102,4.9622
-0.338593,4.9722
-0.180359,4.9771
-0.110779,4.9863
-0.077972,4.9966
-0.058136,5.0049
-0.045929,5.0107
-0.033417,5.0204
-0.026093,5.0302
-0.016327,5.0403
-0.009003,5.0513
-0.006256,5.0632
0.002136,5.0745
0.010681,5.0836
0.018158,5.0937
0.028076,5.1028
0.037231,5.1172
0.049286,5.127
0.064392,5.137
0.077972,5.1471
0.098267,5.1566
0.120087,5.1666
0.13504,5.1761
0.144653,5.1859
0.144958,5.1956
0.13382,5.2048
0.097504,5.2112
0.034943,5.2203
-0.033264,5.2298
-0.10025,5.2399
-0.151825,5.2502
-0.179291,5.2588
-0.187378,5.2673
-0.184937,5.2753
-0.173187,5.2859
-0.160675,5.2933
-0.145721,5.303
-0.131378,5.3125
-0.116425,5.3247
-0.10437,5.3363
-0.089569,5.347
-0.077667,5.3571
-0.065308,5.3717
-0.060883,5.3812
-0.054321,5.3961
-0.043182,5.4105
-0.040588,5.4248
-0.034027,5.4379
-0.033264,5.4523
-0.026703,5.4672
-0.026245,5.4828
-0.030975,5.4974
-0.026245,5.513
-0.028687,5.5283
-0.026245,5.5463
-0.021057,5.5612
-0.023651,5.5789
-0.023651,5.5963
-0.018616,5.614
-0.019226,5.6299
-0.014038,5.6494
-0.009003,5.6671
-0.006561,5.6836
-0.00412,5.7031
-0.004272,5.7227
-0.00351,5.7407
0.005493,5.7578
0.00824,5.7776
0.00824,5.7962
0.005798,5.8154
0.00824,5.834
0.008087,5.853
0.005798,5.8698
0.007477,5.8887
0.00824,5.9073
0.008087,5.9271
0.00824,5.9424
0.005493,5.9619
0.005646,5.9808
0.008087,5.9964
0.010681,6.0153
0.019684,6.0345
0.037079,6.0498
0.048828,6.069
0.04425,6.0846
0.063934,6.1026
0.027924,6.1176
-0.006104,6.1359
-0.015869,6.1517
-0.006561,6.167
-0.011444,6.1844
-0.023651,6.2003
-0.023041,6.2158
-0.018768,6.2308
-0.01358,6.2451
-0.014038,6.2598
-0.009003,6.2744
-0.003967,6.2888
-0.018311,6.3031
-0.072479,6.3162
-0.028534,6.3272
0.208435,6.3422
0.886383,6.355
0.856323,6.366
0.229187,6.3809
-0.269775,6.391
-0.45166,6.4035
-0.354156,6.4151
-0.212097,6.4246
-0.124054,6.4355
-0.084686,6.445
-0.064545,6.4551
-0.050049,6.4645
-0.038147,6.4749
-0.030975,6.4835
-0.023193,6.4932
-0.014496,6.5036
-0.004578,6.5131
0.003052,6.5225
0.010834,6.5283
0.015717,6.5378
0.020294,6.5424
0.03479,6.5521
0.044708,6.5567
0.058289,6.5622
0.073242,6.5707
0.095978,6.5775
0.10788,6.5817
0.118408,6.5866
0.123291,6.5909
0.125427,6.5961
0.112762,6.5967
0.088959,6.6006
0.038147,6.6064
-0.021362,6.6101
-0.084229,6.6107
-0.126343,6.6165
-0.152893,6.6156
-0.16037,6.6205
-0.160675,6.6208
-0.151367,6.626
-0.138245,6.6254
-0.124054,6.6306
-0.109711,6.6309
-0.097198,6.6306
-0.082397,6.6351
-0.073242,6.6351
-0.065918,6.6406
-0.057678,6.64
-0.052643,6.6397
-0.045471,6.6449
-0.043488,6.6455
-0.040283,6.6498
-0.0383,6.6504
-0.0383,6.655
-0.033264,6.6553
-0.033875,6.6595
-0.030975,6.6595
-0.028687,6.6644
-0.026093,6.6647
-0.024414,6.6696
-0.018768,6.6693
-0.015869,6.6745
-0.013733,6.6739
-0.013733,6.6791
-0.00885,6.6837
-0.002289,6.6846
0.000916,6.6885
0.003052,6.6925
-0.001526,6.6937
0.000763,6.6983
0.005951,6.7029
0.00351,6.7032
0.000763,6.709
0.003204,6.7136
0.005646,6.7175
0.005646,6.7181
0.007629,6.7233
0.005951,6.7276
0.005798,6.7331
0.006409,6.7371
0.016174,6.7404
0.028229,6.7422
0.044403,6.7468
0.042267,6.7526
0.071716,6.7566
0.047455,6.7615
0.002747,6.7618
0.00061,6.7667
-0.011444,6.7719
-0.011444,6.7767
-0.016174,6.7798
-0.018616,6.7813
-0.018768,6.7859
-0.018768,6.7914
-0.011444,6.792
-0.001678,6.7966
-0.00412,6.8008
-0.018768,6.8045
-0.069733,6.8066
-0.014648,6.8106
0.222778,6.8155
0.874481,6.8158
0.844116,6.8213
0.233307,6.8256
-0.256958,6.8253
-0.441589,6.8307
-0.345917,6.8304
-0.206757,6.8347
-0.114288,6.8405
-0.079956,6.8405
-0.055695,6.846
-0.043488,6.8448
-0.032501,6.8494
-0.023651,6.853
-0.014038,6.8546
-0.014038,6.8594
-0.001678,6.8594
0.003204,6.8649
0.010834,6.8649
0.015717,6.8698
0.024719,6.8689
0.03479,6.8695
0.046539,6.8747
0.063934,6.875
0.076904,6.8747
0.09613,6.8796
0.114899,6.8787
0.129852,6.8793
0.132751,6.8796
0.13031,6.8787
0.116272,6.879
0.086212,6.8793
0.034943,6.879
-0.030365,6.8796
-0.092163,6.8787
-0.13916,6.8793
-0.166016,6.875
-0.175171,6.8747
-0.170441,6.8744
-0.161438,6.8747
-0.145874,6.8735
-0.13092,6.8701
-0.113831,6.8689
-0.099792,6.8695
-0.086823,6.8652
-0.076904,6.8643
-0.065613,6.8652
-0.05722,6.8646
-0.050659,6.8591
-0.045776,6.8604
-0.043488,6.8594
-0.035858,6.8591
-0.036011,6.8591
-0.031433,6.8546
-0.028229,6.8549
-0.026093,6.8539
-0.028534,6.8546
-0.028534,6.8552
-0.02594,6.8549
-0.02121,6.8546
-0.021362,6.8506
-0.02121,6.8494
-0.019073,6.8491
-0.016327,6.85
-0.016327,6.85
-0.00885,6.85
-0.006561,6.8497
-0.003967,6.8506
-0.006714,6.8494
-0.003815,6.8509
-0.002136,6.8503
0.000916,6.8491
0.003204,6.8503
0.00351,6.8506
0.005646,6.8506
0.00824,6.85
0.010681,6.8546
0.010681,6.8549
0.005798,6.8549
0.005798,6.8558
0.00824,6.8555
0.008545,6.8549
0.012665,6.8542
0.020142,6.8549
0.044403,6.8597
0.059052,6.8588
0.056915,6.8594
0.067139,6.8604
0.025482,6.8604
-0.010986,6.8597
-0.023041,6.8594
-0.009155,6.8643
-0.016327,6.8646
-0.028534,6.8643
-0.028839,6.8646
-0.023956,6.8652
-0.018768,6.8643
-0.013885,6.8655
-0.006866,6.8637
-0.006561,6.8649
-0.019073,6.8649
-0.067749,6.8643
-0.011444,6.8646
0.244141,6.8643
0.905762,6.864
0.859375,6.8646
0.136261,6.86
-0.345917,6.8604
-0.44754,6.8597
-0.315399,6.8604
-0.162811,6.8597
-0.095215,6.8546
-0.071869,6.8552
-0.056152,6.8546
-0.045624,6.8506
-0.030975,6.8497
-0.016937,6.8497
-0.011139,6.8445
-0.003967,6.8451
0.008087,6.8411
0.015411,6.8402
0.021057,6.8359
0.03067,6.8301
0.03952,6.8301
0.051727,6.8253
0.066986,6.8204
0.086517,6.8158
0.10376,6.8112
0.12558,6.8066
0.145264,6.8008
0.159454,6.7914
0.162048,6.7865
0.156403,6.7773
0.136871,6.7722
0.088196,6.7621
0.0177,6.7532
-0.059814,6.7474
-0.131378,6.738
-0.180206,6.7282
-0.206299,6.7181
-0.216522,6.7087
-0.211792,6.6986
-0.19989,6.6888
-0.183105,6.6788
-0.163422,6.669
-0.145264,6.6592
-0.121002,6.6455
-0.101471,6.6351
-0.08728,6.6251
-0.076904,6.6159
-0.06546,6.6061
-0.055695,6.5952
-0.048218,6.5836
-0.040588,6.5723
-0.033569,6.5619
-0.031128,6.5521
-0.028839,6.5424
-0.028229,6.5329
-0.028534,6.5228
-0.02594,6.5125
-0.026093,6.5033
-0.028534,6.4929
-0.026398,6.4832
-0.018616,6.4746
-0.016174,6.4648
-0.013885,6.4545
-0.012054,6.4453
-0.011444,6.4352
-0.00412,6.4252
0.000916,6.4154
0.001068,6.4053
0.001678,6.3959
0.007629,6.3867
0.010834,6.3766
0.010834,6.3708
0.010834,6.3614
0.012817,6.3522
0.015869,6.3422
0.01297,6.333
0.015411,6.3226
0.016022,6.3138
0.017853,6.3083
0.018005,6.2982
0.020447,6.2888
0.020294,6.2787
0.020447,6.2701
0.018005,6.2601
0.020752,6.254
0.022736,6.2451
0.023041,6.2347
0.022583,6.2253
0.023041,6.2161
0.023193,6.21
0.022888,6.2012
0.032196,6.1908
0.052185,6.1816
0.076294,6.1713
0.06897,6.1615
0.085907,6.1566
0.051422,6.1472
0.010223,6.1377
-0.00885,6.1276
-0.00412,6.1185
-0.011139,6.1087
-0.018616,6.098
-0.02121,6.0886
-0.020447,6.0791
-0.021057,6.0687
-0.019073,6.0593
-0.016327,6.0501
-0.011444,6.04
-0.015869,6.03
-0.072327,6.0211
-0.050659,6.0107
0.161438,6.0004
0.771942,5.9915
1.031647,5.9811
0.273895,5.9763
-0.320587,5.9671
-0.463562,5.9564
-0.334473,5.9473
-0.172882,5.9421
-0.104523,5.9317
-0.075531,5.9232
-0.057373,5.9131
-0.045013,5.9039
-0.032959,5.8984
-0.023041,5.889
-0.011292,5.8792
-0.00412,5.8691
0.008087,5.8597
0.016174,5.8499
0.023346,5.8392
0.028381,5.8298
0.035553,5.8206
0.044403,5.8057
0.058289,5.7916
0.075836,5.7788
0.098877,5.7626
0.123444,5.7468
0.146637,5.7333
0.161591,5.7135
0.166931,5.6937
0.162048,5.6784
0.149384,5.6592
0.11322,5.64
0.070038,5.6201
-0.0383,5.6009
-0.111694,5.5811
-0.167694,5.5621
-0.201721,5.5429
-0.212097,5.5237
-0.210266,5.5032
-0.199738,5.484
-0.187073,5.466
-0.169983,5.4498
-0.150452,5.4294
-0.129089,5.415
-0.111847,5.3961
-0.094604,5.3815
-0.080719,5.3638
-0.072479,5.3473
-0.068054,5.3333
-0.060272,5.3174
-0.055237,5.3076
-0.050812,5.2939
-0.045319,5.2792
-0.043488,5.2686
-0.037994,5.2588
-0.038452,5.2469
-0.035858,5.2353
-0.037994,5.2258
-0.032959,5.2197
-0.03067,5.2103
-0.028381,5.2002
-0.02594,5.1959
-0.023499,5.1865
-0.021057,5.181
-0.02121,5.1761
-0.016327,5.1718
-0.011139,5.1663
-0.011292,5.1617
-0.009003,5.1566
-0.004425,5.1517
-0.003967,5.1477
-0.004272,5.1477
0.000763,5.1428
0.005493,5.1425
0.005646,5.1376
0.006256,5.137
0.005493,5.137
0.006104,5.1321
0.008087,5.1328
0.007935,5.1324
0.008392,5.1324
0.010681,5.1328
0.010681,5.1321
0.008087,5.1324
0.010681,5.1324
0.010681,5.1328
0.010681,5.1321
0.010986,5.1324
0.010681,5.1324
0.01297,5.1324
0.00824,5.1324
0.010376,5.1321
0.020142,5.1324
0.044098,5.1324
0.061646,5.1376
0.049286,5.137
0.063629,5.1376
0.025177,5.137
-0.014343,5.1373
-0.023499,5.1373
-0.016479,5.1419
-0.021362,5.1422
-0.033569,5.1425
-0.033417,5.1419
-0.030212,5.1422
-0.027924,5.1474
-0.023651,5.1471
-0.016022,5.1477
-0.013733,5.1474
-0.016632,5.1471
-0.076752,5.1517
-0.057983,5.1523
0.157166,5.152
0.794983,5.1523
1.045532,5.1517
0.274353,5.155
-0.326385,5.1562
-0.461426,5.1566
-0.336609,5.1566
-0.180054,5.1562
-0.116577,5.1566
-0.085297,5.1569
-0.065765,5.1559
-0.052948,5.1611
-0.040283,5.1617
-0.028839,5.1624
-0.018768,5.162
-0.009003,5.1617
0.000763,5.1611
0.00824,5.1614
0.018158,5.162
0.025482,5.1617
0.032654,5.1614
0.042877,5.1575
0.055084,5.1569
0.070801,5.1517
0.088196,5.1431
0.110321,5.1331
0.133362,5.1236
0.150299,5.1099
0.161591,5.0934
0.166931,5.079
0.155334,5.0598
0.122528,5.0421
0.05722,5.0262
-0.019379,5.0031
-0.094147,4.9841
-0.153351,4.9631
-0.189819,4.9429
-0.207062,4.9231
-0.206909,4.9011
-0.197296,4.8798
-0.182495,4.8602
-0.165558,4.8401
-0.148926,4.8209
-0.130615,4.8013
-0.111694,4.7815
-0.096436,4.7617
-0.082703,4.7449
-0.071411,4.7284
-0.062408,4.7131
-0.053101,4.6985
-0.045624,4.6844
-0.040588,4.6698
-0.033722,4.6552
-0.030975,4.6442
-0.028381,4.6304
-0.025787,4.6207
-0.026093,4.6106
-0.02594,4.6008
-0.025787,4.592
-0.023651,4.5865
-0.016327,4.5767
-0.01358,4.5721
-0.00946,4.567
-0.006409,4.5618
-0.006256,4.5575
-0.00412,4.552
0.001068,4.5523
0.003662,4.5477
0.005798,4.5471
0.008087,4.5474
0.005798,4.5477
0.005798,4.5471
0.010681,4.548
0.015564,4.5471
0.017853,4.5474
0.020294,4.5523
0.020447,4.5526
0.020447,4.5566
0.020599,4.5566
0.02243,4.5618
0.025024,4.5648
0.027618,4.5663
0.025177,4.5721
0.023041,4.5767
0.022736,4.5822
0.021057,4.5865
0.018158,4.5905
0.018311,4.5947
0.018311,4.5963
0.020752,4.6011
0.020599,4.606
0.020599,4.61
0.032196,4.6155
0.064392,4.621
0.068207,4.6259
0.067444,4.6301
0.077209,4.6353
0.032654,4.6399
-0.001221,4.6457
-0.013733,4.6506
-0.011139,4.6552
-0.023956,4.66
-0.031128,4.6649
-0.032501,4.6692
-0.028687,4.6744
-0.023651,4.6793
-0.021362,4.6844
-0.016327,4.6896
-0.016174,4.6887
-0.04303,4.6939
-0.091858,4.6982
-0.020294,4.7034
0.33905,4.7086
1.069641,4.7122
0.738983,4.7134
-0.014648,4.7186
-0.43045,4.7232
-0.43335,4.7232
-0.267029,4.7275
-0.147705,4.7333
-0.101166,4.7333
-0.076904,4.7375
-0.058136,4.7375
-0.045776,4.7427
-0.034027,4.7421
-0.02533,4.7473
-0.010529,4.7473
0.000763,4.7522
0.010529,4.7525
0.017548,4.7525
0.029449,4.7571
0.037689,4.7571
0.044556,4.7568
0.052643,4.7571
0.066528,4.7571
0.078735,4.7574
0.09552,4.7522
0.116272,4.7525
0.137634,4.7525
0.152283,4.7482
0.159454,4.7424
0.155029,4.7421
0.142212,4.7382
0.093842,4.7324
0.024719,4.7278
-0.054016,4.7281
-0.116882,4.7226
-0.163727,4.7189
-0.18692,4.718
-0.199738,4.7131
-0.197144,4.7079
-0.184937,4.7083
-0.169373,4.7083
-0.155792,4.7037
-0.141296,4.704
-0.125732,4.7037
-0.110931,4.7037
-0.097198,4.7043
-0.08728,4.7034
-0.077972,4.7079
-0.069885,4.7089
-0.059509,4.7137
-0.055542,4.7186
-0.048065,4.7189
-0.043182,4.7256
-0.038452,4.7327
-0.038147,4.7385
-0.038605,4.7427
-0.038147,4.7519
-0.031128,4.762
-0.030975,4.7696
-0.026093,4.7772
-0.023804,4.787
-0.021057,4.7992
-0.018463,4.8102
-0.018921,4.8206
-0.014038,4.8309
-0.011597,4.8447
-0.006714,4.855
-0.006409,4.8688
-0.006256,4.8795
-0.001373,4.8935
0.001831,4.9075
0.000916,4.9182
0.003052,4.9329
0.010681,4.9475
0.010986,4.9622
0.00824,4.9771
0.010529,4.9942
0.012817,5.0104
0.012817,5.0253
0.010681,5.0439
0.013275,5.0589
0.010834,5.0787
0.010681,5.098
0.013123,5.1154
0.007935,5.1318
0.010834,5.152
0.010986,5.1712
0.011139,5.1938
0.010376,5.2127
0.019989,5.2341
0.029755,5.2536
0.051727,5.274
0.044708,5.2957
0.060272,5.3177
0.046539,5.3372
0.001526,5.3613
-0.016327,5.3815
-0.009308,5.4047
-0.011139,5.4251
-0.023499,5.4492
-0.026245,5.4694
-0.02594,5.4932
-0.023956,5.5173
-0.021057,5.5371
-0.018768,5.5606
-0.011292,5.585
-0.015869,5.6079
-0.080872,5.6299
-0.0737,5.654
0.104675,5.6781
0.712128,5.7007
0.978546,5.7224
0.368805,5.7468
-0.179443,5.7693
-0.44281,5.7904
-0.391388,5.8151
-0.232239,5.835
-0.130615,5.8566
-0.088806,5.8783
-0.06424,5.8984
-0.046234,5.9204
-0.035095,5.9415
-0.027618,5.9619
-0.018005,5.9814
-0.01358,6.0004
-0.003204,6.0202
0.003357,6.0391
0.006561,6.0574
0.015564,6.0745
0.027618,6.0928
0.036011,6.1084
0.041656,6.123
0.055389,6.1374
0.068817,6.1526
0.081329,6.167
0.105133,6.1807
0.122833,6.1951
0.130157,6.2061
0.130463,6.2183
0.125275,6.2299
0.104828,6.2408
0.061188,6.2494
-0.00412,6.2601
-0.069275,6.2695
-0.122223,6.2778
-0.149231,6.2842
-0.161438,6.2939
-0.162811,6.2985
-0.155945,6.3086
-0.14389,6.3135
-0.130463,6.3235
-0.114594,6.3284
-0.102234,6.333
-0.091858,6.3425
-0.080261,6.3467
-0.072632,6.3525
-0.067749,6.3589
-0.060272,6.3669
-0.050354,6.3715
-0.039673,6.3763
-0.040741,6.3815
-0.0383,6.3861
-0.033569,6.3937
-0.028534,6.4008
-0.026093,6.4062
-0.02594,6.4111
-0.023804,6.4154
-0.023499,6.4209
-0.021362,6.4258
-0.016022,6.4307
-0.014343,6.4346
-0.00885,6.4401
-0.006561,6.4444
-0.011292,6.4502
-0.009155,6.4545
-0.003967,6.4603
-0.001373,6.4636
-0.001678,6.4697
-0.001678,6.4749
-0.003967,6.4795
-0.001373,6.4838
0.000763,6.4893
0.005798,6.4972
0.005951,6.5033
0.005646,6.5088
0.00824,6.5137
0.008087,6.5176
0.00824,6.5228
0.005951,6.5277
0.009155,6.5335
0.013275,6.5414
0.013123,6.5482
0.017853,6.553
0.036469,6.557
0.054321,6.5613
0.044556,6.5668
0.068359,6.5762
0.039368,6.5811
-0.000153,6.5863
-0.016174,6.5918
-0.005646,6.5961
-0.008698,6.6006
-0.018616,6.6101
-0.018921,6.6153
-0.018768,6.6205
-0.013885,6.6257
-0.013733,6.6309
-0.009155,6.636
-0.006256,6.6406
-0.019379,6.6446
-0.072632,6.6504
-0.030518,6.655
0.193329,6.6592
0.844269,6.665
0.868225,6.6693
0.246582,6.6742
-0.242462,6.6788
-0.436401,6.6846
-0.34729,6.6888
-0.195312,6.6937
-0.113678,6.698
-0.079041,6.7038
-0.059357,6.7078
-0.050201,6.7111
-0.034943,6.7136
-0.022583,6.7178
-0.016479,6.7227
-0.012054,6.7279
-0.001526,6.7325
0.00351,6.7325
0.008087,6.738
0.013275,6.7419
0.022888,6.7468
0.032349,6.7477
0.045471,6.7523
0.059204,6.7523
0.071411,6.7563
0.094299,6.7575
0.11322,6.7621
0.127869,6.7618
0.132599,6.7615
0.127563,6.7657
0.11322,6.7676
0.085297,6.767
0.032501,6.7667
-0.031586,6.7676
-0.085144,6.767
-0.131531,6.7712
-0.155334,6.7715
-0.162964,6.7715
-0.160065,6.7722
-0.148468,6.7715
-0.130157,6.7715
-0.114288,6.7722
-0.101776,6.7719
-0.087738,6.7712
-0.080109,6.7719
-0.077515,6.7719
-0.065308,6.7719
-0.053406,6.7764
-0.050659,6.7764
-0.048065,6.7767
-0.040894,6.777
-0.040588,6.7767
-0.038452,6.7767
-0.035553,6.7773
-0.036163,6.7764
-0.033417,6.7764
-0.030823,6.7813
-0.028534,6.7813
-0.026093,6.7813
-0.026093,6.7816
-0.018463,6.7819
-0.018768,6.7816
-0.018463,6.7871
-0.018921,6.7871
-0.01358,6.7871
-0.009155,6.7871
-0.006256,6.7865
-0.00412,6.7917
-0.001526,6.7908
0.000458,6.7914
-0.001373,6.796
0.001678,6.7963
0.003204,6.796
0.005646,6.7969
0.010681,6.8002
0.018005,6.8008
0.015564,6.8015
0.01297,6.806
0.017853,6.806
0.024872,6.8069
0.044861,6.806
0.059357,6.81
0.051575,6.8112
0.069275,6.8106
0.027161,6.8155
-0.006256,6.8155
-0.014038,6.8155
-0.001526,6.8158
-0.003815,6.8213
-0.016327,6.8204
-0.016327,6.8207
-0.013885,6.8253
-0.00885,6.8256
-0.00412,6.8256
-0.003052,6.8259
-0.001526,6.8304
-0.018158,6.8301
-0.055847,6.8298
0.002594,6.8326
0.268555,6.835
0.947113,6.835
0.813446,6.8359
0.147705,6.8359
-0.315552,6.8402
-0.439758,6.8399
-0.322876,6.8402
-0.170593,6.8399
-0.09903,6.8408
-0.068207,6.8393
-0.050507,6.8408
-0.041046,6.8448
-0.036316,6.8448
-0.025787,6.8451
-0.013885,6.8445
-0.003967,6.8448
0.000458,6.8451
0.005798,6.8442
0.014038,6.8451
0.020294,6.8454
0.032806,6.8448
0.042267,6.8451
0.05249,6.8448
0.072174,6.8451
0.09079,6.8396
0.110016,6.8408
0.126801,6.8402
0.137177,6.8378
0.139923,6.8359
0.13504,6.8344
0.115814,6.8301
0.073242,6.8301
0.013733,6.8256
-0.058289,6.8246
-0.118256,6.8207
-0.16098,6.8207
-0.184784,6.8158
-0.189972,6.8155
-0.181732,6.8112
-0.172119,6.8106
-0.153656,6.8054
-0.136261,6.8066
-0.121155,6.8015
-0.104523,6.7972
-0.091858,6.7963
-0.085144,6.7914
-0.076599,6.7911
-0.067596,6.7862
-0.060425,6.7871
-0.053253,6.7868
-0.045471,6.7813
-0.042114,6.781
-0.035706,6.7773
-0.035706,6.7764
-0.031281,6.7773
-0.028381,6.7719
-0.026093,6.7715
-0.025787,6.7719
-0.023804,6.7709
-0.021362,6.7667
-0.018463,6.7667
-0.016174,6.767
-0.016479,6.767
-0.013733,6.7676
-0.011139,6.767
-0.009003,6.7673
-0.003967,6.7667
-0.004425,6.7624
0.000305,6.7621
0.003204,6.7618
0.005798,6.7618
0.003357,6.7624
0.007324,6.7624
0.008392,6.763
0.00824,6.7621
0.015564,6.7615
0.010681,6.7621
0.010681,6.7676
0.015411,6.7667
0.015717,6.767
0.015869,6.7676
0.015564,6.767
0.018311,6.7673
0.015411,6.767
0.015411,6.7673
0.022888,6.7709
0.033569,6.7719
0.059204,6.7719
0.059204,6.7715
0.063629,6.7719
0.066833,6.7715
0.019684,6.7764
-0.010071,6.7764
-0.016479,6.777
-0.013428,6.7767
-0.020142,6.777
-0.028381,6.7816
-0.028534,6.7813
-0.023804,6.7819
-0.021057,6.7825
-0.016785,6.7819
-0.013885,6.7862
-0.013733,6.7862
-0.037231,6.7865
-0.072937,6.7868
0.013428,6.7865
0.347443,6.7865
1.031952,6.7862
0.702667,6.7865
0.015411,6.7865
-0.39032,6.7914
-0.427856,6.792
-0.281372,6.7914
-0.149231,6.7914
-0.096436,6.7914
-0.070343,6.7917
-0.052948,6.7868
-0.040894,6.7862
-0.027771,6.7871
-0.020142,6.7865
-0.00885,6.7862
0.00061,6.7862
0.00824,6.7825
0.017548,6.7816
0.025635,6.7822
0.03418,6.7764
0.045776,6.7764
0.06012,6.7712
0.076294,6.767
0.09079,6.7673
0.1091,6.7624
0.132141,6.7569
0.148468,6.7526
0.159454,6.7471
0.162048,6.7419
0.157471,6.7374
0.1297,6.7328
0.07843,6.7233
0.006409,6.7181
-0.067902,6.7087
-0.13382,6.7038
-0.180359,6.6943
-0.202026,6.6837
-0.209503,6.6754
-0.202484,6.6669
-0.188751,6.6595
-0.170288,6.6498
-0.150909,6.6403
-0.132599,6.6309
-0.111694,6.6199
-0.098572,6.6107
-0.083618,6.601
-0.07019,6.5912
-0.062561,6.5805
-0.058136,6.5714
-0.052032,6.5622
-0.045776,6.553
-0.043488,6.5451
-0.041809,6.5372
-0.0383,6.5283
-0.031433,6.5179
-0.028381,6.5088
-0.03067,6.5033
-0.028381,6.4932
-0.023956,6.4835
-0.02121,6.4789
-0.023804,6.4691
-0.021057,6.4648
-0.019989,6.4545
-0.013733,6.4493
-0.011749,6.4401
-0.011444,6.4346
-0.006256,6.4255
-0.001373,6.42
-0.003662,6.4108
-0.001678,6.4056
0.003357,6.3953
0.005493,6.391
0.003357,6.3824
0.00351,6.377
0.005798,6.3696
0.008545,6.3617
0.008392,6.3574
0.005493,6.3477
0.005646,6.3425
0.005646,6.3327
0.006104,6.3281
0.007935,6.319
0.010681,6.3132
0.010834,6.3055
0.010986,6.2982
0.01297,6.2939
0.010834,6.2836
0.010681,6.2787
0.010986,6.2744
0.010681,6.2653
0.010529,6.2598
0.013123,6.2521
0.015411,6.2454
0.027466,6.2399
0.053101,6.2329
0.059052,6.2262
0.061646,6.2204
0.070496,6.2106
0.024719,6.2061
-0.006256,6.2015
-0.015869,6.1911
-0.008698,6.1865
-0.013885,6.1765
-0.025787,6.1716
-0.026398,6.1621
-0.022583,6.1545
-0.018768,6.1469
-0.013885,6.138
-0.006256,6.1334
-0.003815,6.123
-0.018616,6.1127
-0.072479,6.1084
-0.023499,6.0989
0.240021,6.0889
0.923004,6.0812
0.927277,6.0742
0.150146,6.0641
-0.370789,6.0556
-0.450134,6.0498
-0.305328,6.0406
-0.161133,6.0297
-0.105591,6.0205
-0.084534,6.0135
-0.060425,6.0049
-0.044556,5.9958
-0.031128,5.9857
-0.018921,5.9763
-0.00885,5.9668
-0.001373,5.9564
0.005646,5.947
0.015564,5.9375
0.022888,5.9277
0.028839,5.918
0.037384,5.9027
0.049591,5.8936
0.059052,5.8786
0.077515,5.8643
0.099792,5.8478
0.120239,5.8301
0.140228,5.8163
0.154877,5.7959
0.164185,5.7788
0.158234,5.762
0.141449,5.7425
0.097656,5.7236
0.029449,5.7037
-0.053558,5.6836
-0.124817,5.665
-0.178375,5.6445
-0.210571,5.6253
-0.223694,5.6064
-0.218048,5.5875
-0.204773,5.5688
-0.192719,5.5521
-0.174255,5.5322
-0.156097,5.5139
-0.133362,5.499
-0.117035,5.4791
-0.100555,5.4648
-0.08728,5.4492
-0.079803,5.4349
-0.073853,5.4202
-0.064087,5.4056
-0.057983,5.3906
-0.052795,5.3793
-0.047913,5.3665
-0.043335,5.3564
-0.034637,5.3424
-0.030975,5.3323
-0.028229,5.3226
-0.027313,5.3134
-0.028381,5.3058
-0.026245,5.2979
-0.023499,5.2881
-0.02121,5.2835
-0.018616,5.2762
-0.018616,5.2695
-0.013885,5.2643
-0.009155,5.2591
-0.003967,5.2542
-0.001526,5.2487
0.001068,5.2472
0.000916,5.2448
0.005493,5.2393
0.00824,5.2399
0.00824,5.235
0.010376,5.235
0.01297,5.2301
0.015411,5.2298
0.015259,5.2298
0.015411,5.2307
0.018158,5.2249
0.020294,5.2258
0.019226,5.2252
0.018005,5.2252
0.018158,5.2255
0.019989,5.2246
0.020447,5.2246
0.018005,5.2249
0.020752,5.2252
0.020294,5.2255
0.020599,5.2249
0.023193,5.2249
0.018158,5.2292
0.018005,5.2295
0.018005,5.2292
0.018005,5.2298
0.020294,5.2298
0.032806,5.2295
0.065155,5.2295
0.056763,5.2353
0.069885,5.2347
0.067749,5.2356
0.01709,5.2359
-0.011444,5.2347
-0.014801,5.2399
-0.013885,5.2396
-0.023651,5.2396
-0.028687,5.2402
-0.026245,5.2402
-0.021057,5.2396
-0.016022,5.2451
-0.011292,5.2454
-0.011292,5.2451
-0.009155,5.2441
-0.040436,5.2441
-0.082397,5.2444
0.009613,5.2448
0.393829,5.2444
1.102295,5.2499
0.69458,5.2499
-0.063477,5.2496
-0.444794,5.2493
-0.419159,5.2499
-0.250549,5.2499
-0.139923,5.2499
-0.098267,5.2496
-0.074768,5.2487
-0.058289,5.2496
-0.045471,5.2493
-0.033417,5.2448
-0.023804,5.2448
-0.016174,5.2444
-0.00885,5.2451
0.000763,5.2438
0.008087,5.2444
0.017853,5.2448
0.02655,5.2396
0.037842,5.2353
0.04837,5.2304
0.061646,5.2252
0.080872,5.2151
0.103455,5.206
0.126495,5.1917
0.146637,5.1804
0.159607,5.1666
0.164795,5.1498
0.159607,5.1312
0.13855,5.1181
0.089874,5.0986
0.015869,5.0812
-0.065765,5.0647
-0.134735,5.0458
-0.182343,5.0269
-0.205841,5.0092
-0.211945,4.9915
-0.205994,4.9722
-0.191193,4.9551
-0.171509,4.9377
-0.15564,4.9207
-0.137177,4.9042
-0.119324,4.8886
-0.105438,4.8746
-0.092468,4.8578
-0.079956,4.845
-0.070343,4.8306
-0.062714,4.816
-0.055389,4.8059
-0.050659,4.7943
-0.047913,4.7818
-0.040894,4.7717
-0.035706,4.7626
-0.033569,4.7546
-0.028381,4.7476
-0.026245,4.7379
-0.023804,4.733
-0.019226,4.7284
-0.021362,4.7229
-0.018768,4.7177
-0.018768,4.7134
-0.016327,4.7086
-0.011444,4.7064
-0.006409,4.7037
-0.006256,4.7043
-0.001831,4.6988
-0.001373,4.6988
0.000916,4.6988
0.000458,4.6988
0.00351,4.6988
0.005798,4.6982
0.007935,4.6985
0.010529,4.7037
0.010529,4.7037
0.013275,4.7037
0.013123,4.7083
0.015411,4.7083
0.015259,4.7141
0.013275,4.7137
0.013123,4.7183
0.013275,4.7186
0.01297,4.7232
0.01297,4.7232
0.015564,4.7275
0.0177,4.7327
0.018005,4.7336
0.018158,4.7375
0.015259,4.7375
0.017853,4.743
0.016785,4.7473
0.023193,4.7476
0.033875,4.7525
0.061646,4.7574
0.047302,4.7577
0.049133,4.762
0.036163,4.7665
-0.000305,4.7665
-0.011597,4.7717
-0.006409,4.772
-0.006561,4.7769
-0.016174,4.7772
-0.02121,4.7818
-0.018768,4.7821
-0.014954,4.7867
-0.00885,4.7867
-0.006561,4.7913
-0.003815,4.7919
-0.006561,4.7964
-0.056305,4.7964
-0.09491,4.8016
0.029297,4.8007
0.509338,4.8056
1.133423,4.8062
0.559082,4.8062
-0.149384,4.8105
-0.45517,4.8111
-0.396423,4.8111
-0.223083,4.8157
-0.130157,4.816
-0.093384,4.8163
-0.071411,4.8206
-0.056458,4.8212
-0.045319,4.8212
-0.032196,4.8215
-0.023804,4.826
-0.012512,4.8251
-0.001373,4.8257
0.003357,4.8254
0.010681,4.826
0.020599,4.8306
0.02533,4.8297
0.036621,4.8309
0.044708,4.8257
0.059204,4.826
0.076599,4.8254
0.097351,4.8209
0.121765,4.8212
0.141449,4.8163
0.151978,4.8117
0.154572,4.8062
0.15213,4.8013
0.127869,4.7961
0.0737,4.7906
-0.000153,4.787
-0.076447,4.7775
-0.137482,4.7717
-0.176697,4.7675
-0.194702,4.7577
-0.197296,4.7525
-0.189972,4.7433
-0.177765,4.7379
-0.161896,4.733
-0.148468,4.7229
-0.121613,4.7186
-0.107117,4.7141
-0.096893,4.7034
-0.085602,4.6991
-0.075073,4.6939
-0.065155,4.6887
-0.057678,4.6841
-0.050659,4.6799
-0.043182,4.6744
-0.038147,4.6692
-0.033417,4.6701
-0.030823,4.6643
-0.030823,4.6603
-0.031128,4.6597
-0.033264,4.66
-0.03067,4.6552
-0.029297,4.6548
-0.026093,4.6552
-0.023499,4.6548
-0.018311,4.6545
-0.016022,4.6548
-0.011292,4.6548
-0.011292,4.6552
-0.00885,4.6548
-0.006409,4.6552
-0.004272,4.6597
-0.001526,4.6594
0.003357,4.6594
0.003662,4.6643
0.003204,4.6643
0.003204,4.6698
0.005341,4.6695
0.00824,4.6744
0.008087,4.6753
0.008087,4.6793
0.010529,4.6844
0.00824,4.6838
0.005493,4.6893
0.009766,4.6936
0.013275,4.6985
0.015717,4.6985
0.013275,4.7037
0.01297,4.7086
0.013428,4.7137
0.010986,4.7183
0.01297,4.7232
0.013123,4.7278
0.015564,4.7333
0.030212,4.74
0.063019,4.7476
0.059357,4.7522
0.063019,4.7571
0.067444,4.7644
0.023804,4.7714
-0.005798,4.7763
-0.011444,4.7867
-0.008545,4.7913
-0.018311,4.8004
-0.02594,4.8065
-0.023346,4.816
-0.016327,4.8209
-0.018921,4.8309
-0.016022,4.841
-0.009308,4.8495
-0.011139,4.8602
-0.055695,4.8682
-0.08728,4.8792
0.017853,4.8889
0.465698,4.9002
1.100769,4.9133
0.587616,4.9231
-0.077667,4.9384
-0.430298,4.9496
-0.422821,4.9619
-0.253143,4.9771
-0.139313,4.9887
-0.095367,5.0009
-0.067749,5.0162
-0.049286,5.0305
-0.036926,5.0436
-0.028687,5.0565
-0.02121,5.0717
-0.011292,5.0879
-0.002289,5.1028
0.001068,5.1175
0.006866,5.1324
0.013123,5.1514
0.020294,5.1663
0.027618,5.1813
0.039062,5.1981
0.054626,5.2151
0.066681,5.2304
0.08606,5.2448
0.107422,5.2594
0.125427,5.274
0.139923,5.2881
0.142517,5.303
0.137787,5.3183
0.119019,5.3323
0.077362,5.3436
0.014648,5.3564
-0.05722,5.3717
-0.118408,5.3836
-0.154877,5.3958
-0.172882,5.4071
-0.175629,5.4202
-0.172729,5.4303
-0.16098,5.4449
-0.144348,5.4544
-0.134888,5.4684
-0.121155,5.4791
-0.102234,5.4901
-0.092163,5.5038
-0.08255,5.5133
-0.075073,5.5276
-0.067444,5.5374
-0.057983,5.5521
-0.04837,5.5634
-0.045776,5.5759
-0.039368,5.5914
-0.036011,5.6058
-0.033417,5.6201
-0.030975,5.6342
-0.030975,5.6494
-0.028381,5.6644
-0.030823,5.6793
-0.028534,5.694
-0.020905,5.7095
-0.021515,5.7269
-0.019073,5.7416
-0.00885,5.7571
-0.009003,5.7758
-0.011444,5.791
-0.006409,5.8075
-0.006561,5.8255
-0.009155,5.8395
-0.003815,5.8585
-0.001373,5.874
-0.006409,5.8887
-0.001678,5.9052
-0.001678,5.9222
0.000916,5.9372
0.001068,5.9512
0.005646,5.9702
0.008087,5.9863
0.007172,6.0007
0.007935,6.015
0.003052,6.0294
0.008087,6.0464
0.022888,6.0629
0.027924,6.0785
0.055542,6.0934
0.047302,6.1078
0.058289,6.1224
0.04303,6.138
0.000763,6.1511
-0.018768,6.1661
-0.007172,6.1786
-0.003357,6.1908
-0.018921,6.2054
-0.018921,6.2201
-0.011444,6.2323
-0.016174,6.2454
-0.013733,6.2595
-0.006561,6.2692
-0.00412,6.2833
-0.011597,6.2958
-0.071716,6.3089
-0.062256,6.3187
0.110931,6.3324
0.661774,6.3425
0.966187,6.3516
0.411224,6.3663
-0.122833,6.3763
-0.419617,6.3861
-0.395508,6.3959
-0.241089,6.4059
-0.13031,6.4151
-0.092163,6.4249
-0.068359,6.4355
-0.052643,6.4453
-0.045319,6.4539
-0.033875,6.4609
-0.021057,6.4694
-0.016022,6.4786
-0.009003,6.4877
-0.004272,6.4932
0.001068,6.5024
0.005798,6.5085
0.015717,6.517
0.025482,6.5228
0.03479,6.528
0.046844,6.5335
0.061798,6.5417
0.074158,6.5469
0.092773,6.5518
0.111084,6.5564
0.117645,6.557
0.11795,6.5619
0.115662,6.5668
0.093384,6.572
0.047607,6.5717
-0.007935,6.5765
-0.067291,6.5765
-0.113373,6.5823
-0.140839,6.5808
-0.151062,6.5857
-0.153046,6.586
-0.145569,6.5912
-0.131073,6.5909
-0.113831,6.5961
-0.09964,6.5961
-0.089569,6.6
-0.079651,6.6019
-0.067444,6.601
-0.06012,6.6064
-0.05127,6.6061
-0.045776,6.6107
-0.040894,6.6098
-0.040894,6.6168
-0.040741,6.6165
-0.033569,6.6211
-0.028381,6.6205
-0.028381,6.626
-0.028381,6.6251
-0.026245,6.6302
-0.02594,6.6348
-0.023651,6.6345
-0.020905,6.6397
-0.016327,6.6449
-0.014038,6.6455
-0.013733,6.6501
-0.009003,6.6547
-0.011292,6.6592
-0.009003,6.6644
-0.00885,6.6681
-0.002289,6.6696
-0.001526,6.6739
-0.001526,6.6788
0.003357,6.6837
0.003204,6.6879
0.005646,6.6946
0.005951,6.6986
0.013428,6.7035
0.023193,6.709
0.044861,6.7139
0.054016,6.7181
0.057068,6.7227
0.071564,6.7276
0.028381,6.7334
-0.001984,6.7395
-0.010986,6.7465
0.00061,6.7517
-0.00412,6.7569
-0.014038,6.7618
-0.013733,6.7676
-0.00885,6.7712
-0.001678,6.7758
-0.003967,6.7813
-0.001678,6.785
-0.001678,6.7877
-0.024567,6.7911
-0.065308,6.7966
0.011292,6.8002
0.324707,6.806
0.992737,6.8103
0.724182,6.8158
0.112,6.821
-0.324097,6.8222
-0.429688,6.825
-0.306549,6.8304
-0.164032,6.8353
-0.100555,6.8356
-0.069733,6.8405
-0.054169,6.8448
-0.041351,6.8448
-0.028687,6.8497
-0.019379,6.8549
-0.013733,6.8549
-0.004272,6.8604
0.003357,6.8594
0.009918,6.8643
0.017853,6.864
0.022736,6.8643
0.030212,6.8692
0.041046,6.8701
0.054169,6.8698
0.06897,6.8695
0.085754,6.8738
0.106201,6.8744
0.125122,6.8747
0.134735,6.8744
0.139618,6.8744
0.13855,6.8747
0.115967,6.8701
0.07431,6.8701
0.010834,6.8695
-0.059662,6.8692
-0.113678,6.8698
-0.153198,6.8646
-0.172577,6.8646
-0.16861,6.8646
-0.160522,6.8643
-0.146027,6.8591
-0.131226,6.86
-0.113983,6.8597
-0.096741,6.8549
-0.09201,6.8549
-0.084686,6.8552
-0.07019,6.8497
-0.060425,6.8497
-0.050659,6.8497
-0.045776,6.8463
-0.043335,6.8451
-0.038147,6.8451
-0.035706,6.8451
-0.033264,6.8399
-0.033417,6.8402
-0.033569,6.8396
-0.030975,6.8353
-0.028534,6.8359
-0.025787,6.8347
-0.021667,6.835
-0.021515,6.8298
-0.018921,6.8295
-0.016327,6.8298
-0.013885,6.8295
-0.011444,6.8259
-0.011597,6.8256
-0.008545,6.8253
-0.006256,6.8237
-0.009155,6.8204
-0.006561,6.8204
-0.006409,6.821
-0.003967,6.8204
-0.001678,6.8152
0.003052,6.8158
0.005951,6.8164
0.005646,6.8152
0.005798,6.8118
0.008392,6.8112
0.014954,6.8109
0.031891,6.8109
0.059204,6.8073
0.052032,6.8051
0.068359,6.8066
0.049591,6.806
0.006104,6.8063
-0.015717,6.8018
-0.011749,6.8008
-0.009003,6.8011
-0.016479,6.8011
-0.021515,6.7957
-0.018768,6.7963
-0.013885,6.7963
-0.011292,6.7957
-0.006409,6.7947
-0.006561,6.7911
-0.004272,6.7914
-0.052032,6.7908
-0.050812,6.792
0.102081,6.7868
0.589752,6.7865
1.086426,6.7862
0.4599,6.7865
-0.179291,6.7816
-0.450287,6.7816
-0.383911,6.7816
-0.214844,6.7758
-0.114746,6.7773
-0.077515,6.7767
-0.059967,6.7715
-0.041504,6.7719
-0.028992,6.7676
-0.020599,6.7679
-0.009766,6.7667
-0.001678,6.7618
0.008087,6.7618
0.017395,6.7569
0.023346,6.7569
0.03006,6.7532
0.035553,6.7474
0.046997,6.7432
0.057526,6.7426
0.073242,6.7377
0.095062,6.7288
0.115662,6.723
0.139771,6.7184
0.154724,6.709
0.15976,6.7035
0.157013,6.694
0.142822,6.6888
0.103302,6.6791
0.039368,6.669
-0.0383,6.6605
-0.108795,6.6492
-0.165253,6.6406
-0.197601,6.6302
-0.207062,6.6196
-0.207214,6.611
-0.195465,6.6013
-0.179443,6.59
-0.1651,6.5771
-0.146484,6.5671
-0.12619,6.557
-0.109406,6.5427
-0.090027,6.5329
-0.077515,6.5225
-0.063477,6.5134
-0.052643,6.4993
-0.045471,6.4893
-0.0383,6.4792
-0.034027,6.4688
-0.030975,6.4594
-0.026245,6.4502
-0.028381,6.4401
-0.031128,6.4301
-0.030518,6.4206
-0.031128,6.4111
-0.028076,6.4008
-0.028381,6.3913
-0.028534,6.3843
-0.023499,6.377
-0.021057,6.3666
-0.018463,6.3577
-0.018616,6.3516
-0.016327,6.3425
-0.014343,6.3373
-0.01358,6.3275
-0.006561,6.3208
-0.00412,6.3132
-0.001526,6.3065
-0.001221,6.2988
0.000916,6.2927
0.003357,6.2842
0.005798,6.2787
0.010529,6.2692
0.013428,6.2643
0.01297,6.2543
0.015259,6.2494
0.015564,6.2393
0.018158,6.2357
0.017853,6.2247
0.017853,6.2204
0.015564,6.2112
0.027618,6.2057
0.049286,6.1972
0.069122,6.1908
0.059357,6.185
0.073853,6.1771
0.037689,6.1719
-0.004272,6.1624
-0.018616,6.1569
-0.007324,6.1478
-0.008392,6.142
-0.018463,6.1328
-0.025635,6.1279
-0.023804,6.1182
-0.021362,6.1115
-0.019073,6.1035
-0.011749,6.0934
-0.009155,6.0892
-0.012207,6.0788
-0.067749,6.0703
-0.055084,6.0645
0.140228,6.055
0.72052,6.0498
1.075745,6.04
0.345764,6.0312
-0.280151,6.0254
-0.460815,6.0153
-0.346069,6.0114
-0.185242,6.0007
-0.113678,5.9958
-0.079498,5.9863
-0.060883,5.9808
-0.051117,5.9717
-0.040894,5.9668
-0.030365,5.957
-0.021057,5.9525
-0.006866,5.9421
0.003204,5.9378
0.00824,5.9277
0.018005,5.9186
0.026093,5.9131
0.03479,5.903
0.046997,5.8926
0.057373,5.8798
0.0737,5.8698
0.093994,5.8548
0.116272,5.8414
0.138092,5.8258
0.15213,5.8115
0.162048,5.7959
0.160217,5.7779
0.146484,5.7617
0.106201,5.7425
0.040131,5.7263
-0.036316,5.7083
-0.106659,5.6888
-0.160675,5.6717
-0.19455,5.6549
-0.20462,5.6354
-0.203857,5.6186
-0.192871,5.6006
-0.181885,5.5826
-0.16098,5.5667
-0.140991,5.5502
-0.121918,5.5325
-0.103912,5.5179
-0.086365,5.5035
-0.075073,5.4883
-0.063171,5.4742
-0.052795,5.459
-0.048065,5.4477
-0.040894,5.4349
-0.0383,5.4248
-0.035706,5.4108
-0.033264,5.401
-0.030975,5.3909
-0.028381,5.3815
-0.026245,5.3714
-0.02594,5.3629
-0.023651,5.3568
-0.025635,5.347
-0.026093,5.3421
-0.023651,5.3326
-0.02121,5.3275
-0.021057,5.322
-0.016632,5.3177
-0.013733,5.3122
-0.013885,5.3079
-0.010986,5.303
-0.00885,5.2979
-0.006409,5.2982
-0.001678,5.2933
0.000916,5.2936
0.003357,5.289
0.005798,5.2884
0.005646,5.2838
0.007935,5.2835
0.008545,5.2841
0.013123,5.2838
0.008545,5.2786
0.007935,5.2789
0.008087,5.2786
0.010529,5.2792
0.010376,5.2777
0.013123,5.2786
0.013275,5.2792
0.010834,5.2789
0.010834,5.278
0.015411,5.2783
0.030975,5.2786
0.064545,5.2792
0.066376,5.2789
0.06958,5.2792
0.07431,5.2786
0.027618,5.2786
-0.006866,5.2792
-0.014191,5.2792
-0.010986,5.2838
-0.021973,5.2835
-0.030823,5.2835
-0.031128,5.2838
-0.023956,5.2838
-0.019226,5.2832
-0.013733,5.2835
-0.009003,5.2835
-0.011444,5.2835
-0.026703,5.2835
-0.085449,5.2838
-0.040588,5.2838
0.253448,5.2826
0.971222,5.2832
0.885315,5.2838
0.091858,5.2835
-0.400696,5.2835
-0.446472,5.2832
-0.292969,5.2835
-0.15564,5.2832
-0.106354,5.2832
-0.079956,5.2844
-0.060883,5.2838
-0.047302,5.2841
-0.036011,5.2841
-0.02594,5.2832
-0.01297,5.2841
-0.003204,5.2832
0.009918,5.2838
0.017853,5.2786
0.025177,5.2786
0.032501,5.2792
0.042114,5.274
0.051727,5.2692
0.064697,5.2643
0.080566,5.2539
0.099182,5.2444
0.118866,5.2313
0.139465,5.22
0.154724,5.2057
0.161591,5.1877
0.158997,5.1712
0.137177,5.1559
0.09079,5.1376
0.019684,5.1184
-0.057526,5.0998
-0.123444,5.0824
-0.170288,5.0644
-0.196686,5.0452
-0.201569,5.0253
-0.192413,5.0064
-0.179596,4.9878
-0.164642,4.9722
-0.147705,4.9527
-0.129242,4.9368
-0.114136,4.9182
-0.0914,4.9033
-0.080109,4.8877
-0.065765,4.8703
-0.055542,4.8572
-0.048065,4.8453
-0.040436,4.8303
-0.037994,4.8203
-0.033417,4.8074
-0.03067,4.7968
-0.028229,4.787
-0.030975,4.7772
-0.028381,4.7723
-0.028534,4.7623
-0.026855,4.7534
-0.023804,4.7479
-0.02121,4.7424
-0.016174,4.7379
-0.015869,4.733
-0.014038,4.7281
-0.014191,4.7235
-0.013885,4.7186
-0.011292,4.7186
-0.009003,4.7137
-0.006714,4.7131
-0.006561,4.7141
-0.00412,4.7092
-0.004272,4.7086
-0.001526,4.7089
-0.001373,4.7092
0.000763,4.7089
0.003357,4.7086
0.005798,4.7083
0.005646,4.7086
0.003357,4.7086
0.005798,4.7137
0.005646,4.7134
0.005646,4.7131
0.00824,4.7134
0.005493,4.7189
0.008392,4.7183
0.010986,4.7183
0.011292,4.7229
0.020447,4.7238
0.040131,4.7226
0.064545,4.7275
0.054169,4.7275
0.076294,4.7284
0.046844,4.733
0.002441,4.7333
-0.014191,4.7382
-0.011292,4.7372
-0.016022,4.7375
-0.023346,4.743
-0.026093,4.7424
-0.020905,4.743
-0.014191,4.7421
-0.011139,4.7479
-0.00824,4.7476
-0.001678,4.7473
-0.013123,4.7476
-0.077667,4.7476
-0.067444,4.7473
0.155487,4.7476
0.821686,4.7479
1.022186,4.7482
0.25116,4.7476
-0.327148,4.7476
-0.458832,4.7482
-0.334625,4.7476
-0.172577,4.7473
-0.106812,4.7479
-0.078278,4.7525
-0.060577,4.7528
-0.045624,4.7522
-0.030823,4.7528
-0.021057,4.7528
-0.01358,4.7574
-0.002136,4.7568
0.006104,4.7577
0.010681,4.7623
0.022736,4.7638
0.032806,4.7672
0.042114,4.7723
0.049133,4.7723
0.054932,4.7772
0.073242,4.7803
0.094299,4.7821
0.110016,4.7858
0.127563,4.7867
0.142059,4.7913
0.150299,4.7919
0.151978,4.7961
0.140686,4.8013
0.103149,4.8013
0.038147,4.8065
-0.036774,4.8102
-0.106964,4.8114
-0.157623,4.816
-0.182648,4.8212
-0.189819,4.8257
-0.189819,4.8306
-0.176849,4.8352
-0.165405,4.841
-0.151367,4.8453
-0.135345,4.8541
-0.121613,4.8596
-0.106049,4.8694
-0.090027,4.8779
-0.077515,4.8883
-0.068054,4.8981
-0.057831,4.9078
-0.050659,4.9182
-0.043182,4.9329
-0.040894,4.9432
-0.040588,4.9576
-0.036011,4.9716
-0.033417,4.9863
-0.030975,4.9979
-0.028687,5.0119
-0.023651,5.0293
-0.02121,5.0455
-0.021362,5.0595
-0.018921,5.076
-0.014038,5.094
-0.013885,5.1096
-0.011292,5.1276
-0.014191,5.1456
-0.006866,5.163
-0.003967,5.181
-0.003967,5.2014
-0.001526,5.2203
0.003357,5.2386
0.003204,5.2582
0.001068,5.2753
-0.001526,5.2948
0.001373,5.3146
0.003357,5.3342
0.007782,5.3534
0.00824,5.3714
0.010986,5.3909
0.008392,5.4105
0.008087,5.4297
0.008698,5.4498
0.008545,5.4691
0.00824,5.4904
0.024719,5.5099
0.046234,5.5316
0.048676,5.5518
0.057373,5.5719
0.065918,5.5902
0.023041,5.6143
-0.008698,5.6345
-0.01358,5.6558
-0.009155,5.6778
-0.016327,5.6985
-0.023499,5.7224
-0.022888,5.7431
-0.02121,5.7629
-0.018768,5.7861
-0.011139,5.8047
-0.009155,5.8267
-0.009155,5.8496
-0.057678,5.8691
-0.080414,5.8884
0.028992,5.9094
0.474548,5.9293
1.028748,5.9488
0.55191,5.9686
-0.026245,5.9872
-0.393829,6.0077
-0.428772,6.0254
-0.283356,6.0446
-0.154724,6.0638
-0.099182,6.0794
-0.074005,6.0986
-0.058289,6.1148
-0.045013,6.1322
-0.033417,6.1475
-0.022888,6.163
-0.011597,6.181
-0.001373,6.1963
0.005646,6.2109
0.015259,6.2259
0.020294,6.2399
0.022736,6.2515
0.027618,6.264
0.037231,6.2775
0.053864,6.2885
0.066681,6.2985
0.080566,6.312
0.098419,6.3217
0.110626,6.3315
0.121307,6.3388
0.128021,6.348
0.123444,6.3565
0.101471,6.362
0.058899,6.3718
0.002899,6.376
-0.055389,6.3861
-0.106201,6.3916
-0.139313,6.3965
-0.151062,6.4008
-0.150909,6.4062
-0.147552,6.4102
-0.132751,6.416
-0.118256,6.4203
-0.106812,6.4258
-0.089569,6.4307
-0.079956,6.4355
-0.070496,6.4395
-0.062103,6.4398
-0.055237,6.4447
-0.050507,6.4502
-0.046997,6.4551
-0.040894,6.4587
-0.043488,6.4594
-0.035706,6.4642
-0.028839,6.4688
-0.028381,6.4749
-0.028381,6.4737
-0.030975,6.4789
-0.028687,6.4828
-0.02533,6.4886
-0.021667,6.4886
-0.016174,6.4941
-0.011444,6.4984
-0.009003,6.503
-0.011597,6.5079
-0.00885,6.5125
-0.006409,6.5134
-0.006561,6.5173
-0.004272,6.5228
-0.003967,6.528
-0.003967,6.5323
0.000458,6.5372
0.002899,6.5427
0.000763,6.5479
0.005951,6.5518
0.005646,6.5576
0.00824,6.5625
0.021362,6.5668
0.049591,6.5723
0.049744,6.5765
0.058746,6.5808
0.063629,6.586
0.019989,6.5912
-0.003662,6.6
-0.009155,6.6055
-0.004578,6.6116
-0.01709,6.6156
-0.031128,6.6199
-0.02533,6.6251
-0.023804,6.6299
-0.018616,6.6354
-0.013123,6.6406
-0.009308,6.6461
-0.006561,6.6534
-0.048065,6.6589
-0.060577,6.6653
0.049438,6.669
0.43869,6.6748
1.018982,6.6791
0.58075,6.6837
0.0,6.6885
-0.381165,6.6943
-0.423737,6.6986
-0.276489,6.7041
-0.14679,6.7087
-0.09613,6.7136
-0.069275,6.7181
-0.050507,6.7227
-0.0383,6.7267
-0.028534,6.7279
-0.014038,6.7334
-0.006409,6.7383
-0.000916,6.7426
0.005493,6.7484
0.011749,6.7523
0.017548,6.756
0.020447,6.7569
0.028076,6.7615
0.038605,6.7667
0.050507,6.767
0.067291,6.7725
0.085754,6.7712
0.102692,6.7773
0.115967,6.7767
0.122833,6.781
0.120697,6.7825
0.115356,6.7859
0.092926,6.7859
0.046539,6.7862
-0.010529,6.7862
-0.075226,6.792
-0.122375,6.7908
-0.150757,6.7908
-0.160828,6.7911
-0.155945,6.792
-0.148163,6.7911
-0.136261,6.792
-0.119324,6.7957
-0.104218,6.796
-0.088654,6.7972
-0.075378,6.7953
-0.063324,6.7966
-0.055389,6.7966
-0.053101,6.7963
-0.045776,6.7963
-0.040894,6.7963
-0.03952,6.7963
-0.035706,6.796
-0.033569,6.7969
-0.030823,6.8005
-0.028381,6.8018
-0.030823,6.8008
-0.02594,6.8018
-0.025177,6.8011
-0.02121,6.8005
-0.018616,6.8011
-0.02121,6.8011
-0.016327,6.8024
-0.013733,6.806
-0.011292,6.8066
-0.009155,6.8051
-0.006714,6.8057
-0.00412,6.806
-0.006104,6.8054
-0.001373,6.8106
0.000916,6.8112
0.000916,6.8115
0.000916,6.8109
0.005798,6.8109
0.010529,6.8152
0.027466,6.8155
0.053253,6.8158
0.054321,6.8152
0.06134,6.8204
0.06546,6.8207
0.019379,6.8207
-0.011597,6.821
-0.017548,6.8253
-0.009155,6.8256
-0.017548,6.8262
-0.029602,6.825
-0.028687,6.8295
-0.020294,6.8301
-0.018616,6.8307
-0.015106,6.8298
-0.011444,6.835
-0.008698,6.8344
-0.045929,6.8359
-0.060883,6.8353
0.05722,6.835
0.456543,6.8362
1.068573,6.8402
0.578613,6.8408
-0.066223,6.8408
-0.417175,6.8399
-0.413361,6.8396
-0.257721,6.8396
-0.131989,6.8402
-0.082703,6.8408
-0.059052,6.8402
-0.041199,6.8396
-0.028687,6.8399
-0.018616,6.8408
-0.011139,6.8402
-0.00412,6.8402
0.002899,6.8408
0.013123,6.8402
0.020447,6.8399
0.027924,6.8399
0.036621,6.8411
0.046997,6.8402
0.060425,6.8353
0.078278,6.835
0.094604,6.835
0.112762,6.8304
0.134888,6.8304
0.147247,6.8262
0.157318,6.8253
0.152283,6.8213
0.138702,6.8204
0.103455,6.8158
0.0383,6.8103
-0.035248,6.8063
-0.10498,6.806
-0.157776,6.8011
-0.188599,6.796
-0.202026,6.7914
-0.197296,6.7871
-0.186005,6.7816
-0.16922,6.7764
-0.153198,6.7715
-0.137482,6.767
-0.118866,6.7618
-0.097504,6.7575
-0.080414,6.7529
-0.06546,6.748
-0.055695,6.7422
-0.048065,6.7383
-0.043335,6.7322
-0.036163,6.7279
-0.035858,6.7233
-0.032196,6.7188
-0.031128,6.7139
-0.028534,6.7078
-0.026398,6.7044
-0.026398,6.6986
-0.026093,6.6937
-0.028687,6.6898
-0.028687,6.683
-0.025635,6.6791
-0.02121,6.6739
-0.016022,6.669
-0.016327,6.6644
-0.011444,6.6592
-0.011444,6.6553
-0.011444,6.6504
-0.009003,6.6449
-0.006256,6.6364
-0.00412,6.6309
-0.001373,6.6257
0.002899,6.6199
0.003357,6.6162
0.008087,6.6107
0.005951,6.6058
0.007324,6.5964
0.010529,6.5906
0.010376,6.5866
0.007935,6.5814
0.010529,6.5759
0.013275,6.572
0.013123,6.5637
0.015411,6.5579
0.017548,6.553
0.03952,6.5475
0.068817,6.5421
0.059052,6.5372
0.077515,6.5292
0.053406,6.5231
0.010986,6.5186
-0.012207,6.5128
-0.013885,6.5042
-0.016327,6.4984
-0.02594,6.4932
-0.031281,6.485
-0.02655,6.4795
-0.021362,6.4737
-0.020905,6.4636
-0.013733,6.46
-0.014038,6.4496
-0.017242,6.4453
-0.068817,6.4383
-0.056915,6.431
0.129395,6.4255
0.669403,6.4154
1.084442,6.4108
0.370941,6.4041
-0.275726,6.3965
-0.464325,6.391
-0.278168,6.3818
-0.169067,6.377
-0.103302,6.3715
-0.072937,6.3623
-0.055389,6.3565
-0.045624,6.351
-0.031128,6.3428
-0.02121,6.3373
-0.011444,6.3281
-0.001678,6.3229
0.007782,6.3138
0.018158,6.3086
0.027618,6.2988
0.037537,6.2924
0.044708,6.2842
0.054169,6.2735
0.068817,6.261
0.089722,6.2497
0.1091,6.2393
0.131378,6.2256
0.154266,6.2103
0.166931,6.1957
0.171661,6.1816
0.166779,6.1673
0.145874,6.1514
0.097809,6.1328
0.027161,6.1185
-0.05249,6.0999
-0.124512,6.0843
-0.172577,6.0657
-0.19989,6.0495
-0.212097,6.0342
-0.207062,6.0156
-0.197144,6.0001
-0.180511,5.9821
-0.163116,5.9671
-0.144653,5.9506
-0.126343,5.9341
-0.106964,5.9186
-0.092316,5.9036
-0.077515,5.8893
-0.065613,5.8737
-0.057831,5.8615
-0.051727,5.8478
-0.045624,5.835
-0.040894,5.8206
-0.035706,5.8105
-0.033264,5.7999
-0.033112,5.7864
-0.033264,5.7764
-0.033417,5.7666
-0.036011,5.7568
-0.036163,5.7477
-0.033417,5.7382
-0.031281,5.7327
-0.030975,5.722
-0.02594,5.7181
-0.023651,5.7077
-0.021057,5.7034
-0.016327,5.6979
-0.016022,5.6924
-0.014343,5.6839
-0.011597,5.679
-0.00885,5.676
-0.00412,5.6741
-0.001526,5.6683
0.001068,5.6641
0.000763,5.6592
0.00351,5.6595
0.00351,5.654
0.005951,5.6491
0.00824,5.6491
0.010681,5.6445
0.013123,5.6396
0.010681,5.6393
0.013123,5.6348
0.015411,5.6302
0.015411,5.6253
0.015869,5.6253
0.015869,5.6207
0.013275,5.6152
0.013123,5.61
0.027313,5.6055
0.056458,5.5966
0.059967,5.5908
0.066223,5.5862
0.078735,5.5817
0.030365,5.5765
-0.003662,5.571
-0.016174,5.5664
-0.016022,5.5618
-0.022888,5.5573
-0.031128,5.5518
-0.0354,5.545
-0.030823,5.5396
-0.02655,5.5325
-0.018921,5.528
-0.018463,5.5258
-0.016174,5.5225
-0.033417,5.5179
-0.084991,5.513
-0.018616,5.5078
0.29892,5.5035
1.01944,5.4987
0.829773,5.4935
0.017548,5.4935
-0.43335,5.4886
-0.429535,5.4837
-0.262146,5.4785
-0.141296,5.4767
-0.097046,5.4739
-0.070648,5.4684
-0.053406,5.4642
-0.041351,5.4648
-0.033722,5.4593
-0.021362,5.4544
-0.010986,5.4544
0.000305,5.4495
0.00885,5.4474
0.017853,5.4449
0.027771,5.4395
0.032806,5.4373
0.041962,5.4352
0.049591,5.4251
0.066223,5.4196
0.08194,5.4108
0.102539,5.3973
0.125275,5.3864
0.147247,5.372
0.157013,5.3586
0.161743,5.3439
0.154114,5.3287
0.13031,5.3128
0.078735,5.2985
0.006714,5.2789
-0.072784,5.2643
-0.137482,5.2454
-0.179901,5.2298
-0.200348,5.2109
-0.20462,5.1956
-0.197754,5.1767
-0.182648,5.1624
-0.1651,5.145
-0.142822,5.1273
-0.124512,5.1129
-0.106812,5.0983
-0.091553,5.0812
-0.077362,5.0671
-0.067291,5.0549
-0.057831,5.04
-0.053558,5.0253
-0.046234,5.0162
-0.040436,5.0015
-0.035553,4.9915
-0.030975,4.982
-0.026855,4.9698
-0.026093,4.9579
-0.023956,4.9503
-0.023651,4.9432
-0.021362,4.9329
-0.020752,4.9231
-0.020905,4.9182
-0.021362,4.9091
-0.023651,4.903
-0.018768,4.8981
-0.016327,4.8935
-0.01358,4.8886
-0.009003,4.8846
-0.006409,4.8795
-0.001526,4.8746
0.000916,4.874
0.003662,4.8697
0.007324,4.8648
0.007782,4.8645
0.007935,4.8642
0.008087,4.8596
0.005798,4.8602
0.005798,4.8599
0.005646,4.8602
0.003052,4.8596
0.005493,4.8593
0.005798,4.8596
0.000763,4.8602
0.005798,4.8593
0.005798,4.8605
0.006256,4.8605
0.00824,4.8599
0.00824,4.8602
0.010681,4.8599
0.013275,4.8593
0.01297,4.8596
0.013275,4.8651
0.0177,4.8645
0.037231,4.8645
0.070953,4.8642
0.06424,4.8642
0.080719,4.8694
0.069275,4.8694
0.02243,4.8694
-0.003815,4.8688
-0.009003,4.874
-0.011139,4.874
-0.021362,4.874
-0.03067,4.874
-0.028687,4.8788
-0.023193,4.8795
-0.018768,4.8792
-0.015869,4.8788
-0.013885,4.8843
-0.014343,4.884
-0.055237,4.8846
-0.092163,4.8837
0.019379,4.8886
0.475159,4.8892
1.141968,4.8895
0.587463,4.8889
-0.141754,4.8941
-0.457916,4.8938
-0.393372,4.8938
-0.222015,4.8984
-0.123749,4.8975
-0.085449,4.8993
-0.060577,4.9036
-0.043335,4.9042
-0.036163,4.9078
-0.028381,4.9109
-0.018311,4.9139
-0.00885,4.9185
0.000153,4.9231
0.007782,4.9255
0.018311,4.9283
0.02533,4.9326
0.030365,4.938
0.039978,4.9432
0.050964,4.9478
0.063782,4.953
0.082855,4.957
0.101166,4.9631
0.123138,4.9673
0.139313,4.9722
0.147095,4.9771
0.152588,4.9814
0.142517,4.982
0.108337,4.9866
0.045319,4.9911
-0.03006,4.9966
-0.099182,5.0012
-0.153046,5.0058
-0.18219,5.0162
-0.194855,5.0214
-0.195312,5.0253
-0.183258,5.0345
-0.169678,5.04
-0.153351,5.05
-0.138397,5.0552
-0.121918,5.065
-0.106659,5.0745
-0.096436,5.0836
-0.079803,5.0934
-0.070953,5.1028
-0.065155,5.1132
-0.057831,5.1233
-0.053101,5.1358
-0.045929,5.1474
-0.043335,5.1605
-0.0383,5.1715
-0.030823,5.1859
-0.029907,5.1978
-0.030975,5.2103
-0.023499,5.2255
-0.02121,5.2399
-0.023651,5.2536
-0.023956,5.2686
-0.018768,5.2835
-0.015869,5.2982
-0.015869,5.3152
-0.011292,5.332
-0.00885,5.3464
-0.008392,5.3613
-0.00412,5.3802
0.000763,5.3958
0.000763,5.4129
0.003204,5.43
0.005798,5.4462
0.005646,5.4642
0.005951,5.4788
0.010529,5.4977
0.010834,5.5154
0.005951,5.5322
0.005646,5.5499
0.01297,5.5664
0.010529,5.5859
0.008087,5.603
0.010834,5.6195
0.010376,5.6396
0.013275,5.6589
0.012817,5.6781
0.015411,5.6973
0.01358,5.7172
0.016022,5.7339
0.036926,5.7544
0.028229,5.773
-0.015411,5.7928
0.001068,5.813
-0.006714,5.8322
-0.001984,5.8521
0.001221,5.8707
0.008698,5.8908
0.005646,5.9076
0.003204,5.9271
0.005798,5.9467
0.006409,5.9665
0.010529,5.9857
0.010529,6.0046
0.012512,6.0229
0.010681,6.04
-0.025482,6.0596
-0.063171,6.0779
0.018005,6.0934
0.372467,6.1124
1.02066,6.1295
0.673065,6.1481
0.080261,6.1646
-0.341187,6.1819
-0.431519,6.1954
-0.293884,6.2149
-0.154114,6.2305
-0.092316,6.2448
-0.064697,6.2589
-0.048676,6.2747
-0.033264,6.2894
-0.023804,6.3037
-0.019379,6.3177
-0.00885,6.3321
-0.006409,6.3477
-0.006561,6.3565
-0.001526,6.3715
0.005798,6.3812
0.019684,6.3962
0.023041,6.4056
0.027618,6.4151
0.0383,6.4252
0.054016,6.4346
0.06897,6.445
0.087891,6.4542
0.105591,6.46
0.118103,6.4685
0.120544,6.474
0.11795,6.4835
0.10376,6.4893
0.064545,6.4938
0.008087,6.4981
-0.053406,6.5042
-0.104523,6.5079
-0.137939,6.5131
-0.153351,6.5186
-0.158539,6.5228
-0.153656,6.528
-0.140991,6.532
-0.128174,6.5323
-0.108795,6.5378
-0.101471,6.5424
-0.085602,6.5451
-0.079193,6.5479
-0.070953,6.5527
-0.065308,6.557
-0.057526,6.557
-0.048218,6.5619
-0.049896,6.5665
-0.045471,6.571
-0.040741,6.5717
-0.038147,6.5771
-0.0354,6.5811
-0.031128,6.586
-0.03067,6.5863
-0.025787,6.5915
-0.023499,6.5961
-0.026703,6.6013
-0.02121,6.601
-0.014496,6.6058
-0.008698,6.6113
-0.006104,6.6153
-0.006714,6.6183
-0.006866,6.6208
-0.00412,6.6248
-0.005798,6.6299
-0.003662,6.6351
0.002747,6.64
0.003204,6.6397
0.005188,6.6446
0.003357,6.6501
0.003357,6.6556
0.003204,6.6589
0.005951,6.665
0.005798,6.6672
0.007935,6.6687
0.010681,6.6748
0.013123,6.6791
0.032196,6.6846
0.040131,6.6895
0.030823,6.6934
0.049133,6.6953
0.025787,6.6992
-0.007019,6.7035
-0.013885,6.7087
-0.003662,6.7136
-0.004425,6.7181
-0.014343,6.7227
-0.01358,6.7245
-0.013733,6.7285
-0.011292,6.7319
-0.00885,6.7371
-0.000916,6.7426
-0.001526,6.7471
-0.02533,6.7517
-0.063324,6.752
0.010376,6.7572
0.284424,6.7618
0.949707,6.7667
0.756073,6.7694
0.145874,6.7715
-0.306854,6.7764
-0.436249,6.7816
-0.320282,6.7862
-0.170135,6.7865
-0.101929,6.7911
-0.072937,6.7963
-0.05188,6.8011
-0.040588,6.806
-0.028381,6.8076
-0.021362,6.8112
-0.011292,6.8158
-0.006561,6.8207
0.001526,6.8262
0.008087,6.8304
0.009918,6.8338
0.018311,6.8344
0.028381,6.8399
0.041809,6.8448
0.054321,6.8454
0.066223,6.8497
0.081177,6.8546
0.098877,6.8546
0.113068,6.8597
0.125427,6.8591
0.123138,6.8643
0.123138,6.8649
0.108795,6.8646
0.064392,6.8698
0.002441,6.8692
-0.060883,6.8692
-0.116577,6.875
-0.146027,6.8738
-0.162811,6.8744
-0.165405,6.8741
-0.162354,6.8738
-0.14801,6.875
-0.131531,6.8799
-0.119324,6.879
-0.104675,6.8793
-0.086975,6.879
-0.079956,6.879
-0.072632,6.879
-0.063324,6.8796
-0.050659,6.8799
-0.047913,6.8793
-0.045624,6.879
-0.040436,6.8796
-0.038452,6.8793
-0.033875,6.8842
-0.030975,6.8848
-0.028687,6.8842
-0.02594,6.8839
-0.028534,6.8842
-0.02594,6.8839
-0.021362,6.8842
-0.02121,6.8832
-0.020447,6.8845
-0.014038,6.8842
-0.011597,6.8881
-0.007324,6.8887
-0.006256,6.889
-0.006714,6.889
-0.004578,6.889
-0.00412,6.8887
-0.001831,6.889
0.000916,6.8942
0.005951,6.8945
0.005646,6.8939
0.006104,6.8942
0.008392,6.8939
0.010071,6.8939
0.01297,6.8936
0.022736,6.8973
0.046387,6.8979
0.056763,6.8988
0.058899,6.8985
0.075836,6.8988
0.032654,6.8985
-0.002441,6.8985
-0.01297,6.8994
-0.004272,6.8988
-0.01358,6.8985
-0.023804,6.8988
-0.02121,6.9037
-0.016785,6.9037
-0.013733,6.9034
-0.011444,6.9034
-0.00885,6.9046
-0.009003,6.9028
-0.047607,6.9046
-0.064545,6.9043
0.050049,6.9037
0.448303,6.9037
1.040802,6.9037
0.565338,6.9037
-0.04776,6.9031
-0.400085,6.9089
-0.411835,6.9083
-0.257874,6.9092
-0.129089,6.9083
-0.079651,6.908
-0.055695,6.9083
-0.042572,6.9086
-0.032501,6.9086
-0.020599,6.9086
-0.009155,6.9083
-0.003967,6.9089
0.005493,6.9086
0.013275,6.9089
0.017853,6.9083
0.025482,6.9083
0.032501,6.9086
0.039673,6.9083
0.050964,6.904
0.067291,6.9037
0.085907,6.9037
0.103912,6.9034
0.128479,6.8994
0.142365,6.8985
0.149841,6.8985
0.145569,6.8945
0.133057,6.8945
0.103302,6.8893
0.043945,6.8884
-0.029297,6.8842
-0.100098,6.8848
-0.153503,6.8793
-0.183105,6.879
-0.189972,6.8744
-0.187378,6.8723
-0.177612,6.8689
-0.164795,6.8646
-0.148773,6.864
-0.128021,6.8597
-0.113831,6.8597
-0.098877,6.8549
-0.082855,6.8506
-0.070038,6.8497
-0.065002,6.8451
-0.055389,6.8445
-0.050507,6.8402
-0.045624,6.8402
-0.039825,6.8347
-0.033417,6.8362
-0.031281,6.8338
-0.030823,6.8304
-0.030365,6.8298
-0.026093,6.825
-0.025787,6.8246
-0.02594,6.8207
-0.023651,6.8207
-0.023804,6.8158
-0.016327,6.8158
-0.016327,6.8158
-0.011139,6.8103
-0.011597,6.81
-0.00885,6.8057
-0.006866,6.806
-0.004272,6.8005
-0.003815,6.8005
-0.001831,6.7969
0.001068,6.7963
0.000763,6.7914
0.00351,6.7911
0.005798,6.7874
0.00824,6.7862
0.00824,6.781
0.008087,6.7816
0.010681,6.7767
0.010834,6.7715
0.008545,6.7719
0.009918,6.767
0.008087,6.7618
0.010834,6.7578
0.008392,6.7529
0.018158,6.748
0.044708,6.7471
0.066528,6.7426
0.061646,6.7374
0.081177,6.7325
0.044403,6.7267
0.002899,6.7188
-0.016174,6.7142
-0.011597,6.7081
-0.015717,6.7038
-0.023804,6.6989
-0.026398,6.6943
-0.023193,6.6882
-0.018616,6.68
-0.018616,6.6739
-0.012817,6.6693
-0.011444,6.6644
-0.028839,6.655
-0.070496,6.6498
0.005646,6.6452
0.318451,6.6357
1.002045,6.6306
0.78598,6.6251
0.027924,6.6156
-0.411224,6.6107
-0.43869,6.6019
-0.279846,6.5961
-0.143585,6.5918
-0.09491,6.5817
-0.072632,6.5762
-0.054626,6.5659
-0.0383,6.5616
-0.026245,6.5521
-0.016785,6.5436
-0.006409,6.5372
0.00351,6.528
0.012817,6.5231
0.020294,6.5131
0.028534,6.5033
0.037384,6.4944
0.045319,6.4838
0.054321,6.474
0.06897,6.4642
0.088348,6.4545
0.110321,6.4401
0.132294,6.4297
0.155334,6.4157
0.164642,6.4017
0.163422,6.3892
0.157166,6.3742
0.1297,6.3596
0.071411,6.3446
-0.002594,6.3287
-0.077972,6.3135
-0.141296,6.2991
-0.18692,6.2833
-0.206909,6.2668
-0.211945,6.2494
-0.200043,6.2347
-0.187378,6.2198
-0.171661,6.2033
-0.155945,6.1868
-0.137787,6.1719
-0.116882,6.1578
-0.098419,6.1426
-0.084534,6.127
-0.071716,6.1133
-0.061798,6.0986
-0.050812,6.0843
-0.045624,6.0724
-0.040588,6.0602
-0.040741,6.0452
-0.040741,6.0352
-0.038147,6.0233
-0.032349,6.0114
-0.033264,6.0007
-0.033569,5.9912
-0.031281,5.9811
-0.03067,5.9714
-0.030823,5.9616
-0.028534,5.9518
-0.026093,5.943
-0.02121,5.9372
-0.018616,5.9277
-0.014191,5.9229
-0.006561,5.9125
-0.001373,5.9088
-0.003967,5.8997
-0.003815,5.8936
0.002136,5.8887
0.005493,5.8835
0.008087,5.8768
0.010681,5.8688
0.010681,5.8643
0.013123,5.8588
0.010834,5.8548
0.010681,5.8499
0.012665,5.8447
0.015411,5.8405
0.015717,5.8344
0.013275,5.8301
0.013275,5.8255
0.01297,5.8179
0.010834,5.8109
0.015564,5.8054
0.015411,5.8011
0.01297,5.7959
0.01297,5.791
0.010529,5.7858
0.010834,5.7819
0.018005,5.7767
0.037231,5.7718
0.067596,5.7669
0.05661,5.7623
0.074615,5.7574
0.053558,5.7523
0.007935,5.7468
-0.015717,5.7425
-0.017853,5.7367
-0.02121,5.7324
-0.029449,5.7303
-0.035706,5.7281
-0.033264,5.7227
-0.029907,5.7181
-0.026093,5.7129
-0.021057,5.7111
-0.018921,5.708
-0.025635,5.7037
-0.084686,5.6985
-0.067596,5.6967
0.15213,5.6937
0.779572,5.6888
1.052246,5.6839
0.273743,5.6833
-0.337524,5.6784
-0.464172,5.6741
-0.328827,5.6744
-0.174103,5.6686
-0.111237,5.6638
-0.080261,5.6595
-0.065308,5.6543
-0.053101,5.65
-0.03952,5.6473
-0.028381,5.6442
-0.016327,5.6393
-0.00412,5.6351
0.006714,5.6299
0.015411,5.621
0.020294,5.6152
0.025177,5.6107
0.035858,5.6012
0.04715,5.5914
0.061798,5.5814
0.076447,5.5719
0.095825,5.5615
0.11734,5.5466
0.139465,5.5328
0.155334,5.5182
0.164032,5.5029
0.161591,5.4883
0.147705,5.4739
0.110168,5.4578
0.038452,5.4401
-0.041199,5.4251
-0.116882,5.4083
-0.169067,5.3912
-0.196838,5.376
-0.211639,5.3592
-0.207367,5.3427
-0.195007,5.3278
-0.179138,5.3125
-0.158539,5.2988
-0.137787,5.2832
-0.120239,5.2686
-0.102081,5.2545
-0.087128,5.2451
-0.077209,5.2301
-0.067902,5.2197
-0.059357,5.206
-0.054474,5.1959
-0.043182,5.1859
-0.040894,5.1758
-0.038147,5.1669
-0.036011,5.1569
-0.033722,5.1483
-0.030823,5.1422
-0.030823,5.1324
-0.028687,5.1273
-0.026245,5.1218
-0.023346,5.1163
-0.020905,5.1083
-0.018921,5.1031
-0.013885,5.0986
-0.011139,5.0964
-0.009003,5.0931
-0.006409,5.0885
-0.006561,5.0833
-0.001678,5.0836
0.001068,5.079
0.003357,5.079
0.00351,5.0751
0.005493,5.0745
0.005493,5.0696
0.010529,5.0693
0.010681,5.0702
0.010834,5.0644
0.010529,5.0638
0.008392,5.0641
0.010681,5.0644
0.010834,5.065
0.012665,5.0595
0.011902,5.0595
0.013275,5.0592
0.012207,5.0595
0.013123,5.0598
0.01297,5.0601
0.013123,5.0598
0.010071,5.0598
0.010681,5.0592
0.01297,5.0598
0.016479,5.0592
0.027771,5.0586
0.061188,5.0598
0.054474,5.0601
0.065155,5.0598
0.063477,5.0549
0.022278,5.0549
-0.009003,5.0552
-0.011139,5.0549
-0.011292,5.0555
-0.021362,5.0543
-0.028381,5.0546
-0.026093,5.0552
-0.02243,5.0552
-0.018921,5.0546
-0.014038,5.0546
-0.011749,5.0543
-0.011292,5.0552
-0.058289,5.0546
-0.088806,5.0543
0.042419,5.0494
0.541992,5.0497
1.146545,5.0497
0.529175,5.0497
-0.192566,5.0497
-0.463562,5.0497
-0.381165,5.0497
-0.211029,5.0452
-0.12558,5.0452
-0.090027,5.0455
-0.070038,5.0452
-0.057831,5.0452
-0.045776,5.0403
-0.034637,5.04
-0.023193,5.04
-0.011292,5.04
-0.001373,5.0357
0.005798,5.0348
0.015564,5.0357
0.025024,5.0302
0.032349,5.0256
0.039673,5.0201
0.051727,5.011
0.072327,5.0006
0.088196,4.9866
0.10788,4.9667
0.1297,4.9481
0.147247,4.9277
0.154724,4.9042
0.154572,4.8795
0.147552,4.8544
0.112457,4.8267
0.051727,4.7989
-0.02533,4.7726
-0.100098,4.7427
-0.155334,4.7144
-0.187225,4.6854
-0.202332,4.6558
-0.202179,4.6274
-0.189819,4.6005
-0.175323,4.5724
-0.157013,4.5459
-0.137482,4.5187
-0.121613,4.4916
-0.104675,4.4678
-0.094757,4.4412
-0.082397,4.418
-0.072479,4.3958
-0.062866,4.3729
-0.060272,4.353
-0.052032,4.3332
-0.04303,4.3134
-0.035858,4.299
-0.033417,4.2795
-0.033417,4.2642
-0.033264,4.2499
-0.030975,4.2352
-0.026398,4.2242
-0.026093,4.2111
-0.023651,4.2014
-0.018768,4.191
-0.016174,4.1818
-0.014191,4.1714
-0.011444,4.1672
-0.00885,4.1571
-0.003967,4.1525
-0.001678,4.1522
-0.001221,4.1479
0.000916,4.1473
0.005798,4.1473
0.010681,4.1479
0.015869,4.1525
0.010376,4.1541
0.013123,4.1565
0.0177,4.1644
0.016785,4.1714
0.015717,4.1766
0.0177,4.187
0.020599,4.1965
0.020447,4.2059
0.018005,4.216
0.018005,4.2264
0.017853,4.2377
0.018005,4.2496
0.018158,4.2633
0.015717,4.2764
0.015564,4.2911
0.013428,4.3079
0.013428,4.3228
0.013275,4.3378
0.012054,4.3567
0.01297,4.3771
0.041809,4.3948
0.037842,4.4144
0.021362,4.4354
0.029297,4.455
0.005798,4.476
-0.009155,4.4992
-0.00885,4.5224
-0.006561,4.5428
-0.008698,4.5667
-0.013733,4.592
-0.011292,4.6155
-0.009003,4.6396
-0.006409,4.6643
-0.001526,4.6887
0.00061,4.7153
0.000916,4.7421
-0.045013,4.7687
-0.082397,4.7961
0.009308,4.8227
0.401459,4.8499
1.070557,4.8788
0.645294,4.9078
-0.008698,4.9368
-0.398254,4.9661
-0.432281,4.9954
-0.28656,5.0247
-0.151825,5.0537
-0.095673,5.0824
-0.068054,5.1117
-0.055542,5.141
-0.043335,5.17
-0.035706,5.1993
-0.023651,5.2301
-0.019226,5.2585
-0.011444,5.2884
-0.00061,5.3171
0.005646,5.3464
0.013123,5.376
0.021667,5.405
0.032501,5.4297
0.039673,5.4578
0.048218,5.4834
0.064087,5.5106
0.081329,5.5347
0.102692,5.5588
0.122375,5.5811
0.13504,5.6058
0.140076,5.6259
0.135193,5.6491
0.118408,5.6689
0.073395,5.6903
0.005951,5.7098
-0.063171,5.7291
-0.112305,5.7474
-0.150146,5.7666
-0.162964,5.7849
-0.165558,5.8002
-0.160217,5.8194
-0.150909,5.835
-0.136261,5.8499
-0.126343,5.8661
-0.109253,5.8829
-0.092468,5.8975
-0.084686,5.9113
-0.079803,5.9244
-0.072632,5.9375
-0.067444,5.9518
-0.055389,5.9668
-0.048523,5.9781
-0.045624,5.9909
-0.043182,6.0062
-0.043335,6.0153
-0.035553,6.0303
-0.033112,6.0403
-0.028687,6.0516
-0.026245,6.0641
-0.023804,6.0739
-0.02121,6.0861
-0.019073,6.0986
-0.013885,6.1087
-0.009003,6.1179
-0.006561,6.1295
-0.004272,6.1411
-0.001221,6.1523
-0.001678,6.1624
-0.001526,6.1713
-0.004272,6.1816
-0.00412,6.1914
0.000458,6.2006
-0.001373,6.2109
-0.001678,6.2213
0.000763,6.2308
-0.001526,6.2396
0.000763,6.2494
0.006104,6.2592
0.00824,6.2659
0.008087,6.2738
0.005646,6.2839
0.010986,6.2933
0.011749,6.3034
0.00824,6.3077
0.006104,6.3184
0.005646,6.3278
0.022888,6.333
0.037842,6.3428
0.00946,6.3519
-0.00885,6.3571
0.000916,6.3675
-0.011902,6.3712
-0.001526,6.3815
0.004578,6.3861
0.004578,6.3959
-0.003662,6.4029
-0.003815,6.4108
0.00351,6.4154
0.005646,6.4255
0.008392,6.4297
0.01297,6.4395
0.010681,6.4441
-0.014648,6.4536
-0.065308,6.4584
-0.019531,6.4639
0.222626,6.4725
0.882111,6.4786
0.825653,6.4838
0.229492,6.4896
-0.252991,6.4972
-0.441437,6.5036
-0.3508,6.5088
-0.193329,6.5131
-0.115662,6.5179
-0.079193,6.5225
-0.057678,6.5277
-0.04303,6.5344
-0.033264,6.5417
-0.023651,6.5479
-0.018616,6.5521
-0.011444,6.5567
-0.00885,6.5619
-0.006409,6.5668
0.000916,6.571
0.010834,6.5717
0.014496,6.5771
0.027313,6.5814
0.03891,6.586
0.044403,6.5903
0.063782,6.5915
0.080414,6.5967
0.097198,6.6006
0.110626,6.6006
0.11322,6.6052
0.115662,6.6064
0.103455,6.6104
0.070496,6.6116
0.019684,6.6156
-0.041351,6.6153
-0.10025,6.6153
-0.136261,6.6202
-0.145874,6.6202
-0.145874,6.6205
-0.145874,6.6248
-0.136108,6.6248
-0.121918,6.6254
-0.112,6.6299
-0.099335,6.6299
-0.090027,6.6299
-0.079956,6.6302
-0.069275,6.6348
-0.062714,6.6345
-0.060272,6.6354
-0.050964,6.64
-0.043182,6.6409
-0.038452,6.6397
-0.033112,6.6443
-0.033417,6.6452
-0.027313,6.6504
-0.023651,6.6495
-0.026093,6.6544
-0.021667,6.6544
-0.018921,6.6586
-0.013885,6.6638
-0.014038,6.665
-0.007019,6.669
-0.009003,6.6739
-0.006256,6.6736
-0.001526,6.6797
-0.003815,6.684
-0.001526,6.6843
0.000763,6.6891
0.000763,6.6937
0.000763,6.6989
0.003052,6.6989
0.005798,6.7032
0.00824,6.7075
0.00824,6.7133
0.008545,6.7178
0.005798,6.7175
0.005493,6.723
0.010529,6.7276
0.008087,6.7319
0.007935,6.7368
0.012817,6.7419
0.022736,6.7441
0.044403,6.7474
0.034027,6.7523
0.025482,6.7572
0.023193,6.7621
-0.003662,6.7664
-0.009155,6.7673
0.001984,6.7715
0.000763,6.7764
-0.001221,6.7807
-0.006409,6.7859
-0.002747,6.7865
0.001068,6.7914
0.003052,6.7963
0.012665,6.7978
0.01297,6.8005
0.008087,6.8054
-0.042725,6.8109
-0.04715,6.8112
0.079193,6.8155
0.529022,6.8204
1.016235,6.8204
0.50354,6.825
-0.053253,6.825
-0.390625,6.8301
-0.395813,6.8353
-0.247955,6.8353
-0.129089,6.8399
-0.084686,6.8396
-0.063019,6.8457
-0.043182,6.8457
-0.035858,6.8506
-0.025787,6.8494
-0.021362,6.8555
-0.014191,6.8549
-0.006409,6.8588
0.00061,6.8597
0.003357,6.8597
0.007935,6.8655
0.017853,6.8652
0.022583,6.8652
0.035095,6.8649
0.050812,6.8646
0.065308,6.8655
0.08606,6.8643
0.100555,6.864
0.117798,6.8646
0.12558,6.8643
0.125122,6.8646
0.115509,6.8591
0.082703,6.8594
0.029449,6.8564
-0.034027,6.8552
-0.095673,6.8549
-0.142059,6.85
-0.167847,6.8484
-0.180206,6.8451
-0.175171,6.8405
-0.164032,6.8405
-0.153198,6.8356
-0.137177,6.8307
-0.119324,6.8301
-0.102081,6.825
-0.089722,6.8256
-0.076141,6.8207
-0.06546,6.8155
-0.056458,6.8158
-0.055542,6.8106
-0.04837,6.8057
-0.041962,6.8054
-0.040894,6.8008
-0.033569,6.8011
-0.033569,6.7966
-0.035858,6.7957
-0.03067,6.7914
-0.031128,6.7914
-0.028534,6.7862
-0.026093,6.7859
-0.02243,6.7813
-0.018616,6.7813
-0.014496,6.7822
-0.013733,6.7764
-0.011139,6.7764
-0.010986,6.7767
-0.00412,6.7722
-0.003967,6.7715
0.003204,6.7725
0.000916,6.7719
0.003357,6.7715
0.005646,6.7715
0.008392,6.7676
0.008392,6.767
0.010681,6.767
0.013123,6.7676
0.00946,6.7667
0.013123,6.7667
0.015564,6.7667
0.013275,6.7673
0.010681,6.7661
0.013123,6.767
0.015564,6.7615
0.016937,6.7624
0.023041,6.7621
0.05188,6.7621
0.055389,6.7621
0.056763,6.7612
0.062714,6.7615
0.021667,6.7563
-0.00885,6.7569
-0.008545,6.7572
-0.00412,6.7569
-0.011444,6.7566
-0.016479,6.752
-0.016327,6.7517
-0.013885,6.7526
-0.00885,6.752
-0.004272,6.7468
0.001068,6.7465
0.000916,6.7471
-0.031738,6.7419
-0.057831,6.7429
0.044708,6.7422
0.412445,6.7374
1.064606,6.7374
0.620728,6.738
-0.056,6.7325
-0.445709,6.7334
-0.374146,6.727
-0.198364,6.7282
-0.110931,6.7227
-0.073395,6.7233
-0.057983,6.7181
-0.04303,6.7172
-0.030823,6.7136
-0.023804,6.713
-0.011749,6.7078
-0.00412,6.7081
0.005341,6.7032
0.012817,6.7038
0.018311,6.6989
0.024414,6.694
0.032501,6.6885
0.04425,6.6837
0.059204,6.6785
0.07782,6.6739
0.098114,6.6699
0.122528,6.6641
0.142059,6.6541
0.159302,6.6501
0.164185,6.6406
0.161896,6.6312
0.14328,6.6248
0.102844,6.6156
0.035248,6.6058
-0.04425,6.5964
-0.117645,6.5863
-0.170135,6.5765
-0.201874,6.5674
-0.209351,6.5564
-0.206909,6.5472
-0.195923,6.5359
-0.176239,6.5234
-0.159302,6.5128
-0.139923,6.503
-0.122375,6.4926
-0.10788,6.4819
-0.092163,6.47
-0.07782,6.4594
-0.065308,6.4493
-0.055542,6.4407
-0.048065,6.4301
-0.043182,6.4188
-0.0354,6.409
-0.035858,6.3971
-0.033417,6.3873
-0.030823,6.3785
-0.026093,6.3699
-0.023651,6.3608
-0.023346,6.3525
-0.023651,6.3428
-0.02594,6.3324
-0.023499,6.3229
-0.021057,6.3162
-0.019073,6.3077
-0.016022,6.2985
-0.013885,6.29
-0.011292,6.2842
-0.011292,6.2741
-0.003967,6.2692
0.003357,6.2589
0.007935,6.254
0.00351,6.2457
0.006104,6.236
0.005646,6.2299
0.003357,6.221
0.005493,6.2152
0.010681,6.2073
0.010834,6.2003
0.010529,6.1914
0.011139,6.1865
0.010681,6.1771
0.010681,6.1719
0.010681,6.1612
0.01297,6.156
0.013123,6.1478
0.01297,6.1377
0.015411,6.1288
0.01297,6.1234
0.013428,6.113
0.012817,6.1038
0.010529,6.0947
0.010834,6.0883
0.015411,6.0791
0.038605,6.0696
0.049896,6.0593
0.02533,6.0501
0.025177,6.0428
0.009308,6.0342
-0.014038,6.0245
-0.007629,6.0156
-0.006714,6.0062
-0.008545,5.9961
-0.016327,5.9872
-0.016479,5.9802
-0.011444,5.9717
-0.00885,5.9619
-0.00412,5.9525
-0.001984,5.9424
-0.001373,5.9332
-0.006409,5.9225
-0.064087,5.9134
-0.048218,5.9064
0.153198,5.8984
0.74295,5.8884
1.052856,5.8789
0.299377,5.8719
-0.292358,5.8643
-0.462341,5.8548
-0.341644,5.8487
-0.178833,5.8395
-0.108032,5.8298
-0.079956,5.8237
-0.06134,5.8157
-0.046539,5.8054
-0.033417,5.7993
-0.026398,5.7901
-0.01358,5.7809
-0.001984,5.7764
0.010529,5.7663
0.015564,5.7578
0.020599,5.7523
0.024567,5.7425
0.032959,5.7318
0.04364,5.7211
0.056763,5.7083
0.074005,5.6961
0.098114,5.6836
0.119324,5.6693
0.141907,5.6546
0.157166,5.6384
0.164337,5.6204
0.159454,5.6061
0.14267,5.5878
0.100403,5.5713
0.031433,5.553
-0.050812,5.5374
-0.122833,5.5179
-0.177765,5.502
-0.206757,5.4834
-0.219421,5.4654
-0.215149,5.4501
-0.204163,5.4306
-0.184937,5.4156
-0.165558,5.4007
-0.145874,5.3821
-0.127411,5.3665
-0.110321,5.3522
-0.093231,5.3372
-0.079651,5.3241
-0.067444,5.3116
-0.060272,5.2982
-0.052795,5.2844
-0.045624,5.2734
-0.043182,5.2637
-0.0383,5.2509
-0.033112,5.2402
-0.030823,5.2316
-0.033569,5.2237
-0.035706,5.2155
-0.033264,5.2054
-0.028534,5.1993
-0.02594,5.191
-0.023804,5.1859
-0.023956,5.1797
-0.018616,5.1718
-0.018311,5.1666
-0.014038,5.1614
-0.011444,5.1581
-0.00885,5.1569
-0.006714,5.1517
-0.003967,5.1468
-0.001678,5.1471
0.003662,5.1413
0.005798,5.1419
0.003204,5.1385
0.00824,5.1373
0.013123,5.1373
0.01297,5.1373
0.014954,5.1373
0.01297,5.1318
0.015259,5.1328
0.013275,5.1324
0.010529,5.1331
0.013123,5.1318
0.01297,5.1324
0.015869,5.1328
0.01297,5.1331
0.015717,5.1324
0.015717,5.1328
0.01297,5.1318
0.013123,5.1321
0.013123,5.1373
0.010834,5.1376
0.008087,5.1376
0.015106,5.1376
0.026855,5.1367
0.039368,5.1382
-0.005493,5.1367
-0.007172,5.137
0.001373,5.141
-0.006561,5.1422
0.001068,5.1422
0.003357,5.1428
0.00412,5.1425
-0.001678,5.1425
-0.001678,5.1422
0.003204,5.1422
0.005951,5.1422
0.005951,5.1465
0.010376,5.1468
0.01297,5.1471
-0.016785,5.1468
-0.067444,5.1474
0.00885,5.1468
0.369415,5.1474
1.088257,5.1474
0.733185,5.152
-0.045166,5.1529
-0.440979,5.1526
-0.412598,5.1523
-0.239868,5.1514
-0.127411,5.1523
-0.089874,5.152
-0.066071,5.1517
-0.052948,5.1517
-0.043182,5.1523
-0.038147,5.152
-0.028229,5.152
-0.018463,5.1523
-0.00885,5.1474
0.000153,5.1474
0.009918,5.1465
0.015564,5.1471
0.023193,5.1474
0.031738,5.1419
0.03952,5.1385
0.054169,5.1315
0.071716,5.1236
0.092468,5.1132
0.11261,5.1035
0.132599,5.0873
0.147705,5.0705
0.151978,5.0549
0.14328,5.0354
0.118866,5.0162
0.067291,4.9963
-0.007935,4.9765
-0.083618,4.953
-0.145111,4.9335
-0.188904,4.9097
-0.209045,4.8895
-0.211945,4.866
-0.207062,4.845
-0.193176,4.8245
-0.176544,4.8029
-0.155487,4.7815
-0.135956,4.7623
-0.121613,4.7427
-0.106964,4.7235
-0.089569,4.7034
-0.072479,4.686
-0.064697,4.6692
-0.055695,4.6552
-0.048065,4.6393
-0.043182,4.6259
-0.038452,4.6115
-0.033264,4.5969
-0.03067,4.5865
-0.026855,4.5755
-0.026093,4.5618
-0.023651,4.5532
-0.023804,4.5468
-0.020905,4.5377
-0.016022,4.5288
-0.013733,4.5233
-0.013733,4.5181
-0.008698,4.5132
-0.006561,4.5087
-0.006409,4.5035
-0.002136,4.4986
0.003052,4.4977
0.003357,4.4937
0.005798,4.4937
0.005646,4.4882
0.006256,4.4891
0.008087,4.4891
0.00824,4.4891
0.00824,4.4891
0.010681,4.4894
0.013275,4.4888
0.010529,4.4943
0.005646,4.494
0.008087,4.4946
0.010529,4.4983
0.010529,4.4986
0.010834,4.5044
0.015717,4.5053
0.0177,4.5078
0.013428,4.5126
0.015411,4.5187
0.013123,4.523
0.013275,4.5282
0.015411,4.5343
0.018158,4.5428
0.015869,4.5477
0.010834,4.5566
0.013123,4.5621
0.013123,4.5718
0.010681,4.5801
0.00824,4.5868
0.015564,4.5966
0.03006,4.6066
0.006561,4.6158
-0.021362,4.6255
0.005951,4.6347
-0.006409,4.6463
-0.00885,4.66
-0.003662,4.6692
0.005798,4.6832
-0.001526,4.6942
-0.003967,4.7079
0.000916,4.7195
0.003357,4.7324
0.010376,4.7473
0.010986,4.762
0.007935,4.7766
-0.010834,4.7919
-0.07019,4.8065
-0.027313,4.8227
0.251617,4.8392
0.95932,4.8557
0.758209,4.8706
0.028534,4.8889
-0.391846,4.9048
-0.402069,4.9231
-0.238342,4.9429
-0.141144,4.9612
-0.092773,4.9786
-0.068054,4.9976
-0.055542,5.0174
-0.043335,5.0397
-0.033569,5.0595
-0.023651,5.0784
-0.018921,5.098
-0.011444,5.1224
-0.002441,5.1422
0.001068,5.1611
0.007935,5.1846
0.014801,5.2054
0.023041,5.2249
0.034637,5.2451
0.044556,5.2649
0.058594,5.2847
0.077667,5.304
0.103302,5.3226
0.122986,5.3424
0.137634,5.3613
0.145569,5.3769
0.137787,5.3958
0.125275,5.4105
0.079346,5.4288
0.011292,5.4449
-0.057373,5.4593
-0.117645,5.4739
-0.159912,5.4889
-0.177917,5.5032
-0.18219,5.5185
-0.180359,5.5325
-0.164948,5.5469
-0.148163,5.5618
-0.131378,5.5765
-0.119019,5.5911
-0.103912,5.6058
-0.092468,5.6201
-0.077362,5.6351
-0.070038,5.6497
-0.065002,5.6635
-0.057373,5.679
-0.048065,5.6937
-0.043182,5.7095
-0.038147,5.7263
-0.030823,5.7422
-0.030823,5.7568
-0.026093,5.7718
-0.025787,5.787
-0.028381,5.8038
-0.028381,5.8203
-0.028229,5.835
-0.023346,5.8496
-0.02121,5.8658
-0.018921,5.8823
-0.013885,5.8981
-0.011139,5.9137
-0.013733,5.928
-0.00885,5.9427
-0.003967,5.957
-0.001373,5.972
0.000916,5.9866
0.003357,6.0013
0.003204,6.0156
0.005646,6.03
0.010681,6.0446
0.010834,6.0596
0.007477,6.073
0.007935,6.0873
0.010834,6.0983
0.013123,6.1142
0.013123,6.1261
0.018311,6.138
0.017853,6.1526
0.018005,6.163
0.020294,6.1761
0.015564,6.1868
0.012817,6.2009
0.015564,6.2109
0.015564,6.225
0.015106,6.2354
0.015564,6.2445
0.013275,6.2564
0.015717,6.2674
0.025635,6.2787
0.011139,6.2888
-0.030518,6.2988
-0.006409,6.3086
-0.001678,6.3181
-0.00885,6.3275
-0.00473,6.3358
0.005798,6.3431
0.00824,6.3522
0.005341,6.3617
0.005798,6.3712
0.010681,6.38
0.01358,6.3858
0.018158,6.3962
0.018311,6.4056
-0.001526,6.4114
-0.058136,6.4203
0.003815,6.4264
0.232697,6.4355
0.897369,6.4435
0.819855,6.4496
0.2742,6.4578
-0.193939,6.4642
-0.424042,6.4688
-0.36026,6.4792
-0.206299,6.4838
-0.112457,6.4932
-0.077209,6.4981
-0.055542,6.5033
-0.043335,6.5118
-0.033264,6.5173
-0.029297,6.5234
-0.016785,6.5277
-0.014038,6.5332
-0.011444,6.5421
-0.006104,6.5475
0.000916,6.5524
0.00824,6.5573
0.017242,6.5622
0.025177,6.5665
0.034485,6.5717
0.048981,6.5771
0.06424,6.5765
0.081482,6.582
0.098572,6.5863
0.11322,6.5915
0.11795,6.5918
0.118103,6.5955
0.110626,6.597
0.08194,6.6006
0.030518,6.6016
-0.030518,6.6058
-0.091553,6.6058
-0.130615,6.6061
-0.148773,6.6092
-0.160522,6.6107
-0.157928,6.6113
-0.14801,6.6116
-0.133362,6.6147
-0.121765,6.6162
-0.107422,6.6153
-0.094299,6.6159
-0.08728,6.6156
-0.075226,6.6162
-0.065155,6.6202
-0.057678,6.6208
-0.052948,6.6208
-0.045929,6.6196
-0.04303,6.6214
-0.041046,6.6263
-0.036163,6.6254
-0.035706,6.6248
-0.031738,6.6251
-0.026093,6.6309
-0.023346,6.6306
-0.021362,6.6299
-0.021057,6.6351
-0.021515,6.6345
-0.018463,6.6351
-0.019073,6.6397
-0.015869,6.64
-0.011597,6.6409
-0.009003,6.6449
-0.00412,6.6446
-0.001373,6.6492
-0.003967,6.6495
0.00061,6.6501
0.000763,6.6541
0.001068,6.655
0.000916,6.6589
0.006561,6.6589
0.010834,6.6595
0.011139,6.6644
0.008392,6.665
0.00824,6.6693
0.00824,6.6687
0.015259,6.6705
0.013275,6.6742
0.012817,6.6745
0.013123,6.6791
0.013275,6.68
0.015259,6.6791
0.015564,6.6843
0.015411,6.6843
0.015869,6.6901
0.020142,6.6895
0.023346,6.6885
0.025177,6.6931
-0.02182,6.6943
-0.004425,6.6943
-0.00061,6.6934
-0.006561,6.6992
0.001068,6.6989
0.005646,6.698
0.00824,6.6992
0.003052,6.7035
0.005951,6.7032
0.010681,6.7035
0.015411,6.7032
0.018005,6.7041
0.018158,6.7035
0.001373,6.7081
-0.052643,6.709
-0.007629,6.7087
0.224304,6.709
0.873413,6.709
0.870819,6.7084
0.214081,6.709
-0.274963,6.7084
-0.437012,6.7093
-0.335693,6.7093
-0.175629,6.7084
-0.099487,6.7081
-0.068207,6.7084
-0.053711,6.709
-0.038452,6.7084
-0.030365,6.7087
-0.02121,6.709
-0.016479,6.7093
-0.006561,6.709
-0.001526,6.7087
0.003815,6.7035
0.010223,6.7038
0.013428,6.7038
0.022278,6.7044
0.030823,6.6983
0.044098,6.6992
0.059357,6.6986
0.080414,6.6934
0.10376,6.6934
0.123138,6.6895
0.137634,6.6888
0.142365,6.684
0.137634,6.6843
0.118713,6.6785
0.079346,6.6779
0.015717,6.6742
-0.059967,6.6693
-0.123291,6.6647
-0.165558,6.6644
-0.190582,6.6592
-0.197144,6.6547
-0.189514,6.6501
-0.179901,6.6495
-0.165558,6.6449
-0.144043,6.6397
-0.126495,6.6351
-0.107422,6.6302
-0.091858,6.6309
-0.082703,6.6254
-0.068359,6.6199
-0.059814,6.6162
-0.052795,6.611
-0.048065,6.6061
-0.047455,6.6068
-0.041656,6.6013
-0.033417,6.5964
-0.033417,6.5912
-0.030823,6.5915
-0.028534,6.5869
-0.025787,6.5817
-0.020905,6.5814
-0.018768,6.5771
-0.018463,6.572
-0.018463,6.5717
-0.016174,6.5665
-0.013885,6.5622
-0.01358,6.5619
-0.011444,6.557
-0.006561,6.557
-0.001678,6.553
-0.001373,6.5518
0.001068,6.5469
0.000916,6.5472
0.002747,6.5424
0.000763,6.5427
0.003204,6.5381
0.005951,6.5381
0.005798,6.5375
0.003357,6.5332
0.005798,6.5323
0.010529,6.5277
0.010529,6.5283
0.008087,6.5231
0.010376,6.5228
0.013428,6.5186
0.013123,6.5186
0.01297,6.5152
0.010681,6.5131
0.010681,6.51
0.011139,6.5076
0.013123,6.5036
0.015411,6.5039
0.01297,6.499
0.010834,6.499
0.010529,6.4935
0.012817,6.4935
0.008545,6.4886
0.010529,6.4838
0.02243,6.4838
0.034943,6.4795
0.00351,6.474
-0.023499,6.4749
0.003357,6.4679
-0.006409,6.4648
-0.008698,6.4612
0.001221,6.459
0.008087,6.4551
0.001221,6.4502
-0.001831,6.4444
-0.001526,6.4407
-0.001526,6.4349
0.003052,6.4307
0.00824,6.4249
0.010986,6.4197
-0.013885,6.4151
-0.055542,6.4056
0.02243,6.4008
0.346985,6.3968
1.039581,6.3916
0.751038,6.3818
0.01297,6.3763
-0.447693,6.3721
-0.419617,6.3614
-0.251923,6.3568
-0.1297,6.351
-0.084991,6.3428
-0.061951,6.3379
-0.046082,6.3278
-0.038147,6.3217
-0.026703,6.3129
-0.018311,6.304
-0.007324,6.2988
0.000763,6.2891
0.009918,6.2808
0.017548,6.2738
0.020599,6.2637
0.025635,6.2546
0.035248,6.2445
0.046997,6.2305
0.066986,6.2195
0.085907,6.2061
0.107574,6.1914
0.132904,6.1771
0.149078,6.1612
0.158844,6.1429
0.159454,6.1273
0.152435,6.1081
0.123749,6.0895
0.066376,6.0696
-0.010834,6.0513
-0.089874,6.0315
-0.154877,6.0126
-0.199127,5.993
-0.219116,5.9732
-0.221558,5.9537
-0.213623,5.9344
-0.197906,5.9171
-0.181885,5.8975
-0.1651,5.8777
-0.146484,5.8597
-0.126038,5.8395
-0.107117,5.8212
-0.092926,5.8023
-0.07782,5.7858
-0.065155,5.7681
-0.056152,5.752
-0.050354,5.7361
-0.043335,5.7193
-0.0383,5.7031
-0.036011,5.6894
-0.035706,5.6732
-0.03067,5.6631
-0.026093,5.6497
-0.02594,5.6351
-0.026093,5.6253
-0.026245,5.6119
-0.026245,5.6009
-0.023956,5.5911
-0.021362,5.5811
-0.021362,5.5719
-0.019379,5.5615
-0.013428,5.5533
-0.011597,5.5475
-0.011902,5.5377
-0.009003,5.5325
-0.006561,5.5234
-0.004425,5.5179
-0.001678,5.513
-0.001221,5.5081
0.003357,5.5029
0.007324,5.498
0.010376,5.4926
0.012817,5.4889
0.010529,5.4837
0.008087,5.4788
0.005493,5.4788
0.005646,5.4742
0.008392,5.4681
0.008545,5.4678
0.00824,5.4645
0.010529,5.459
0.012512,5.4596
0.013428,5.4544
0.013275,5.4498
0.013123,5.4492
0.01297,5.4443
0.01297,5.4443
0.013123,5.4398
0.01297,5.4398
0.01297,5.4346
0.010834,5.4312
0.010834,5.4297
0.013123,5.4245
0.00824,5.4248
0.010529,5.4205
0.008545,5.4202
0.019684,5.4144
0.035095,5.412
0.005646,5.4105
-0.018158,5.4059
0.005798,5.405
-0.008698,5.4004
-0.008545,5.3995
0.00061,5.3964
0.005951,5.3952
0.000458,5.3909
-0.001526,5.3854
0.003204,5.3864
0.008087,5.3809
0.010834,5.3809
0.01297,5.3757
0.01236,5.3763
-0.001373,5.3714
-0.063019,5.3665
-0.028839,5.3671
0.240173,5.3619
0.92926,5.3622
0.950928,5.3571
0.146484,5.3568
-0.381317,5.3516
-0.439301,5.3522
-0.285034,5.3473
-0.150909,5.347
-0.102081,5.3421
-0.074921,5.3418
-0.058441,5.3375
-0.047455,5.3375
-0.036469,5.3326
-0.028687,5.3329
-0.018921,5.3271
-0.006866,5.3268
0.000916,5.3229
0.005646,5.3177
0.013733,5.318
0.022888,5.3134
0.032654,5.3076
0.044403,5.2982
0.056458,5.2884
0.074768,5.2777
0.095825,5.2643
0.115814,5.2499
0.135803,5.235
0.149841,5.2206
0.157166,5.2017
0.154572,5.1855
0.137024,5.1666
0.086823,5.1471
0.01358,5.1285
-0.063629,5.1096
-0.131531,5.0894
-0.180206,5.0708
-0.204773,5.0513
-0.214691,5.032
-0.21225,5.0153
-0.202332,4.9966
-0.187073,4.9777
-0.167389,4.9579
-0.150299,4.9414
-0.129395,4.9234
-0.111542,4.9081
-0.098877,4.8901
-0.08728,4.8746
-0.074921,4.8596
-0.065155,4.8459
-0.057373,4.8315
-0.050201,4.8206
-0.043335,4.8077
-0.040588,4.7961
-0.035858,4.7867
-0.033112,4.7772
-0.028687,4.7672
-0.027771,4.7617
-0.028534,4.7528
-0.02594,4.7479
-0.023804,4.7372
-0.021362,4.733
-0.016174,4.7275
-0.016174,4.7229
-0.013275,4.718
-0.008698,4.7183
-0.006561,4.7137
-0.006256,4.7137
-0.001221,4.7079
0.003204,4.7083
0.003052,4.7086
0.005646,4.7037
0.007782,4.7034
0.010223,4.704
0.009918,4.7034
0.010834,4.7076
0.007935,4.7086
0.010681,4.7083
0.013123,4.7086
0.015411,4.7141
0.018158,4.7131
0.015411,4.7131
0.012817,4.7192
0.013123,4.7186
0.010376,4.7195
0.010529,4.7229
0.01297,4.7229
0.015411,4.7284
0.015717,4.7284
0.0177,4.7327
0.017853,4.733
0.017853,4.7372
0.015564,4.7375
0.01297,4.7427
0.015411,4.7427
0.015411,4.7479
0.015411,4.7482
0.010834,4.7528
0.010834,4.7522
0.010681,4.7568
0.010681,4.7571
0.021362,4.7623
0.035248,4.7623
0.003815,4.7675
-0.020752,4.7675
0.00351,4.7705
-0.006256,4.772
-0.006561,4.772
0.000763,4.7766
0.005798,4.7769
-0.001526,4.7772
-0.001221,4.7818
0.000763,4.7818
0.003357,4.7818
0.003204,4.787
0.00824,4.7864
0.005188,4.787
-0.011292,4.787
-0.074768,4.7913
-0.040131,4.7916
0.252686,4.791
0.987701,4.7919
0.886536,4.7961
0.102997,4.7964
-0.388184,4.7961
-0.436707,4.7968
-0.284576,4.7964
-0.150757,4.7961
-0.097504,4.801
-0.074615,4.8013
-0.055695,4.801
-0.042572,4.8013
-0.031128,4.8013
-0.023346,4.8013
-0.013885,4.8013
-0.006256,4.8013
-0.001526,4.8019
0.005951,4.8004
0.01297,4.8007
0.018005,4.8016
0.027771,4.8016
0.039368,4.8019
0.052338,4.801
0.068359,4.801
0.090485,4.7964
0.112457,4.7964
0.132599,4.7964
0.15152,4.7964
0.159607,4.7919
0.157166,4.7916
0.137634,4.7864
0.093231,4.7867
0.02243,4.7864
-0.059662,4.7821
-0.131531,4.7827
-0.177765,4.7821
-0.201874,4.7769
-0.212097,4.7769
-0.207214,4.7769
-0.19516,4.7766
-0.177765,4.7769
-0.162964,4.7769
-0.150299,4.7769
-0.128479,4.7818
-0.111542,4.7824
-0.098724,4.7818
-0.090332,4.7861
-0.079956,4.7916
-0.067596,4.7961
-0.057831,4.8004
-0.04837,4.8065
-0.04776,4.8108
-0.043335,4.8187
-0.037537,4.8257
-0.033569,4.8358
-0.033417,4.8453
-0.031128,4.8544
-0.028381,4.8645
-0.026245,4.8743
-0.023804,4.884
-0.021362,4.8938
-0.018463,4.9039
-0.016479,4.9179
-0.016479,4.9286
-0.010986,4.938
-0.00885,4.9524
-0.009003,4.9628
-0.003967,4.9774
-0.004578,4.9905
-0.003967,5.0009
0.000916,5.0162
-0.001526,5.0305
0.003204,5.0446
0.00351,5.0598
0.005493,5.0745
0.007935,5.0888
0.008392,5.1038
0.008392,5.1218
0.005646,5.1376
0.010681,5.1569
0.010986,5.1712
0.010529,5.1904
0.015259,5.2063
0.020752,5.2246
0.014648,5.2441
0.010681,5.2637
0.013275,5.2817
0.013275,5.3012
0.015564,5.3217
0.015564,5.3403
0.012817,5.3607
0.01297,5.3809
0.015717,5.4004
0.010529,5.4208
0.01297,5.4422
0.015411,5.4645
0.020599,5.4843
0.020447,5.5078
-0.001984,5.5283
-0.036316,5.5518
-0.006409,5.5716
-0.009003,5.5951
-0.006714,5.6155
0.003662,5.64
0.015106,5.6595
0.010681,5.6836
0.010681,5.7043
0.00824,5.7266
0.010681,5.7477
0.013123,5.7703
0.020752,5.791
0.017242,5.8112
-0.019836,5.831
-0.062866,5.8533
0.001526,5.874
0.323944,5.8929
1.001892,5.9134
0.713654,5.9317
0.119019,5.9515
-0.323334,5.9692
-0.43869,5.9872
-0.317078,6.0062
-0.169983,6.0245
-0.104675,6.0403
-0.075378,6.0596
-0.054779,6.0748
-0.043182,6.0928
-0.036163,6.1078
-0.031891,6.123
-0.025482,6.1386
-0.011749,6.1523
-0.009003,6.1676
-0.006561,6.1813
0.000916,6.1957
0.014038,6.21
0.017853,6.221
0.025482,6.2344
0.037537,6.2454
0.05249,6.2543
0.072479,6.2643
0.089264,6.2738
0.105133,6.2842
0.123444,6.2939
0.125275,6.3028
0.125275,6.3086
0.117188,6.3174
0.075989,6.3223
0.020294,6.3272
-0.048828,6.3373
-0.104675,6.3425
-0.138855,6.347
-0.162506,6.3519
-0.167999,6.3565
-0.158234,6.3611
-0.1474,6.366
-0.133972,6.3715
-0.116577,6.3715
-0.102081,6.3766
-0.092773,6.3818
-0.079651,6.3809
-0.069885,6.3861
-0.065155,6.3913
-0.058594,6.3907
-0.052795,6.3968
-0.04776,6.4014
-0.040436,6.4014
-0.038452,6.4059
-0.032501,6.4108
-0.030975,6.4108
-0.024414,6.4157
-0.021362,6.42
-0.013733,6.4246
-0.016479,6.4252
-0.020905,6.4297
-0.018768,6.4349
-0.009308,6.4404
-0.006256,6.4447
-0.009003,6.4456
-0.011444,6.4499
-0.009003,6.4551
-0.003815,6.4594
-0.00412,6.4648
0.00061,6.4688
0.005646,6.474
0.005798,6.4786
0.005798,6.4828
0.005646,6.4893
0.010681,6.4932
0.010529,6.499
0.013123,6.5039
0.013275,6.5085
0.010834,6.5131
0.015259,6.5179
0.012817,6.5234
0.008392,6.5277
0.005798,6.5332
0.010986,6.5384
0.01297,6.5482
0.010681,6.5512
0.015564,6.5582
0.018005,6.5622
0.010681,6.5668
0.015259,6.572
0.023651,6.5775
0.015869,6.5854
-0.027771,6.5912
-0.003204,6.5961
0.000916,6.6006
-0.001831,6.6058
0.00412,6.6107
0.013123,6.6162
0.009918,6.6251
0.01297,6.6312
0.013123,6.6351
0.010681,6.6406
0.015411,6.6452
0.015411,6.6504
0.020447,6.6547
0.0,6.6592
-0.050507,6.6647
0.003967,6.669
0.250244,6.6745
0.900421,6.68
0.827789,6.6873
0.216064,6.6928
-0.26001,6.698
-0.426941,6.7032
-0.335999,6.7087
-0.185089,6.7136
-0.111084,6.7181
-0.08194,6.7227
-0.06073,6.7276
-0.050964,6.7331
-0.04303,6.7383
-0.038147,6.7422
-0.026398,6.7508
-0.019226,6.7572
-0.013885,6.7618
-0.006561,6.7664
-0.003967,6.7722
0.005493,6.7767
0.011444,6.7819
0.022583,6.7871
0.039673,6.7862
0.052032,6.7911
0.068817,6.7957
0.087128,6.7987
0.105743,6.8008
0.124664,6.8063
0.127716,6.8057
0.125275,6.8057
0.110168,6.8109
0.071106,6.8115
0.010529,6.8115
-0.055237,6.8103
-0.114746,6.8155
-0.154114,6.8155
-0.172729,6.8158
-0.177917,6.8155
-0.172577,6.8152
-0.16037,6.8152
-0.142822,6.8115
-0.126648,6.8106
-0.113831,6.8106
-0.097198,6.8106
-0.085297,6.8109
-0.074921,6.8057
-0.06546,6.8054
-0.059204,6.806
-0.047913,6.8008
-0.045929,6.8011
-0.042877,6.8008
-0.040741,6.7978
-0.033112,6.7957
-0.02655,6.7963
-0.026398,6.7911
-0.026093,6.7905
-0.028534,6.7914
-0.02594,6.7865
-0.018616,6.7865
-0.016327,6.7865
-0.01297,6.7816
-0.008698,6.7813
-0.007172,6.7816
-0.006409,6.7819
-0.006256,6.7773
-0.003967,6.7758
0.001068,6.7767
0.003052,6.7731
0.005341,6.7715
0.003052,6.7722
0.003204,6.7719
0.00824,6.7706
0.010681,6.767
0.010681,6.7667
0.010834,6.7664
0.013123,6.7667
0.010529,6.767
0.015106,6.7676
0.01297,6.7667
0.01297,6.7667
0.013123,6.7621
0.014191,6.7621
0.018005,6.7621
0.018158,6.7624
0.0177,6.7618
0.0177,6.7618
0.010529,6.7624
0.010681,6.7615
0.023041,6.7615
0.029449,6.7615
-0.01358,6.7624
-0.02533,6.7618
0.000763,6.7624
-0.006256,6.7612
-0.001984,6.7624
0.005646,6.7621
0.013123,6.7621
0.007172,6.7618
0.00824,6.7621
0.013275,6.7615
0.015869,6.7612
0.020447,6.7621
0.020599,6.7624
0.017853,6.7575
-0.036163,6.7572
-0.032959,6.7578
0.123291,6.7575
0.63446,6.7566
1.048431,6.7575
0.410156,6.7578
-0.177765,6.7578
-0.438232,6.752
-0.378876,6.7523
-0.213013,6.7517
-0.113983,6.752
-0.076599,6.7523
-0.057983,6.7523
-0.043488,6.7468
-0.030823,6.7468
-0.021362,6.7471
-0.013885,6.748
-0.005798,6.7426
-0.000916,6.7426
0.007782,6.7426
0.010834,6.738
0.016479,6.738
0.025482,6.7383
0.037231,6.7325
0.045624,6.7334
0.06424,6.7282
0.08194,6.7279
0.104065,6.7227
0.122528,6.7175
0.140839,6.7139
0.149841,6.7078
0.153656,6.7041
0.138855,6.6992
0.100403,6.6943
0.037537,6.6888
-0.042267,6.684
-0.115662,6.6742
-0.17334,6.669
-0.20401,6.6644
-0.214386,6.6544
-0.213165,6.6498
-0.201263,6.6403
-0.182343,6.6351
-0.167694,6.6272
-0.153351,6.6205
-0.132751,6.6153
-0.112,6.6061
-0.094452,6.6016
-0.082397,6.5921
-0.067902,6.5863
-0.055389,6.582
-0.048523,6.572
-0.045624,6.5668
-0.0383,6.5619
-0.030823,6.5527
-0.030975,6.5479
-0.028687,6.5417
-0.028687,6.5381
-0.026093,6.5329
-0.023651,6.5247
-0.023499,6.5176
-0.020142,6.5131
-0.02121,6.5076
-0.018768,6.5036
-0.018616,6.4981
-0.018921,6.4935
-0.013885,6.4883
-0.011292,6.4835
-0.008698,6.4795
-0.006561,6.4758
-0.006256,6.474
-0.003815,6.4691
0.001068,6.4639
0.003357,6.459
0.003052,6.4545
0.00824,6.4499
0.005951,6.4447
0.005646,6.4417
0.003357,6.4398
0.006104,6.4343
0.008392,6.4301
0.010223,6.4252
0.010529,6.4209
0.007935,6.4154
0.00824,6.4102
0.010834,6.4059
0.010681,6.4017
0.010681,6.3965
0.008392,6.3913
0.008087,6.3861
0.010376,6.3818
0.010529,6.3766
0.012817,6.3721
0.013428,6.3663
0.012817,6.3617
0.014191,6.3571
0.023041,6.3522
0.035095,6.3477
0.000305,6.3422
-0.015411,6.3376
0.006409,6.3321
-0.007324,6.3278
-0.006561,6.3229
0.003204,6.3184
0.010529,6.3135
0.005798,6.308
0.00351,6.3031
0.008087,6.2988
0.007935,6.2939
0.013275,6.2888
0.015869,6.2842
0.013428,6.2796
-0.018158,6.2753
-0.055389,6.2738
0.025787,6.2698
0.3685,6.2637
1.062622,6.2592
0.722351,6.2549
-0.021667,6.2497
-0.418396,6.2445
-0.415649,6.2399
-0.253143,6.2357
-0.130005,6.2305
-0.087891,6.2259
-0.066223,6.2186
-0.051727,6.2109
-0.041351,6.2057
-0.030365,6.2012
-0.021667,6.1963
-0.011902,6.1865
-0.00412,6.1813
0.008087,6.1765
0.012817,6.1664
0.017853,6.1624
0.025482,6.1517
0.03479,6.142
0.049438,6.1331
0.064392,6.1224
0.081635,6.1093
0.102997,6.0983
0.125275,6.084
0.146637,6.0721
0.159607,6.0599
0.16449,6.044
0.155487,6.0306
0.130768,6.0135
0.072479,5.9973
-0.005035,5.9818
-0.089264,5.9662
-0.155182,5.9503
-0.196838,5.932
-0.219116,5.9177
-0.224152,5.9015
-0.217438,5.8841
-0.204163,5.8694
-0.189362,5.8542
-0.172577,5.8386
-0.150604,5.8209
-0.131989,5.8066
-0.112,5.7904
-0.097046,5.7764
-0.080566,5.7617
-0.065155,5.7474
-0.057983,5.7327
-0.052948,5.7193
-0.045776,5.708
-0.03891,5.6937
-0.035706,5.6839
-0.033264,5.6699
-0.028229,5.6592
-0.023804,5.6494
-0.023651,5.6378
-0.02594,5.6256
-0.023804,5.6186
-0.02121,5.6107
-0.018158,5.6006
-0.016174,5.5908
-0.016022,5.582
-0.011597,5.5768
-0.009613,5.5673
-0.009003,5.5618
-0.003815,5.5573
-0.002136,5.5478
-0.001526,5.5426
0.000916,5.5374
0.001221,5.5319
0.005646,5.528
0.008087,5.5231
0.00824,5.5185
0.010986,5.5121
0.013123,5.5081
0.013428,5.5029
0.015869,5.4984
0.015564,5.4938
0.015717,5.4892
0.017853,5.4788
0.018005,5.4742
0.018005,5.4691
0.015411,5.4587
0.015717,5.4547
0.018005,5.4449
0.015259,5.4388
0.015564,5.4312
0.015564,5.4248
0.015564,5.4181
0.015259,5.4099
0.015411,5.4056
0.013123,5.3952
0.015411,5.3912
0.013123,5.3845
0.01297,5.3766
0.013123,5.3723
0.017853,5.3665
0.032043,5.3583
0.025787,5.3522
-0.021515,5.347
0.002747,5.3421
-0.003815,5.3375
-0.00885,5.3323
0.000916,5.3275
0.00824,5.3229
0.003662,5.318
-0.003967,5.3125
-0.003815,5.3079
0.000916,5.303
0.005493,5.3015
0.010376,5.2982
0.010681,5.2933
0.006256,5.2893
-0.047302,5.2841
-0.057983,5.2841
0.096893,5.2795
0.631714,5.2737
1.128082,5.2744
0.433044,5.2695
-0.243225,5.264
-0.456848,5.2646
-0.352478,5.2594
-0.185852,5.2573
-0.111847,5.2545
-0.079803,5.2502
-0.059814,5.2496
-0.047607,5.2444
-0.041046,5.2402
-0.033569,5.2396
-0.02121,5.2347
-0.009613,5.235
0.000458,5.2301
0.006256,5.2255
0.013275,5.2246
0.016022,5.22
0.023041,5.2151
0.031738,5.2054
0.045013,5.1956
0.064087,5.1816
0.08194,5.1663
0.10376,5.1529
0.128021,5.1334
0.145111,5.1157
0.154877,5.0946
0.159149,5.0754
0.149536,5.0552
0.115509,5.0336
0.050049,5.011
-0.031128,4.9875
-0.10849,4.9673
-0.165405,4.9435
-0.202637,4.9219
-0.216675,4.8993
-0.21698,4.877
-0.20752,4.855
-0.190582,4.834
-0.174713,4.8114
-0.157776,4.7919
-0.137024,4.772
-0.119019,4.7525
-0.102539,4.7333
-0.089569,4.7137
-0.074463,4.6976
-0.065613,4.6796
-0.055237,4.6649
-0.043182,4.6484
-0.036316,4.6335
-0.030518,4.6207
-0.024109,4.606
-0.020599,4.5923
-0.018158,4.5816
-0.018768,4.5718
-0.018921,4.5624
-0.02121,4.5523
-0.015869,4.5428
-0.013885,4.5328
-0.016479,4.5282
-0.018768,4.5187
-0.018616,4.5135
-0.016174,4.5093
-0.011139,4.5038
-0.009003,4.4989
-0.006561,4.4974
-0.00351,4.4943
-0.001373,4.4934
0.00351,4.4894
0.005798,4.4901
0.010681,4.494
0.010834,4.494
0.007935,4.494
0.008087,4.4989
0.010986,4.4989
0.015717,4.5038
0.01297,4.5081
0.013123,4.5087
0.013275,4.5139
0.013123,4.5181
0.013275,4.5279
0.01297,4.5325
0.013428,4.538
0.013275,4.5465
0.012817,4.5517
0.013123,4.5621
0.015717,4.5709
0.015717,4.577
0.013275,4.5868
0.012817,4.5959
0.009918,4.606
0.00824,4.6161
0.011139,4.6255
0.015411,4.6344
0.015106,4.642
0.010529,4.6506
0.010071,4.6588
0.020752,4.6695
0.030212,4.6796
0.005798,4.6887
-0.026245,4.7
0.005035,4.7128
0.001221,4.7232
-0.006409,4.7342
0.003357,4.7473
0.008087,4.7617
0.005798,4.7714
0.000916,4.7867
0.003052,4.8007
0.00351,4.8163
0.005798,4.83
0.006409,4.8474
0.01358,4.8645
-0.003967,4.8792
-0.063019,4.8987
-0.036163,4.9179
0.186462,4.9368
0.858612,4.9564
0.91156,4.9765
0.233765,4.9963
-0.279999,5.0156
-0.45166,5.036
-0.354004,5.0598
-0.190277,5.0793
-0.111847,5.1028
-0.081635,5.1242
-0.063477,5.1468
-0.048676,5.17
-0.039978,5.192
-0.026093,5.2167
-0.018921,5.2399
-0.00946,5.2637
-0.001984,5.2881
-0.001373,5.3128
0.003662,5.3375
0.01358,5.361
0.02243,5.3857
0.029755,5.4053
0.03479,5.4288
0.050201,5.4514
0.072174,5.4733
0.090485,5.4935
0.110168,5.5145
0.125275,5.5338
0.133057,5.5533
0.139618,5.5716
0.125885,5.5908
0.088959,5.611
0.028076,5.6256
-0.037842,5.6445
-0.101624,5.6598
-0.153351,5.6757
-0.177612,5.6924
-0.1828,5.7077
-0.175323,5.723
-0.172577,5.7373
-0.16037,5.7523
-0.14389,5.7663
-0.128021,5.7809
-0.113831,5.7947
-0.09903,5.8047
-0.085144,5.8206
-0.077057,5.835
-0.062714,5.8466
-0.055389,5.8585
-0.052948,5.8734
-0.043182,5.8832
-0.038605,5.8978
-0.0383,5.9103
-0.033417,5.9235
-0.028381,5.9366
-0.024109,5.947
-0.023499,5.9613
-0.02121,5.972
-0.023651,5.9808
-0.021362,5.9961
-0.020905,6.0062
-0.02121,6.019
-0.01358,6.03
-0.011292,6.0394
-0.011292,6.0532
-0.009308,6.0641
-0.006866,6.0736
-0.006561,6.0876
-0.004272,6.0986
-0.001373,6.1078
-0.000916,6.1176
0.00351,6.1316
0.008545,6.1426
0.010681,6.152
0.005798,6.1618
0.012817,6.1734
0.010681,6.1853
0.010834,6.1951
0.014954,6.2057
0.015259,6.2161
0.008545,6.225
0.005951,6.2344
0.008087,6.2454
0.01297,6.2561
0.009918,6.2683
0.010376,6.2753
0.00824,6.2848
0.015106,6.2933
0.018158,6.3037
0.026245,6.3129
0.012512,6.3229
-0.028839,6.3327
0.003815,6.3419
0.005798,6.3489
0.003357,6.3562
0.007782,6.3675
0.017853,6.377
0.013123,6.3828
0.008545,6.3913
0.015411,6.4005
0.020294,6.4072
0.0177,6.4151
0.023499,6.4255
0.021057,6.4301
0.005951,6.4395
-0.052948,6.449
-0.014343,6.4545
0.194855,6.4633
0.824585,6.4685
0.907745,6.4786
0.2034,6.4841
-0.268402,6.4932
-0.429382,6.4984
-0.331573,6.5051
-0.202026,6.5134
-0.114441,6.517
-0.081787,6.5271
-0.060425,6.5332
-0.045013,6.5375
-0.036316,6.5463
-0.027771,6.5518
-0.02121,6.5564
-0.01358,6.5616
-0.00885,6.5665
-0.001831,6.5714
0.003052,6.5781
0.01297,6.5811
0.019989,6.586
0.027771,6.5915
0.037384,6.5964
0.051422,6.5961
0.071106,6.6006
0.090942,6.601
0.110779,6.6058
0.126038,6.6055
0.134888,6.6068
0.134888,6.6064
0.124817,6.6055
0.091095,6.6058
0.031738,6.6055
-0.039978,6.6055
-0.104675,6.6064
-0.148926,6.6058
-0.174866,6.6006
-0.182343,6.6016
-0.179291,6.5964
-0.168152,6.5964
-0.150146,6.5918
-0.136414,6.5912
-0.119476,6.5866
-0.104828,6.5814
-0.089722,6.5817
-0.076447,6.5765
-0.064392,6.5729
-0.057831,6.5717
-0.055237,6.5668
-0.048218,6.5656
-0.045929,6.5622
-0.040894,6.5567
-0.0383,6.557
-0.038147,6.5518
-0.035858,6.5472
-0.032806,6.5469
-0.028229,6.5433
-0.02655,6.5424
-0.023651,6.5378
-0.023651,6.5381
-0.018921,6.5329
-0.016174,6.5326
-0.013733,6.5277
-0.011139,6.5277
-0.011139,6.5234
-0.011749,6.5234
-0.009003,6.5182
-0.006409,6.5176
-0.003815,6.5179
-0.001678,6.514
-0.001831,6.5134
-0.003967,6.5088
0.00061,6.5076
0.005798,6.5076
0.005798,6.5039
0.005798,6.503
0.010834,6.4984
0.013428,6.4984
0.010376,6.4935
0.010834,6.4935
0.012817,6.4886
0.013123,6.4893
0.010834,6.4841
0.01297,6.4835
0.015259,6.4795
0.018005,6.4786
0.015564,6.4752
0.015411,6.474
0.015411,6.4694
0.015564,6.4655
0.013123,6.4648
0.016174,6.4587
0.027771,6.459
0.028381,6.4545
-0.018311,6.4502
-0.00351,6.4496
-0.003967,6.4447
-0.010834,6.4395
-0.000763,6.4389
0.007629,6.4352
0.005646,6.4307
-0.001221,6.4255
0.000305,6.4258
0.000916,6.4203
0.005951,6.416
0.010681,6.416
0.011139,6.4108
0.002747,6.4056
-0.050812,6.4017
-0.033569,6.4014
0.157013,6.3956
0.7341,6.3916
1.029968,6.391
0.313568,6.3867
-0.269928,6.3821
-0.456238,6.377
-0.354156,6.3763
-0.188446,6.3718
-0.108948,6.3666
-0.075684,6.3623
-0.055542,6.3614
-0.041809,6.3568
-0.031281,6.3519
-0.022583,6.3501
-0.014038,6.3474
-0.004272,6.3416
-0.000763,6.3379
0.003357,6.3336
0.010529,6.3324
0.018158,6.3278
0.027771,6.3223
0.037689,6.3187
0.050507,6.3126
0.06958,6.3037
0.091705,6.2985
0.11673,6.2885
0.137024,6.2839
0.154572,6.2744
0.162201,6.264
0.157166,6.2546
0.141754,6.2451
0.103302,6.2354
0.035095,6.2256
-0.045776,6.2158
-0.121918,6.2027
-0.175781,6.1908
-0.214233,6.1813
-0.221863,6.171
-0.214386,6.1572
-0.201111,6.1478
-0.18631,6.138
-0.167236,6.1237
-0.146637,6.1133
-0.12558,6.1035
-0.107117,6.0941
-0.091553,6.0837
-0.078125,6.0739
-0.067596,6.0645
-0.06012,6.0541
-0.050659,6.0452
-0.045624,6.0345
-0.040894,6.0257
-0.037384,6.0162
-0.033112,6.0104
-0.033417,6.0001
-0.030823,5.9964
-0.028534,5.9863
-0.02594,5.9811
-0.028381,5.9726
-0.026245,5.9674
-0.023499,5.9619
-0.018921,5.9573
-0.018616,5.9525
-0.013885,5.946
-0.013885,5.9402
-0.009003,5.9375
-0.006561,5.9329
-0.001221,5.928
0.001678,5.9219
0.005798,5.9183
0.005646,5.918
0.00824,5.9131
0.008087,5.9082
0.006104,5.9082
0.010834,5.9033
0.013123,5.8984
0.015411,5.8984
0.018005,5.8932
0.020294,5.8936
0.020142,5.8893
0.020447,5.8841
0.022888,5.8841
0.020447,5.8783
0.017853,5.874
0.018158,5.8688
0.018005,5.8643
0.017395,5.8603
0.017853,5.8545
0.015564,5.8499
0.015411,5.845
0.015411,5.8356
0.015564,5.8301
0.013123,5.8261
0.013123,5.8206
0.008087,5.816
0.016327,5.8054
0.029449,5.8008
0.033112,5.7962
-0.015869,5.791
0.001221,5.7852
-0.002289,5.78
-0.011139,5.7715
-0.003967,5.7678
-0.000458,5.7623
-0.001526,5.7568
-0.003815,5.752
-0.001526,5.748
0.003357,5.7419
0.00824,5.7376
0.010529,5.7327
0.013123,5.7278
0.011139,5.723
-0.029755,5.7181
-0.055389,5.7135
0.071106,5.7077
0.52063,5.7043
1.136017,5.7016
0.553284,5.6946
-0.174866,5.6891
-0.458679,5.6842
-0.38208,5.6787
-0.208282,5.6738
-0.115967,5.665
-0.085449,5.6595
-0.064545,5.6531
-0.050659,5.6448
-0.040894,5.6381
-0.030975,5.6305
-0.02182,5.6219
-0.015259,5.6161
-0.006866,5.6058
0.005798,5.6006
0.013428,5.5902
0.019073,5.5862
0.025177,5.5765
0.036011,5.567
0.049286,5.5573
0.066528,5.5469
0.085907,5.5322
0.109253,5.5219
0.132141,5.5066
0.149841,5.4922
0.157776,5.4745
0.161133,5.4596
0.15213,5.4431
0.122375,5.4254
0.059204,5.4074
-0.022278,5.3912
-0.099335,5.3714
-0.158386,5.3528
-0.200348,5.336
-0.219421,5.3177
-0.22171,5.2991
-0.214386,5.2832
-0.199738,5.2637
-0.1828,5.2478
-0.16571,5.2298
-0.146179,5.2158
-0.129089,5.1971
-0.109558,5.1819
-0.092773,5.1663
-0.079193,5.1526
-0.067596,5.1385
-0.060272,5.1273
-0.053101,5.1129
-0.048218,5.1028
-0.040588,5.0882
-0.035553,5.0797
-0.028839,5.0699
-0.028534,5.0598
-0.026093,5.0497
-0.023956,5.0436
-0.023651,5.0354
-0.021057,5.0287
-0.021515,5.0211
-0.018921,5.0162
-0.016022,5.011
-0.01358,5.0064
-0.01358,5.0009
-0.011292,4.9966
-0.00885,4.9915
-0.00885,4.9918
-0.006409,4.9866
-0.00412,4.9832
-0.001526,4.9823
-0.001678,4.982
0.00351,4.9771
0.003204,4.9771
0.005646,4.9774
0.005798,4.9771
0.008087,4.9768
0.013123,4.9765
0.011139,4.9765
0.013428,4.9765
0.013275,4.9771
0.01297,4.9768
0.013123,4.9814
0.015564,4.9814
0.012817,4.982
0.013123,4.9814
0.01297,4.9869
0.015259,4.9872
0.015564,4.9863
0.015564,4.9866
0.012817,4.9918
0.013123,4.9918
0.014801,4.9911
0.015717,4.9966
0.015411,4.9963
0.015717,4.9963
0.015411,5.0015
0.015259,5.0012
0.013275,5.0021
0.014038,5.0067
0.02533,5.0067
0.029297,5.0107
-0.014954,5.0119
0.001221,5.0113
-0.000153,5.0156
-0.00885,5.0162
0.00061,5.0159
0.006866,5.0153
0.00824,5.0204
0.003204,5.0208
0.003052,5.0208
0.010529,5.0204
0.018158,5.0262
0.017548,5.0256
0.018158,5.0256
0.013275,5.0259
-0.032043,5.0299
-0.069885,5.0305
0.037537,5.0302
0.489197,5.0311
1.136475,5.0354
0.582886,5.0348
-0.128479,5.0345
-0.44693,5.0351
-0.395813,5.0397
-0.225067,5.0403
-0.126038,5.0403
-0.088806,5.0449
-0.065308,5.0452
-0.052948,5.0449
-0.039978,5.0449
-0.031128,5.0504
-0.021667,5.05
-0.011597,5.0543
-0.004578,5.0549
0.000458,5.0604
0.007477,5.0598
0.015564,5.0653
0.02533,5.0644
0.032806,5.0677
0.041809,5.0696
0.055084,5.0693
0.069122,5.0748
0.087433,5.0745
0.110626,5.0745
0.130005,5.0745
0.144806,5.0793
0.151825,5.079
0.149689,5.0793
0.122223,5.0793
0.068665,5.0787
-0.00412,5.0793
-0.077362,5.079
-0.141602,5.0836
-0.19165,5.0836
-0.207062,5.0842
-0.20462,5.0833
-0.197601,5.0885
-0.182648,5.0882
-0.164337,5.0931
-0.151215,5.097
-0.13382,5.098
-0.119171,5.1028
-0.103455,5.1077
-0.090027,5.1126
-0.082092,5.1178
-0.072479,5.1227
-0.060272,5.1276
-0.055237,5.1367
-0.047302,5.1419
-0.040894,5.1517
-0.03479,5.1608
-0.030975,5.1672
-0.028839,5.1758
-0.028534,5.1874
-0.023651,5.1996
-0.021362,5.21
-0.021057,5.22
-0.02121,5.2307
-0.016174,5.2448
-0.016327,5.2576
-0.011597,5.2689
-0.011444,5.2832
-0.011444,5.2969
-0.006409,5.3094
-0.003815,5.3229
-0.001526,5.3375
-0.001678,5.3522
0.003204,5.3677
0.003815,5.3848
-0.001678,5.4004
0.000763,5.4156
0.00351,5.433
0.000916,5.4495
0.000763,5.4675
0.005646,5.4834
0.010681,5.5026
0.013123,5.5191
0.01297,5.5371
0.010529,5.5566
0.008087,5.5756
0.010529,5.5957
0.013275,5.6149
0.01297,5.6335
0.015564,5.6534
0.010529,5.6732
0.008392,5.6931
0.005646,5.7123
0.00824,5.7333
0.005951,5.7516
0.011444,5.7715
0.018158,5.7913
0.023041,5.8109
0.0,5.8307
-0.02594,5.8493
0.000916,5.8688
-0.003662,5.889
-0.003052,5.9079
0.003052,5.9265
0.00824,5.9436
0.006256,5.9613
0.005798,5.9811
0.008087,5.9988
0.015564,6.0159
0.018005,6.0355
0.0177,6.0504
0.018158,6.0699
-0.003052,6.0843
-0.058289,6.1026
-0.009003,6.1185
0.242615,6.1322
0.921936,6.1481
0.817871,6.163
0.21759,6.1777
-0.254974,6.1926
-0.431976,6.2054
-0.33783,6.2213
-0.185699,6.2344
-0.10849,6.2463
-0.077972,6.2582
-0.055389,6.2729
-0.046082,6.2842
-0.037384,6.2946
-0.031128,6.308
-0.023651,6.3181
-0.013885,6.3281
-0.009155,6.3382
-0.003967,6.3467
0.003204,6.3571
0.005951,6.3669
0.014038,6.3766
0.022888,6.3849
0.035095,6.391
0.050354,6.4001
0.066376,6.4056
0.084686,6.4124
0.098267,6.42
0.113068,6.4258
0.120239,6.4297
0.122833,6.4349
0.111694,6.4398
0.080719,6.4447
0.029602,6.4505
-0.036469,6.4539
-0.095215,6.4551
-0.135498,6.4594
-0.153961,6.4636
-0.157776,6.4645
-0.153351,6.4688
-0.149841,6.4706
-0.133667,6.4746
-0.119476,6.4789
-0.103149,6.4795
-0.09079,6.4844
-0.081177,6.4838
-0.070496,6.4886
-0.058136,6.489
-0.053253,6.4941
-0.048218,6.4938
-0.045319,6.4987
-0.040741,6.4981
-0.0383,6.5033
-0.035706,6.5033
-0.031128,6.5048
-0.026093,6.5082
-0.023651,6.5088
-0.023956,6.5131
-0.018616,6.5131
-0.018311,6.5137
-0.018768,6.5179
-0.016479,6.5182
-0.014648,6.5216
-0.016479,6.5234
-0.01358,6.5225
-0.010223,6.5228
-0.00885,6.5274
-0.006561,6.528
-0.003967,6.5271
-0.000763,6.5332
0.003052,6.5332
0.005646,6.5335
0.00824,6.5329
0.007935,6.5323
0.008392,6.5375
0.008087,6.5375
0.005493,6.5381
0.00824,6.5372
0.010834,6.5378
0.01358,6.5375
0.010376,6.5375
0.011597,6.5375
0.010834,6.5378
0.010529,6.5381
0.010529,6.5375
0.013123,6.5378
0.0177,6.5381
0.015411,6.5369
0.015564,6.5323
0.020294,6.5326
0.035553,6.5329
0.019073,6.5329
-0.016327,6.5323
0.001984,6.5277
-0.011292,6.5283
-0.003967,6.5283
0.005646,6.5283
0.010834,6.5225
0.007019,6.5231
0.00351,6.5228
0.005951,6.5179
0.010529,6.5179
0.010834,6.5176
0.017548,6.5131
0.022736,6.5131
0.008545,6.5128
-0.046997,6.5079
-0.011292,6.5085
0.217438,6.503
0.856171,6.5033
0.945892,6.5027
0.234222,6.4987
-0.291901,6.4978
-0.453949,6.4941
-0.341492,6.4926
-0.181427,6.4883
-0.111084,6.4841
-0.081177,6.4841
-0.061493,6.4783
-0.045929,6.478
-0.035706,6.474
-0.023804,6.4731
-0.016327,6.4697
-0.010071,6.4642
-0.002289,6.4645
0.003204,6.4594
0.010223,6.4542
0.015717,6.4548
0.022888,6.4496
0.034485,6.4447
0.049286,6.4407
0.067444,6.4359
0.087433,6.4267
0.110474,6.4209
0.131531,6.4154
0.149536,6.4069
0.154877,6.4011
0.149689,6.3922
0.131531,6.3867
0.087433,6.3763
0.020142,6.3672
-0.06012,6.3611
-0.132141,6.3522
-0.181122,6.3422
-0.208893,6.3321
-0.221558,6.3232
-0.216827,6.3138
-0.202332,6.304
-0.184021,6.293
-0.160828,6.2839
-0.140991,6.2744
-0.126343,6.2646
-0.110931,6.2546
-0.094452,6.246
-0.079956,6.239
-0.067291,6.2299
-0.057678,6.2204
-0.052032,6.2112
-0.04303,6.2045
-0.035706,6.1957
-0.032196,6.1868
-0.028381,6.1804
-0.026093,6.1728
-0.02594,6.167
-0.023651,6.1621
-0.022583,6.1523
-0.018616,6.1475
-0.018463,6.1423
-0.016174,6.1374
-0.016022,6.1322
-0.013733,6.1285
-0.011292,6.1227
-0.009003,6.1182
-0.003815,6.1136
-0.003815,6.1078
0.001068,6.1032
0.003052,6.1032
0.005798,6.098
0.007935,6.0931
0.007935,6.0934
0.00824,6.0886
0.008087,6.0892
0.007935,6.0843
0.010834,6.0843
0.012665,6.0785
0.013123,6.0788
0.013275,6.0785
0.010529,6.0745
0.010834,6.0745
0.010681,6.0742
0.010681,6.0687
0.010834,6.069
0.008087,6.0693
0.010834,6.0696
0.008087,6.0645
0.00824,6.0641
0.010834,6.0645
0.007782,6.0645
0.007935,6.0651
0.010834,6.0638
0.018005,6.0641
0.040588,6.0593
0.063934,6.0596
0.052185,6.0596
0.066528,6.0599
0.031738,6.059
-0.002594,6.059
-0.01358,6.0599
-0.006409,6.0596
-0.015869,6.0596
-0.023651,6.0547
-0.02594,6.0541
-0.023804,6.055
-0.018463,6.0492
-0.016174,6.0486
-0.011292,6.0446
-0.011597,6.0394
-0.016022,6.0355
-0.076294,6.0257
-0.055847,6.0202
0.153046,6.0156
0.762024,6.0065
1.04599,6.001
0.289917,5.9915
-0.316467,5.9866
-0.464783,5.9766
-0.341339,5.9671
-0.179138,5.9604
-0.110626,5.9521
-0.082397,5.9424
-0.063019,5.932
-0.048065,5.9229
-0.038147,5.9174
-0.02594,5.9085
-0.016785,5.8987
-0.009003,5.8887
-0.000153,5.8786
0.009613,5.871
0.017548,5.864
0.024109,5.8548
0.033722,5.845
0.041962,5.8344
0.056458,5.8209
0.0737,5.8099
0.092316,5.7956
0.115051,5.7812
0.136414,5.7657
0.152283,5.7474
0.159607,5.7327
0.162201,5.7132
0.146027,5.6976
0.108185,5.679
0.036774,5.6592
-0.042877,5.64
-0.117493,5.6219
-0.172729,5.6049
-0.205688,5.5859
-0.216675,5.567
-0.211792,5.5472
-0.202179,5.5313
-0.182495,5.513
-0.165558,5.4968
-0.147247,5.4791
-0.128784,5.4645
-0.111694,5.4486
-0.098267,5.4312
-0.08255,5.4166
-0.068665,5.4028
-0.060425,5.3909
-0.055542,5.376
-0.045929,5.3632
-0.040741,5.3519
-0.0383,5.3418
-0.033417,5.3314
-0.028687,5.3214
-0.028687,5.3125
-0.02594,5.303
-0.023499,5.293
-0.02121,5.2841
-0.018616,5.2789
-0.018921,5.2725
-0.014191,5.264
-0.011444,5.2594
-0.011444,5.2542
-0.006561,5.2493
-0.003967,5.2448
-0.006409,5.2399
-0.003967,5.2386
-0.003815,5.2344
-0.001678,5.2295
0.003357,5.2301
0.003357,5.2246
0.003357,5.2252
0.005646,5.2243
0.005798,5.22
0.010834,5.2197
0.007935,5.2197
0.010681,5.22
0.01297,5.2203
0.015411,5.2155
0.01297,5.2155
0.013275,5.2158
0.010529,5.2151
0.00824,5.2155
0.008545,5.2158
0.010376,5.2155
0.013123,5.2151
0.01297,5.2151
0.013428,5.2151
0.010681,5.2148
0.010681,5.2151
0.011902,5.2151
0.013275,5.2151
0.013275,5.2151
0.01297,5.2155
0.025177,5.2155
0.032349,5.2158
0.032654,5.2158
0.046997,5.2155
0.064087,5.2155
0.038605,5.2155
-0.00061,5.2155
-0.016174,5.2155
-0.00885,5.2151
-0.00885,5.2155
-0.021057,5.2151
-0.026245,5.2148
-0.023499,5.2148
-0.018616,5.2151
-0.016327,5.2112
-0.013885,5.2103
-0.013733,5.2103
-0.011444,5.2103
-0.067902,5.2103
-0.085602,5.2103
0.037842,5.21
0.523376,5.2106
1.139374,5.21
0.543671,5.2063
-0.166168,5.2057
-0.461731,5.2054
-0.396881,5.2057
-0.223083,5.206
-0.132599,5.2057
-0.095673,5.2057
-0.076294,5.2008
-0.059204,5.2011
-0.043488,5.2005
-0.033264,5.2008
-0.019684,5.1996
-0.009766,5.1956
-0.002136,5.1953
0.005798,5.1965
0.013275,5.191
0.020447,5.191
0.030212,5.1907
0.041962,5.1862
0.050812,5.1813
0.063934,5.1758
0.082855,5.1669
0.104675,5.1569
0.129089,5.1434
0.149384,5.1291
0.158234,5.1126
0.162048,5.0946
0.154419,5.0757
0.128784,5.0552
0.071259,5.0354
-0.005035,5.0146
-0.083466,4.9921
-0.1474,4.9683
-0.187073,4.9475
-0.204773,4.9231
-0.206909,4.9026
-0.199585,4.8792
-0.187683,4.8593
-0.172729,4.8361
-0.15625,4.816
-0.138702,4.7968
-0.122681,4.7766
-0.105286,4.7571
-0.089722,4.7388
-0.08255,4.7223
-0.072479,4.7083
-0.063171,4.6939
-0.050659,4.6848
-0.045471,4.6692
-0.043335,4.66
-0.035706,4.6542
-0.030975,4.6454
-0.026093,4.6408
-0.023651,4.6356
-0.025635,4.6307
-0.028534,4.6304
-0.02594,4.6301
-0.021362,4.6304
-0.022278,4.6304
-0.021057,4.6347
-0.016327,4.6402
-0.018921,4.6457
-0.016174,4.65
-0.011444,4.6594
-0.009155,4.6692
-0.006409,4.6796
-0.003967,4.689
-0.001373,4.7031
0.003662,4.7168
0.00351,4.7308
0.005798,4.7473
0.006104,4.7626
0.002899,4.7812
0.002899,4.7968
0.007019,4.8184
0.006714,4.8389
0.00824,4.8599
0.013275,4.8792
0.013275,4.9017
0.008087,4.9228
0.010529,4.9475
0.01297,4.9713
0.015869,4.9936
0.015259,5.0192
0.012817,5.0449
0.01297,5.0693
0.013275,5.094
0.010834,5.1212
0.01297,5.1465
0.018158,5.1727
0.024414,5.2002
0.034943,5.2252
0.049438,5.2539
0.035248,5.2823
0.053864,5.3079
0.026245,5.3363
-0.007782,5.3629
-0.018768,5.39
0.000763,5.4184
-0.003815,5.4446
-0.013733,5.4733
-0.01358,5.4987
-0.016174,5.527
-0.011139,5.5551
-0.006409,5.5811
-0.006561,5.6091
-0.009155,5.6339
-0.017548,5.6598
-0.079956,5.6866
-0.058746,5.712
0.120392,5.7361
0.726166,5.7617
0.947876,5.7861
0.365601,5.8105
-0.161591,5.8347
-0.422668,5.8554
-0.381317,5.8786
-0.222473,5.9018
-0.127563,5.9225
-0.090485,5.9451
-0.065613,5.9653
-0.045624,5.9863
-0.037994,6.0065
-0.03067,6.0248
-0.021667,6.0449
-0.013733,6.0635
-0.006714,6.0831
-0.004272,6.0995
0.003357,6.1176
0.013275,6.1322
0.020447,6.1505
0.030212,6.1664
0.035095,6.1816
0.046234,6.1948
0.063782,6.2051
0.081024,6.2204
0.098419,6.2302
0.117188,6.2445
0.117798,6.2546
0.125122,6.2643
0.118103,6.2741
0.094452,6.2839
0.043182,6.2927
-0.020294,6.2985
-0.074615,6.3077
-0.120544,6.3141
-0.150146,6.3232
-0.158081,6.3272
-0.15564,6.3361
-0.148163,6.3422
-0.135803,6.3464
-0.122528,6.3516
-0.104218,6.3568
-0.092468,6.3617
-0.07782,6.3669
-0.072174,6.3724
-0.065002,6.3754
-0.055084,6.3809
-0.050507,6.3855
-0.045776,6.3904
-0.043182,6.3962
-0.036011,6.4005
-0.030975,6.4017
-0.028534,6.4056
-0.028534,6.4108
-0.028534,6.4154
-0.025787,6.42
-0.021057,6.424
-0.02121,6.4252
-0.016479,6.4297
-0.016174,6.4352
-0.007477,6.4404
-0.006714,6.4453
-0.003967,6.4459
-0.005798,6.4496
-0.003967,6.4545
0.003357,6.46
0.003204,6.4648
0.003052,6.4676
0.003357,6.4697
0.005646,6.4749
0.00824,6.4798
0.007935,6.4838
0.008392,6.4883
0.010681,6.4886
0.013275,6.4941
0.015564,6.499
0.015411,6.4993
0.015564,6.5042
0.018158,6.5082
0.022888,6.5085
0.031738,6.5134
0.054321,6.5179
0.054169,6.5176
0.052032,6.5234
0.052795,6.5231
0.008087,6.5277
-0.014038,6.5277
-0.013428,6.5335
-0.002594,6.5323
-0.009308,6.5332
-0.021057,6.5369
-0.02182,6.5378
-0.016174,6.5378
-0.016327,6.5424
-0.013885,6.543
-0.00885,6.5424
-0.006561,6.5424
-0.026703,6.5457
-0.067291,6.5469
0.003662,6.5479
0.298309,6.5479
0.988312,6.5482
0.764771,6.5482
0.099792,6.5472
-0.346222,6.5466
-0.442505,6.5479
-0.31311,6.5472
-0.16449,6.5479
-0.102997,6.5469
-0.074921,6.5475
-0.053253,6.5482
-0.040741,6.5466
-0.028534,6.5427
-0.018616,6.5427
-0.011749,6.5421
-0.001373,6.5424
0.00824,6.5372
0.014801,6.5381
0.021973,6.5375
0.030518,6.5332
0.039978,6.5332
0.049438,6.5277
0.064545,6.5231
0.081482,6.5219
0.104828,6.5146
0.127106,6.5079
0.144348,6.503
0.156708,6.4984
0.161896,6.4893
0.152283,6.4841
0.129089,6.4737
0.07782,6.4648
0.006561,6.4554
-0.070801,6.449
-0.133057,6.4398
-0.176697,6.4291
-0.197144,6.4197
-0.202332,6.4078
-0.195007,6.3959
-0.185852,6.3867
-0.171204,6.3766
-0.153351,6.3666
-0.131836,6.3577
-0.111847,6.3434
-0.097046,6.3324
-0.082855,6.3226
-0.072479,6.3141
-0.063019,6.3037
-0.055084,6.2946
-0.048065,6.2845
-0.041046,6.2738
-0.036316,6.264
-0.031281,6.254
-0.024261,6.2448
-0.023804,6.236
-0.021057,6.2302
-0.019531,6.2213
-0.018921,6.21
-0.018616,6.2027
-0.016327,6.1969
-0.016174,6.1871
-0.016327,6.1813
-0.013428,6.1719
-0.009003,6.1664
-0.006409,6.1569
-0.00412,6.152
-0.00412,6.1429
-0.006104,6.1377
-0.00412,6.1282
-0.003815,6.1221
-0.003967,6.1185
-0.001373,6.1084
0.00061,6.1038
0.00351,6.0986
0.003357,6.0898
0.005951,6.0834
0.005646,6.0785
0.008392,6.0709
0.010681,6.0645
0.010529,6.0596
0.010834,6.0547
0.010986,6.0443
0.015869,6.04
0.015411,6.0349
0.017853,6.0254
0.015717,6.0196
0.0177,6.0159
0.017853,6.0071
0.017853,6.001
0.017853,5.9961
0.023041,5.9915
0.037537,5.9827
0.066376,5.9766
0.059967,5.9717
0.066833,5.9668
0.054932,5.9613
0.006866,5.9525
-0.016174,5.9476
-0.012207,5.9427
-0.008698,5.9375
-0.016327,5.9277
-0.023956,5.9229
-0.028687,5.9177
-0.023651,5.9085
-0.018921,5.9
-0.016174,5.8936
-0.013885,5.8835
-0.013733,5.874
-0.046539,5.8658
-0.079956,5.8588
0.021515,5.8499
0.401611,5.8398
1.092834,5.8304
0.68161,5.8215
-0.072174,5.8154
-0.444946,5.8054
-0.414429,5.7959
-0.243988,5.7864
-0.134125,5.7809
-0.092773,5.7706
-0.070648,5.762
-0.053558,5.7529
-0.040741,5.7468
-0.03067,5.7373
-0.018921,5.7266
-0.00946,5.723
-0.003662,5.7126
0.005798,5.7077
0.0177,5.6982
0.023193,5.6906
0.032654,5.6842
0.044708,5.6744
0.054321,5.6635
0.070953,5.6494
0.090942,5.6387
0.110931,5.6253
0.131836,5.6107
0.149994,5.5954
0.164337,5.5771
0.167084,5.5621
0.158081,5.5426
0.13092,5.5273
0.076904,5.5081
-0.003052,5.4892
-0.081787,5.4727
-0.150299,5.4544
-0.191956,5.4346
-0.214233,5.4153
-0.221863,5.3998
-0.21637,5.3815
-0.202942,5.3622
-0.185089,5.3473
-0.163727,5.3275
-0.145416,5.3128
-0.127411,5.2975
-0.109863,5.2792
-0.094299,5.2646
-0.079956,5.2502
-0.068359,5.2353
-0.060577,5.2219
-0.053101,5.2106
-0.047455,5.1956
-0.040741,5.1862
-0.033417,5.1733
-0.031281,5.1614
-0.028534,5.1517
-0.024414,5.1419
-0.023651,5.1328
-0.021362,5.1273
-0.018768,5.1181
-0.018768,5.1096
-0.013885,5.1038
-0.009003,5.098
-0.00946,5.0928
-0.009003,5.0839
-0.010529,5.079
-0.009155,5.0745
-0.003815,5.0745
-0.00412,5.0699
-0.001678,5.065
0.000916,5.0638
0.000916,5.0598
0.003204,5.0592
0.003357,5.0543
0.005646,5.0546
0.005798,5.0497
0.005646,5.0497
0.010681,5.05
0.00824,5.0507
0.008392,5.0497
0.010681,5.0449
0.007935,5.0458
0.012665,5.0449
0.013123,5.0452
0.012665,5.0449
0.010834,5.0449
0.010529,5.0449
0.010986,5.0452
0.013123,5.0449
0.011292,5.0455
0.007935,5.0446
0.010529,5.0452
0.012817,5.0504
0.018311,5.0497
0.028992,5.0504
0.061646,5.05
0.052643,5.0494
0.058289,5.05
0.050354,5.0497
0.006714,5.0494
-0.016479,5.0546
-0.018616,5.0546
-0.013733,5.0552
-0.023499,5.0549
-0.028381,5.0546
-0.028381,5.0549
-0.023804,5.0549
-0.021057,5.0592
-0.018311,5.0595
-0.013885,5.0598
-0.013123,5.0595
-0.037384,5.0598
-0.084991,5.0601
-0.024109,5.0595
0.316772,5.0647
1.05423,5.0647
0.785217,5.065
0.010071,5.0647
-0.422516,5.0644
-0.431519,5.0644
-0.271149,5.065
-0.147858,5.0647
-0.102386,5.0641
-0.080109,5.0644
-0.062714,5.0647
-0.047913,5.0647
-0.0383,5.0647
-0.03067,5.0644
-0.018921,5.0604
-0.006256,5.0598
0.003357,5.0598
0.009918,5.0589
0.015717,5.0595
0.027313,5.0546
0.035095,5.0549
0.044556,5.0522
0.058594,5.0497
0.076294,5.0455
0.09613,5.0403
0.120697,5.036
0.139923,5.0247
0.153961,5.011
0.161743,4.9963
0.154572,4.9817
0.139771,4.9634
0.086517,4.9472
0.017242,4.9277
-0.062103,4.9078
-0.128326,4.8862
-0.172119,4.8651
-0.196686,4.845
-0.201874,4.8251
-0.198212,4.8032
-0.187988,4.7824
-0.172882,4.762
-0.156555,4.7424
-0.131683,4.7232
-0.114288,4.7049
-0.099945,4.6884
-0.092468,4.6713
-0.077362,4.6558
-0.063171,4.6414
-0.057983,4.6301
-0.052795,4.6176
-0.045929,4.6082
-0.043335,4.6008
-0.037842,4.5914
-0.035706,4.5871
-0.03067,4.5819
-0.030212,4.577
-0.030975,4.577
-0.02655,4.5715
-0.024261,4.5752
-0.02121,4.5767
-0.021057,4.5813
-0.016327,4.5822
-0.014038,4.5911
-0.011292,4.5959
-0.011597,4.606
-0.009003,4.6158
-0.004272,4.6255
-0.004272,4.6405
-0.001984,4.6545
0.003052,4.6695
0.000763,4.6841
0.00351,4.7034
0.003204,4.7192
0.00351,4.7385
0.003052,4.7598
0.003357,4.7815
0.003052,4.801
0.005798,4.8257
0.010529,4.8505
0.008087,4.874
0.008087,4.8981
0.008545,4.9228
0.014801,4.9512
0.018158,4.9765
0.014038,5.0043
0.013123,5.0308
0.01297,5.0589
0.011139,5.0867
0.015411,5.116
0.013428,5.1456
0.017853,5.1746
0.027008,5.2036
0.049896,5.2325
0.042267,5.2625
0.058289,5.2914
0.050049,5.322
0.005646,5.3516
-0.015717,5.3799
-0.008698,5.4102
-0.001526,5.4395
-0.013275,5.4694
-0.018311,5.4987
-0.021362,5.528
-0.021057,5.5576
-0.013733,5.5865
-0.016327,5.6155
-0.012054,5.6439
-0.011444,5.6714
-0.067139,5.6992
-0.077972,5.7272
0.030823,5.7526
0.48233,5.7791
1.024475,5.8047
0.545959,5.8298
-0.025177,5.8548
-0.391235,5.8789
-0.422668,5.9033
-0.277252,5.9268
-0.14679,5.9476
-0.09552,5.9717
-0.067291,5.9943
-0.051575,6.0144
-0.038605,6.0345
-0.026093,6.0547
-0.016785,6.0751
-0.011292,6.0938
-0.006561,6.1139
0.001373,6.1328
0.008392,6.1502
0.014648,6.1667
0.022736,6.1847
0.025024,6.2003
0.034332,6.2152
0.046387,6.2296
0.061646,6.2433
0.076599,6.2549
0.09613,6.2686
0.117645,6.2793
0.132446,6.2927
0.132446,6.3034
0.127411,6.3129
0.106506,6.3229
0.066833,6.3321
0.006561,6.34
-0.055084,6.3474
-0.10437,6.3565
-0.142975,6.3614
-0.155792,6.3712
-0.155792,6.3766
-0.148163,6.3818
-0.141602,6.3867
-0.124817,6.3962
-0.108948,6.4011
-0.097046,6.4053
-0.085602,6.4105
-0.074921,6.4154
-0.065308,6.4209
-0.057831,6.4255
-0.051575,6.4307
-0.045624,6.4337
-0.041504,6.4349
-0.037994,6.4395
-0.028687,6.4441
-0.023804,6.4493
-0.023651,6.4551
-0.021057,6.4597
-0.018921,6.4648
-0.013733,6.4694
-0.015411,6.4737
-0.016327,6.4749
-0.013733,6.4798
-0.011749,6.4835
-0.008698,6.4883
-0.009003,6.4935
-0.006409,6.4981
-0.001373,6.5027
-0.001526,6.5082
-0.001373,6.5134
0.000763,6.5173
0.001068,6.5225
0.003204,6.5317
0.00824,6.5372
0.00824,6.5424
0.010681,6.5472
0.010681,6.5521
0.010681,6.557
0.01297,6.5619
0.010681,6.5677
0.015869,6.5717
0.024719,6.5762
0.04715,6.5811
0.059204,6.5863
0.049591,6.5912
0.064087,6.5955
0.02533,6.5967
-0.009308,6.6016
-0.013885,6.6058
-0.001678,6.6113
-0.009003,6.6113
-0.018921,6.6153
-0.02121,6.6199
-0.018463,6.6205
-0.015717,6.626
-0.00885,6.6254
-0.001678,6.6302
0.001068,6.6302
-0.0177,6.6302
-0.070038,6.6351
-0.021973,6.6354
0.221863,6.6351
0.880127,6.6406
0.87738,6.6406
0.208282,6.6394
-0.285187,6.6397
-0.446167,6.64
-0.339661,6.6394
-0.183716,6.6397
-0.104523,6.6397
-0.074921,6.6406
-0.05127,6.6403
-0.043945,6.64
-0.033722,6.6406
-0.020752,6.6397
-0.011902,6.64
-0.006256,6.64
0.000763,6.6351
0.005798,6.6357
0.01297,6.6348
0.023346,6.6357
0.032501,6.6299
0.044556,6.6306
0.054016,6.6251
0.072021,6.6248
0.0914,6.6211
0.112915,6.6153
0.13092,6.611
0.149231,6.6064
0.157013,6.6016
0.15213,6.5961
0.131989,6.5909
0.088654,6.582
0.018616,6.5771
-0.059509,6.5671
-0.123749,6.5625
-0.170288,6.553
-0.192566,6.5442
-0.196991,6.5372
-0.19455,6.528
-0.180969,6.5186
-0.165405,6.5131
-0.151062,6.5033
-0.131531,6.4929
-0.111237,6.4841
-0.096436,6.4795
-0.082245,6.4691
-0.069275,6.4584
-0.060577,6.4545
-0.052948,6.4447
-0.04837,6.4349
-0.045624,6.4301
-0.040894,6.4203
-0.034027,6.4157
-0.033569,6.4075
-0.02655,6.4001
-0.023651,6.3965
-0.023651,6.3879
-0.020905,6.3818
-0.021362,6.376
-0.021057,6.3721
-0.018616,6.3672
-0.016022,6.3614
-0.013885,6.3571
-0.014191,6.3522
-0.011597,6.347
-0.010986,6.3419
-0.011749,6.3373
-0.009003,6.3373
-0.006409,6.3321
-0.004578,6.3278
-0.001984,6.3226
0.0,6.3226
0.001068,6.3177
0.003815,6.3129
0.005951,6.3135
0.00824,6.308
0.008545,6.308
0.008087,6.304
0.008087,6.3037
0.008087,6.2985
0.005646,6.2979
0.008545,6.2939
0.01297,6.2933
0.013123,6.2891
0.01297,6.2881
0.01297,6.2833
0.01297,6.2842
0.01297,6.2836
0.0177,6.2787
0.033112,6.279
0.063782,6.2738
0.056915,6.2741
0.069275,6.2744
0.050201,6.2692
0.00412,6.2692
-0.016327,6.2692
-0.013733,6.2689
-0.013885,6.264
-0.02121,6.2646
-0.028687,6.264
-0.028992,6.2598
-0.023193,6.2589
-0.018768,6.2595
-0.015717,6.2589
-0.011597,6.2546
-0.01358,6.2546
-0.055847,6.2549
-0.072021,6.2546
0.066071,6.2497
0.53009,6.25
1.118774,6.2494
0.530701,6.2451
-0.171814,6.2442
-0.46051,6.2448
-0.389099,6.2402
-0.217133,6.2402
-0.121765,6.2347
-0.085449,6.2357
-0.063019,6.2305
-0.04837,6.2302
-0.0354,6.225
-0.026245,6.2204
-0.017853,6.2155
-0.009155,6.2112
0.002899,6.2057
0.010223,6.2009
0.017853,6.1957
0.027618,6.1908
0.035706,6.1816
0.047913,6.1761
0.063477,6.1664
0.081635,6.1575
0.10376,6.1475
0.125275,6.1377
0.146637,6.1234
0.161591,6.1133
0.169983,6.0986
0.171814,6.0834
0.157318,6.0693
0.122986,6.055
0.058899,6.0403
-0.021057,6.0257
-0.09964,6.0114
-0.160675,5.9961
-0.199127,5.9811
-0.216675,5.9668
-0.219574,5.9488
-0.209808,5.9341
-0.195312,5.9183
-0.178223,5.903
-0.158691,5.889
-0.140533,5.874
-0.121307,5.8597
-0.103607,5.8447
-0.089417,5.8304
-0.079498,5.816
-0.070038,5.8026
-0.060425,5.791
-0.050507,5.7764
-0.043945,5.7669
-0.040588,5.752
-0.038452,5.7419
-0.036011,5.7288
-0.030823,5.7178
-0.030518,5.7086
-0.028534,5.6982
-0.028381,5.6882
-0.028839,5.6787
-0.025787,5.6693
-0.023651,5.6638
-0.02121,5.6534
-0.016327,5.6448
-0.018768,5.6396
-0.013885,5.6308
-0.014038,5.625
-0.013885,5.6204
-0.00885,5.6146
-0.003815,5.6107
-0.001831,5.603
0.002899,5.6009
0.005798,5.596
0.005798,5.5911
0.003052,5.5862
0.005646,5.5804
0.00824,5.5759
0.007935,5.5734
0.00824,5.5716
0.010681,5.5664
0.010529,5.5621
0.008698,5.5618
0.011139,5.5582
0.010529,5.5542
0.013123,5.5518
0.015564,5.5466
0.015411,5.5472
0.015869,5.542
0.015717,5.542
0.015411,5.5374
0.015411,5.5374
0.015411,5.5322
0.019684,5.5325
0.03006,5.5276
0.062103,5.5276
0.061035,5.5225
0.058594,5.5225
0.061646,5.5179
0.018158,5.5179
-0.013123,5.5121
-0.013885,5.513
-0.009003,5.5081
-0.018463,5.5087
-0.028381,5.5029
-0.023804,5.5032
-0.018921,5.499
-0.018616,5.498
-0.013733,5.4926
-0.011444,5.4929
-0.00885,5.4886
-0.023804,5.488
-0.082397,5.4831
-0.0383,5.4785
0.25177,5.4785
0.966797,5.4739
0.882416,5.4742
0.088654,5.4694
-0.39978,5.4684
-0.441284,5.4636
-0.286407,5.4645
-0.154572,5.4587
-0.104523,5.4565
-0.080414,5.4541
-0.062256,5.4498
-0.04776,5.4498
-0.033875,5.4443
-0.024567,5.441
-0.014191,5.4404
-0.006561,5.4343
0.003357,5.4343
0.012054,5.4303
0.018005,5.4251
0.027618,5.4199
0.038147,5.4153
0.049591,5.4074
0.062103,5.4007
0.07843,5.3909
0.095825,5.3766
0.118103,5.3629
0.139313,5.3519
0.154572,5.3369
0.161743,5.3186
0.160065,5.3036
0.143127,5.289
0.098724,5.2689
0.025482,5.2518
-0.052185,5.235
-0.119324,5.2158
-0.167847,5.1978
-0.198822,5.1813
-0.209198,5.1617
-0.204163,5.1474
-0.190277,5.1279
-0.177002,5.1126
-0.157623,5.0952
-0.138855,5.0793
-0.12146,5.0644
-0.104828,5.05
-0.091705,5.0351
-0.07782,5.0223
-0.072174,5.011
-0.06546,5.0009
-0.055847,4.9872
-0.046234,4.9774
-0.045471,4.9677
-0.040741,4.9622
-0.034943,4.9521
-0.030823,4.9481
-0.028381,4.938
-0.025787,4.9326
-0.023499,4.9329
-0.023804,4.9286
-0.018768,4.9234
-0.016479,4.9231
-0.013733,4.9231
-0.016174,4.9237
-0.01358,4.9283
-0.006714,4.928
-0.006409,4.9335
-0.003815,4.9377
-0.001678,4.9429
0.003204,4.9475
0.003357,4.9527
0.005798,4.9625
0.005646,4.9701
0.005646,4.9765
0.005646,4.9866
0.003815,4.9963
0.010376,5.0058
0.01297,5.0195
0.01297,5.0302
0.01297,5.0427
0.01297,5.0549
0.013123,5.0693
0.010986,5.0812
0.008392,5.0931
0.010681,5.1077
0.008392,5.123
0.010071,5.1401
0.01297,5.1572
0.01297,5.1715
0.018005,5.1907
0.015564,5.2084
0.013123,5.2249
0.015564,5.2444
0.010681,5.2643
0.022888,5.2835
0.037231,5.3027
0.054321,5.3223
0.044708,5.3424
0.054321,5.3616
0.031128,5.3857
-0.005798,5.4056
-0.018921,5.4282
-0.007172,5.4486
-0.006561,5.4691
-0.015869,5.4922
-0.023804,5.5133
-0.025635,5.5362
-0.02121,5.5573
-0.018616,5.5807
-0.01358,5.6033
-0.009003,5.6247
-0.015869,5.6491
-0.072327,5.6717
-0.069427,5.6937
0.085144,5.7175
0.646515,5.7422
0.971985,5.7617
0.393829,5.7861
-0.144043,5.8054
-0.431061,5.8298
-0.404816,5.8496
-0.248871,5.8728
-0.141296,5.8936
-0.101318,5.9134
-0.07309,5.9366
-0.057068,5.9561
-0.040741,5.9763
-0.033417,5.9955
-0.023041,6.0162
-0.009003,6.0345
-0.006409,6.0522
0.001373,6.0696
0.010681,6.0889
0.015717,6.1035
0.020752,6.1227
0.027771,6.138
0.034943,6.1523
0.051575,6.1658
0.067139,6.1813
0.086212,6.196
0.103607,6.2082
0.117188,6.2204
0.127563,6.2308
0.132599,6.2445
0.122986,6.2543
0.101471,6.2646
0.056915,6.2738
-0.004425,6.2845
-0.066833,6.2918
-0.116577,6.2982
-0.146179,6.3086
-0.158234,6.3132
-0.158081,6.3232
-0.151367,6.3275
-0.134277,6.3373
-0.122375,6.3422
-0.106812,6.347
-0.095062,6.3547
-0.08255,6.3614
-0.075226,6.3669
-0.067444,6.3708
-0.058289,6.3763
-0.05722,6.3815
-0.05127,6.3867
-0.045624,6.391
-0.036469,6.3956
-0.033569,6.4014
-0.031281,6.4066
-0.028534,6.4133
-0.023651,6.4178
-0.023804,6.4243
-0.018616,6.4294
-0.016327,6.4343
-0.016479,6.4398
-0.016479,6.4444
-0.011749,6.4496
-0.009155,6.4542
-0.006409,6.4594
-0.004272,6.4648
-0.001678,6.4682
0.001068,6.4734
-0.001373,6.4792
0.000763,6.4835
0.003204,6.4883
0.005493,6.4941
0.000916,6.4978
0.005951,6.503
0.010529,6.5088
0.012512,6.5131
0.01297,6.5179
0.013275,6.5231
0.010681,6.5283
0.012817,6.5317
0.022736,6.5375
0.027924,6.543
0.049286,6.5475
0.056,6.5518
0.057526,6.5564
0.053711,6.5616
0.00824,6.5613
-0.011902,6.5671
-0.007172,6.5707
0.000916,6.5765
-0.00885,6.5762
-0.018616,6.5811
-0.015717,6.5863
-0.011444,6.5854
-0.01297,6.5918
-0.010681,6.5915
-0.003967,6.5961
-0.00412,6.5961
-0.028381,6.5955
-0.067444,6.601
-0.001831,6.6022
0.288696,6.601
0.971527,6.6058
0.769653,6.6055
0.11734,6.6055
-0.326538,6.6055
-0.432434,6.6052
-0.310669,6.6055
-0.16571,6.6061
-0.101929,6.6055
-0.074768,6.6058
-0.055695,6.6058
-0.043335,6.6058
-0.032806,6.6055
-0.023193,6.6064
-0.009766,6.601
0.000763,6.6013
0.00824,6.601
0.01297,6.6006
0.020447,6.5958
0.030365,6.5961
0.037537,6.5958
0.045166,6.5918
0.059814,6.5863
0.079041,6.5863
0.097809,6.5811
0.119629,6.5768
0.137939,6.5714
0.149841,6.5671
0.152435,6.5616
0.1474,6.557
0.128632,6.5527
0.083923,6.543
0.015259,6.5372
-0.058289,6.5295
-0.121307,6.5225
-0.162354,6.5152
-0.1828,6.5076
-0.192566,6.4987
-0.185089,6.4932
-0.170135,6.4838
-0.156097,6.4746
-0.136871,6.4688
-0.118561,6.4594
-0.101929,6.4517
-0.091248,6.4444
-0.076904,6.4352
-0.065308,6.4307
-0.060425,6.4203
-0.047913,6.416
-0.040588,6.4062
-0.038147,6.4011
-0.033417,6.3965
-0.033112,6.387
-0.031128,6.3818
-0.028534,6.3763
-0.028687,6.3708
-0.028534,6.3666
-0.023499,6.3626
-0.023651,6.3565
-0.02121,6.3519
-0.021362,6.3474
-0.018768,6.3419
-0.016479,6.3376
-0.01358,6.3327
-0.009003,6.3284
-0.006866,6.3272
-0.006714,6.3232
-0.006714,6.3177
-0.003967,6.3181
-0.003967,6.3129
0.000916,6.3083
0.00351,6.3089
0.005493,6.3037
0.007477,6.3037
0.005798,6.2988
0.005798,6.2991
0.007477,6.2936
0.008087,6.2939
0.010681,6.2894
0.010681,6.2888
0.010681,6.2842
0.010529,6.2842
0.006409,6.2842
0.008545,6.2793
0.008087,6.279
0.008392,6.2744
0.008087,6.2738
0.010529,6.2744
0.013275,6.2692
0.020447,6.2692
0.034485,6.264
0.06485,6.2646
0.054779,6.2595
0.057373,6.2595
0.044556,6.2555
0.00061,6.2543
-0.018463,6.25
-0.013275,6.2497
-0.004883,6.2451
-0.01358,6.2402
-0.026245,6.2375
-0.028687,6.2354
-0.026093,6.2299
-0.021667,6.2247
-0.016327,6.2204
-0.011139,6.2164
-0.008698,6.2109
-0.031281,6.2054
-0.072479,6.2006
0.007172,6.1914
0.344543,6.1856
1.051788,6.1813
0.760651,6.1771
-0.006866,6.1688
-0.426178,6.1624
-0.426636,6.1563
-0.261841,6.1481
-0.141754,6.1426
-0.096436,6.1331
-0.070496,6.1285
-0.053101,6.1188
-0.041504,6.1084
-0.030975,6.1002
-0.02121,6.0934
-0.011292,6.0837
-0.004425,6.0742
0.003662,6.0645
0.013428,6.0538
0.020447,6.0446
0.028076,6.0352
0.037537,6.0208
0.051575,6.0107
0.068512,5.9961
0.083618,5.9811
0.103607,5.9622
0.128174,5.9479
0.147247,5.928
0.161133,5.9091
0.164337,5.8893
0.15976,5.8694
0.137787,5.8502
0.088043,5.8261
0.012665,5.8054
-0.071716,5.7819
-0.140991,5.7611
-0.186768,5.7376
-0.214081,5.7178
-0.218964,5.6943
-0.211334,5.6741
-0.195007,5.6506
-0.178528,5.6293
-0.160675,5.6104
-0.142059,5.5884
-0.123596,5.5673
-0.106201,5.5484
-0.091705,5.5276
-0.077362,5.5087
-0.06546,5.4932
-0.056,5.4739
-0.04776,5.4565
-0.041351,5.4395
-0.038147,5.4251
-0.033569,5.4102
-0.031128,5.3964
-0.031128,5.3815
-0.030975,5.3671
-0.028534,5.3571
-0.026398,5.3427
-0.025787,5.332
-0.023651,5.3229
-0.021057,5.3131
-0.018616,5.3036
-0.016479,5.293
-0.016022,5.2835
-0.009155,5.2786
-0.006714,5.2698
-0.003967,5.2637
-0.001678,5.2591
-0.001678,5.249
-0.001373,5.2444
0.001678,5.2399
0.008087,5.2347
0.010376,5.2353
0.010376,5.2301
0.008545,5.224
0.00824,5.22
0.010834,5.22
0.010529,5.2155
0.010986,5.2151
0.013428,5.2103
0.017548,5.2106
0.015564,5.2057
0.015564,5.206
0.008698,5.2054
0.010681,5.2008
0.013123,5.2014
0.013123,5.2005
0.010986,5.1959
0.010681,5.1956
0.010681,5.1959
0.011292,5.1956
0.012665,5.191
0.018463,5.191
0.032043,5.1907
0.059509,5.1907
0.054932,5.1871
0.05127,5.1865
0.056763,5.1859
0.010834,5.1862
-0.016174,5.1859
-0.019073,5.1862
-0.011139,5.1807
-0.018616,5.181
-0.026093,5.1813
-0.02594,5.1813
-0.02121,5.1764
-0.018768,5.1764
-0.013733,5.1761
-0.011597,5.1761
-0.009003,5.1709
-0.018768,5.1721
-0.079498,5.1712
-0.050507,5.1666
0.21637,5.1669
0.935516,5.1614
0.945892,5.1614
0.147095,5.1608
-0.380859,5.1566
-0.451508,5.1572
-0.301666,5.1523
-0.157928,5.1517
-0.106506,5.1468
-0.08194,5.1425
-0.065613,5.1416
-0.050507,5.1373
-0.037384,5.1376
-0.030975,5.1328
-0.02121,5.127
-0.009155,5.1224
0.000305,5.1233
0.007935,5.1184
0.016327,5.1132
0.027008,5.108
0.037231,5.0986
0.046997,5.0937
0.056152,5.0784
0.072021,5.0693
0.09079,5.0546
0.112457,5.0394
0.132599,5.0204
0.149078,5.0012
0.157013,4.9826
0.159149,4.9622
0.146942,4.9426
0.108032,4.9185
0.03952,4.8962
-0.038605,4.874
-0.107727,4.8505
-0.158386,4.8282
-0.189209,4.8065
-0.19989,4.7821
-0.197449,4.758
-0.187531,4.7379
-0.172729,4.7128
-0.158234,4.6936
-0.139008,4.6704
-0.123901,4.65
-0.109558,4.6307
-0.095062,4.6112
-0.087128,4.5941
-0.077667,4.577
-0.065308,4.5578
-0.055237,4.5422
-0.050659,4.5285
-0.046082,4.5132
-0.0383,4.5013
-0.037842,4.4894
-0.035858,4.4788
-0.030365,4.465
-0.026245,4.4553
-0.024109,4.4498
-0.026093,4.44
-0.026093,4.4351
-0.024261,4.4257
-0.016174,4.4205
-0.013885,4.4165
-0.011597,4.4156
-0.009003,4.4131
-0.00824,4.411
-0.006561,4.411
-0.001984,4.4156
-0.001678,4.4162
-0.001678,4.4208
0.000916,4.4254
-0.001678,4.4302
-0.001526,4.4357
-0.001831,4.44
-0.001373,4.4507
0.000763,4.4571
0.000916,4.4672
0.001068,4.4781
0.003357,4.4891
0.003357,4.4986
0.005798,4.5139
0.005646,4.5282
0.008087,4.5425
0.007935,4.5575
0.008392,4.5718
0.010681,4.5889
0.013123,4.6057
0.010376,4.6249
0.010529,4.6426
0.01297,4.6619
0.010681,4.6838
0.010529,4.7037
0.015869,4.7253
0.027466,4.7473
0.046844,4.7714
0.042572,4.7958
0.04715,4.8209
0.055084,4.8447
0.014038,4.8706
-0.015259,4.8975
-0.011139,4.9228
-0.005493,4.9512
-0.016174,4.9783
-0.023956,5.0064
-0.02121,5.0357
-0.021362,5.0635
-0.013733,5.0919
-0.011444,5.1187
-0.011139,5.1486
-0.011139,5.1776
-0.074158,5.209
-0.0737,5.2383
0.074768,5.2676
0.628052,5.2982
1.003418,5.3275
0.430603,5.3577
-0.125732,5.39
-0.427094,5.419
-0.400696,5.4492
-0.266724,5.4782
-0.144806,5.5084
-0.098114,5.538
-0.077515,5.5682
-0.053711,5.5957
-0.043335,5.625
-0.033264,5.6537
-0.023804,5.6824
-0.014038,5.7077
-0.006104,5.7358
-0.001526,5.7617
0.007935,5.7858
0.015106,5.8109
0.019073,5.8353
0.025177,5.8575
0.035095,5.878
0.048523,5.9018
0.061798,5.9225
0.080261,5.9424
0.095825,5.9613
0.112762,5.9805
0.127716,5.997
0.129852,6.0156
0.125732,6.0303
0.115814,6.0455
0.077515,6.0599
0.02182,6.0739
-0.043335,6.0889
-0.093536,6.1035
-0.136108,6.1145
-0.155945,6.1279
-0.15564,6.1389
-0.155792,6.1526
-0.145874,6.1621
-0.131989,6.1719
-0.119171,6.1826
-0.104675,6.1929
-0.092316,6.2018
-0.084991,6.2109
-0.077515,6.221
-0.067596,6.2299
-0.062866,6.2402
-0.056305,6.2485
-0.050507,6.2543
-0.043488,6.264
-0.0383,6.2701
-0.040894,6.279
-0.035858,6.2881
-0.032043,6.2946
-0.02594,6.3034
-0.023804,6.308
-0.019684,6.3126
-0.016327,6.3235
-0.013733,6.3284
-0.016632,6.3333
-0.011139,6.3428
-0.011292,6.3467
-0.00885,6.351
-0.003967,6.3611
-0.001678,6.3669
0.003204,6.3715
0.00061,6.3806
0.000763,6.3867
0.005646,6.3907
0.005951,6.3995
0.010223,6.4059
0.010834,6.4105
0.01297,6.4203
0.013275,6.4252
0.01297,6.4313
0.01297,6.4404
0.01297,6.4444
0.020599,6.4532
0.03006,6.4594
0.053558,6.4639
0.059204,6.4691
0.056915,6.4795
0.048065,6.4838
0.009155,6.489
-0.0177,6.4935
-0.006714,6.4975
0.000763,6.5067
-0.008698,6.5125
-0.016479,6.5173
-0.014801,6.5219
-0.009766,6.5237
-0.006714,6.5277
-0.003815,6.5323
-0.001831,6.5369
0.000916,6.5421
-0.027466,6.5427
-0.065308,6.5469
0.012512,6.5488
0.325317,6.5524
0.985565,6.5521
0.769501,6.5573
0.119476,6.5567
-0.330963,6.5628
-0.43808,6.5622
-0.31601,6.5616
-0.170135,6.5616
-0.102997,6.5622
-0.071259,6.5619
-0.053864,6.5622
-0.04364,6.5616
-0.031891,6.5625
-0.019989,6.5622
-0.011444,6.5628
-0.00473,6.5625
0.005493,6.5622
0.013123,6.557
0.016937,6.5585
0.020599,6.5524
0.026855,6.5521
0.039215,6.5488
0.052032,6.5433
0.070648,6.5378
0.09079,6.5332
0.115356,6.5277
0.134735,6.5182
0.147095,6.514
0.149994,6.5067
0.145569,6.4987
0.130157,6.4883
0.082092,6.481
0.015106,6.474
-0.056,6.4639
-0.122986,6.4548
-0.167236,6.4438
-0.190125,6.4319
-0.195007,6.4203
-0.189819,6.4102
-0.177307,6.4008
-0.158691,6.391
-0.142059,6.3818
-0.124512,6.3687
-0.10437,6.3568
-0.089722,6.3474
-0.077362,6.337
-0.07019,6.3278
-0.059662,6.3184
-0.05249,6.3077
-0.045776,6.2988
-0.040436,6.2891
-0.040894,6.279
-0.038147,6.2695
-0.033112,6.2592
-0.033417,6.2503
-0.030975,6.2408
-0.028381,6.2338
-0.023956,6.2259
-0.023804,6.2155
-0.021362,6.2061
-0.02121,6.2012
-0.014038,6.1908
-0.008698,6.1859
-0.00885,6.1758
-0.009003,6.1707
-0.009155,6.1627
-0.006256,6.1575
-0.003967,6.1472
-0.003815,6.1423
-0.001526,6.1325
-0.001526,6.1279
0.0,6.1176
0.000916,6.1136
0.000763,6.1047
0.003357,6.0986
0.003204,6.0922
0.005646,6.0846
0.010681,6.0782
0.010681,6.0696
0.012665,6.0632
0.010376,6.0544
0.010529,6.0489
0.013275,6.04
0.015564,6.0339
0.015717,6.0257
0.020447,6.0187
0.027771,6.0107
0.044556,6.0059
0.071564,5.9961
0.059357,5.9906
0.072784,5.9818
0.039062,5.976
-0.001526,5.9717
-0.018463,5.9625
-0.009003,5.9576
-0.011749,5.9521
-0.022736,5.946
-0.028229,5.9375
-0.023651,5.9329
-0.016327,5.9271
-0.012054,5.9232
-0.009003,5.9137
-0.006409,5.9076
-0.015411,5.9024
-0.07431,5.8987
-0.049744,5.8929
0.172577,5.885
0.796356,5.8789
1.044922,5.874
0.275269,5.8688
-0.328522,5.86
-0.464935,5.8539
-0.337372,5.8484
-0.179291,5.8401
-0.115051,5.8334
-0.087128,5.8249
-0.070801,5.8151
-0.055695,5.809
-0.04303,5.8011
-0.033264,5.791
-0.023804,5.7812
-0.012665,5.7721
-0.003967,5.7617
0.005646,5.7523
0.015259,5.7419
0.025024,5.7321
0.037384,5.719
0.04715,5.7071
0.060883,5.6921
0.076141,5.6754
0.095673,5.6592
0.117493,5.64
0.137787,5.6223
0.151978,5.6021
0.164642,5.5817
0.164948,5.5621
0.150452,5.5411
0.111237,5.5179
0.045166,5.495
-0.036774,5.4736
-0.111084,5.4498
-0.164795,5.4294
-0.196381,5.4056
-0.209656,5.3818
-0.209503,5.361
-0.197449,5.3369
-0.1828,5.3143
-0.166016,5.2936
-0.146484,5.274
-0.127411,5.2533
-0.109253,5.2313
-0.097046,5.2109
-0.083008,5.1941
-0.072479,5.1758
-0.063171,5.1572
-0.055237,5.1425
-0.049133,5.1239
-0.043335,5.1086
-0.038452,5.094
-0.033112,5.0793
-0.028381,5.0684
-0.023804,5.0543
-0.023804,5.0443
-0.023956,5.0305
-0.021057,5.0204
-0.021057,5.0113
-0.018463,5.0012
-0.018768,4.9927
-0.018921,4.9869
-0.017395,4.9771
-0.013733,4.9722
-0.010986,4.9637
-0.011444,4.9567
-0.00885,4.9518
-0.006409,4.9472
-0.003815,4.9481
-0.003967,4.9432
-0.003967,4.938
0.003357,4.938
0.003357,4.9329
0.003052,4.9335
0.003204,4.9326
0.005493,4.928
0.008392,4.9274
0.007935,4.9274
0.008087,4.9286
0.010529,4.9283
0.013123,4.928
0.010529,4.928
0.010529,4.928
0.010529,4.928
0.010681,4.9326
0.01297,4.9335
0.014954,4.9332
0.015411,4.9326
0.018005,4.938
0.017853,4.938
0.023041,4.9374
0.034332,4.9426
0.058441,4.9423
0.06424,4.9478
0.054016,4.9478
0.063629,4.9524
0.020752,4.953
-0.010681,4.9567
-0.016327,4.9573
-0.00885,4.9622
-0.01358,4.9622
-0.019073,4.967
-0.021362,4.967
-0.016479,4.9719
-0.014038,4.9728
-0.010986,4.9771
-0.007172,4.9771
-0.001678,4.9817
-0.008087,4.9817
-0.072021,4.9863
-0.073853,4.9869
0.12207,4.9915
0.745087,4.9915
1.088867,4.9963
0.336304,4.9966
-0.297546,4.9969
-0.469208,5.0015
-0.355377,5.0015
-0.193939,5.0058
-0.12207,5.007
-0.089569,5.0061
-0.070496,5.0058
-0.055389,5.011
-0.046234,5.0113
-0.030975,5.011
-0.018768,5.0113
-0.008545,5.0143
0.003204,5.0159
0.010986,5.0159
0.018158,5.0162
0.025787,5.0159
0.035095,5.0153
0.042419,5.015
0.056763,5.0116
0.073395,5.0107
0.092926,5.0064
0.110474,4.9963
0.129547,4.9863
0.144043,4.9771
0.152283,4.9622
0.157166,4.9469
0.145264,4.9283
0.11322,4.9084
0.054779,4.8889
-0.023499,4.8694
-0.096436,4.8468
-0.148163,4.8257
-0.181732,4.8016
-0.197449,4.7781
-0.19516,4.7559
-0.185852,4.7327
-0.170593,4.7086
-0.155334,4.6875
-0.138245,4.6649
-0.123596,4.6402
-0.104828,4.6207
-0.092621,4.5975
-0.085602,4.5767
-0.074768,4.5572
-0.065613,4.538
-0.057831,4.519
-0.04837,4.5035
-0.045624,4.4852
-0.041046,4.4711
-0.040741,4.4595
-0.035553,4.4446
-0.035858,4.4351
-0.030823,4.4254
-0.02594,4.4159
-0.025635,4.4107
-0.02594,4.4028
-0.026245,4.4006
-0.021057,4.3964
-0.013733,4.3961
-0.013733,4.3964
-0.012207,4.3961
-0.00885,4.3967
-0.006714,4.4012
-0.001526,4.4061
-0.003815,4.411
-0.001678,4.4168
0.003204,4.4254
0.003052,4.436
0.003357,4.4452
0.005646,4.4583
0.010681,4.4693
0.008087,4.4846
0.005646,4.4989
0.005341,4.5169
0.010376,4.5325
0.010529,4.5526
0.010529,4.5712
0.010681,4.5917
0.011597,4.614
0.008087,4.6353
0.010223,4.6594
0.015259,4.6838
0.011444,4.7083
0.007935,4.7336
0.00824,4.7614
0.010529,4.787
0.010529,4.8163
0.019989,4.8438
0.037994,4.8706
0.050354,4.8996
0.042267,4.9295
0.054169,4.9582
0.01358,4.9899
-0.015717,5.0204
-0.019684,5.05
-0.001678,5.0797
-0.011292,5.1126
-0.018768,5.1431
-0.018768,5.174
-0.018616,5.2054
-0.016327,5.2377
-0.00946,5.2689
-0.003662,5.2985
-0.001526,5.3314
-0.0177,5.3616
-0.076904,5.394
-0.070343,5.4248
0.105591,5.455
0.710907,5.4849
0.955963,5.5161
0.360718,5.5457
-0.181427,5.5719
-0.442963,5.6009
-0.388947,5.6302
-0.223541,5.658
-0.121765,5.683
-0.089264,5.7083
-0.068359,5.7355
-0.052643,5.7617
-0.04303,5.7855
-0.035858,5.8109
-0.019073,5.8344
-0.008698,5.8594
0.001373,5.8792
0.008087,5.9033
0.015411,5.9238
0.022736,5.943
0.027771,5.9625
0.030365,5.9821
0.037689,6.0013
0.056,6.0162
0.073242,6.0345
0.088806,6.0498
0.106049,6.0638
0.125427,6.0794
0.127869,6.0916
0.132599,6.1035
0.125275,6.1145
0.101471,6.1273
0.056915,6.1371
-0.009155,6.1475
-0.06958,6.1569
-0.113678,6.1664
-0.143738,6.1755
-0.160522,6.1807
-0.158234,6.1908
-0.150452,6.1954
-0.136719,6.2057
-0.122223,6.2103
-0.108795,6.2201
-0.094147,6.2253
-0.083008,6.2311
-0.072784,6.2347
-0.067596,6.2448
-0.059967,6.2497
-0.055389,6.2549
-0.050659,6.2604
-0.045471,6.265
-0.036469,6.2692
-0.033264,6.2747
-0.030365,6.2842
-0.026245,6.2885
-0.026093,6.2936
-0.023499,6.2988
-0.019226,6.3037
-0.016479,6.3086
-0.011597,6.3135
-0.014038,6.3214
-0.013885,6.3278
-0.011444,6.3321
-0.006561,6.3379
-0.003357,6.3422
0.001373,6.3474
0.003204,6.3519
0.003357,6.3568
0.005493,6.3623
0.006256,6.3696
0.005951,6.377
0.005646,6.3818
0.00824,6.3864
0.01236,6.3913
0.01297,6.3968
0.010529,6.4014
0.00824,6.4059
0.013428,6.4108
0.028076,6.4154
0.049744,6.4206
0.052032,6.424
0.051422,6.4252
0.056763,6.4307
0.01297,6.4346
-0.011597,6.4404
-0.009003,6.445
0.003204,6.445
-0.00412,6.4502
-0.011444,6.4545
-0.011139,6.4545
-0.00885,6.4587
-0.006714,6.4594
-0.00412,6.4639
-0.001678,6.4639
0.000916,6.4682
-0.018616,6.4685
-0.069733,6.4691
-0.009308,6.4743
0.253601,6.474
0.925903,6.4746
0.842133,6.474
0.170441,6.4795
-0.310669,6.4786
-0.446625,6.4789
-0.328522,6.4789
-0.172882,6.4783
-0.101929,6.4795
-0.075378,6.4792
-0.055847,6.4792
-0.040741,6.4798
-0.030823,6.4786
-0.018921,6.4789
-0.012054,6.4734
-0.002441,6.4743
0.003662,6.4746
0.008392,6.4737
0.015564,6.4691
0.023041,6.47
0.035248,6.4691
0.042114,6.4639
0.054474,6.4603
0.073547,6.4597
0.093842,6.4548
0.114899,6.4496
0.134583,6.4459
0.144806,6.4359
0.147552,6.4294
0.147247,6.4255
0.128632,6.42
0.085907,6.4105
0.020447,6.4053
-0.058289,6.3968
-0.116425,6.3885
-0.16037,6.3812
-0.1828,6.3718
-0.189972,6.3657
-0.182953,6.3571
-0.172577,6.3474
-0.15625,6.3428
-0.140533,6.333
-0.124207,6.3239
-0.106964,6.3184
-0.091553,6.308
-0.075684,6.3037
-0.06546,6.2946
-0.058136,6.2891
-0.052948,6.279
-0.045776,6.2744
-0.045166,6.2692
-0.037994,6.2595
-0.035553,6.2549
-0.035858,6.2497
-0.0354,6.2451
-0.033417,6.2396
-0.031128,6.2354
-0.029449,6.2299
-0.028839,6.2259
-0.028534,6.2201
-0.025635,6.2149
-0.021362,6.2106
-0.018463,6.2109
-0.013733,6.2061
-0.010986,6.2015
-0.009155,6.2012
-0.006561,6.196
-0.003967,6.1957
-0.001526,6.1917
-0.001526,6.1914
0.000763,6.1865
0.003357,6.1868
0.007629,6.1859
0.005951,6.1816
0.009918,6.1816
0.010681,6.1816
0.013275,6.1771
0.013123,6.1761
0.013123,6.1768
0.013275,6.1761
0.01297,6.1768
0.015564,6.171
0.015564,6.1719
0.015411,6.1716
0.020447,6.1719
0.025024,6.171
0.034637,6.1719
0.061951,6.1722
0.064545,6.1664
0.059052,6.1664
0.059204,6.167
0.013428,6.1664
-0.013275,6.167
-0.016174,6.1667
-0.008698,6.1621
-0.016327,6.1621
-0.023804,6.1621
-0.026398,6.1575
-0.021667,6.1572
-0.016327,6.1569
-0.014191,6.1517
-0.011444,6.1514
-0.009155,6.1526
-0.023651,6.1475
-0.069885,6.1484
0.065308,6.142
0.518188,6.1429
1.106567,6.138
0.534515,6.1377
-0.154572,6.1334
-0.455627,6.1331
-0.410004,6.1279
-0.243683,6.1255
-0.134277,6.1227
-0.09491,6.1176
-0.082092,6.1176
-0.059662,6.113
-0.045166,6.1093
-0.031128,6.1087
-0.020599,6.1026
-0.009613,6.1035
0.00061,6.0989
0.00824,6.0938
0.015564,6.0925
0.022888,6.0889
0.031891,6.0846
0.041809,6.0791
0.051727,6.0712
0.066681,6.0648
0.085754,6.0541
0.10849,6.0461
0.132599,6.0355
0.151825,6.0257
0.162048,6.015
0.164185,6.0016
0.159149,5.9906
0.137329,5.9756
0.088196,5.9622
0.01236,5.9473
-0.065613,5.9329
-0.133209,5.918
-0.175018,5.903
-0.198212,5.8853
-0.20462,5.8691
-0.204163,5.8545
-0.190125,5.8401
-0.177612,5.8252
-0.16098,5.8102
-0.144196,5.7925
-0.12619,5.7764
-0.107117,5.7629
-0.097504,5.748
-0.084686,5.733
-0.070648,5.7184
-0.062714,5.705
-0.057831,5.694
-0.053101,5.6787
-0.043335,5.6662
-0.03891,5.6543
-0.040741,5.6442
-0.038147,5.6308
-0.035706,5.6201
-0.034027,5.6104
-0.030975,5.6009
-0.028534,5.5914
-0.026093,5.5814
-0.023651,5.5716
-0.021515,5.5664
-0.018921,5.5566
-0.016174,5.5478
-0.011292,5.5423
-0.010376,5.5374
-0.006561,5.5273
-0.003967,5.5219
-0.001678,5.5179
0.002594,5.5121
0.003357,5.5038
0.005798,5.4984
0.005798,5.4926
0.005798,5.4886
0.007935,5.4837
0.008545,5.4837
0.010681,5.4785
0.010529,5.4739
0.00885,5.4691
0.010376,5.4642
0.010834,5.4602
0.010834,5.4596
0.010376,5.4544
0.010681,5.4498
0.010681,5.4446
0.01297,5.4398
0.013123,5.4346
0.013275,5.43
0.012817,5.4251
0.015411,5.4199
0.023346,5.4108
0.054626,5.4059
0.062103,5.4004
0.056305,5.3952
0.062103,5.386
0.023193,5.3815
-0.00824,5.3763
-0.015411,5.3659
-0.006561,5.3616
-0.015717,5.3564
-0.02594,5.3473
-0.023956,5.3418
-0.021057,5.3372
-0.016174,5.3275
-0.013733,5.3229
-0.00946,5.3137
-0.006561,5.3082
-0.013123,5.303
-0.071869,5.2933
-0.057373,5.2881
0.160065,5.2841
0.796967,5.274
1.056671,5.2692
0.28183,5.2637
-0.326385,5.2591
-0.464172,5.2539
-0.337067,5.2454
-0.180054,5.2399
-0.116577,5.2347
-0.087585,5.2298
-0.067902,5.2252
-0.050812,5.2194
-0.041046,5.2112
-0.031128,5.2054
-0.02182,5.2005
-0.011444,5.1962
-0.003357,5.1913
0.005798,5.1862
0.012817,5.181
0.022736,5.1767
0.032043,5.1703
0.045319,5.1617
0.054321,5.1523
0.068665,5.1425
0.096283,5.1318
0.117798,5.1178
0.133057,5.1038
0.147552,5.0888
0.154572,5.0745
0.154572,5.0595
0.13504,5.0403
0.090942,5.0226
0.024414,5.0058
-0.052643,4.9866
-0.11673,4.968
-0.163422,4.9493
-0.190277,4.9329
-0.202484,4.9133
-0.197144,4.8941
-0.184326,4.8746
-0.171051,4.8593
-0.155792,4.8398
-0.138092,4.8224
-0.118866,4.8065
-0.106812,4.7916
-0.094147,4.7733
-0.079803,4.758
-0.070343,4.7433
-0.058289,4.7299
-0.052643,4.7183
-0.04837,4.7037
-0.043335,4.6936
-0.035706,4.6841
-0.035858,4.6716
-0.033417,4.6619
-0.03067,4.6545
-0.030518,4.6451
-0.030365,4.6353
-0.026245,4.6307
-0.026093,4.6213
-0.025787,4.6155
-0.024109,4.6112
-0.018768,4.606
-0.016785,4.6021
-0.013885,4.5972
-0.01358,4.5966
-0.011444,4.5914
-0.011597,4.5914
-0.009155,4.5877
-0.003662,4.5862
0.001068,4.5868
0.003357,4.5862
0.003204,4.5868
0.005798,4.5865
0.008392,4.5871
0.008087,4.5868
0.008087,4.5908
0.010529,4.5905
0.010529,4.592
0.012817,4.5914
0.01297,4.5959
0.012817,4.5963
0.015259,4.6011
0.015564,4.6011
0.015564,4.6057
0.015106,4.6063
0.018158,4.6109
0.018005,4.6112
0.018005,4.6161
0.020294,4.6158
0.029907,4.6207
0.044556,4.624
0.06897,4.6255
0.056305,4.6298
0.066223,4.6304
0.039825,4.6356
-0.000916,4.6359
-0.016174,4.6405
-0.011444,4.6448
-0.009003,4.6451
-0.015869,4.6494
-0.023499,4.6503
-0.021362,4.6552
-0.016327,4.6548
-0.013733,4.6597
-0.013123,4.66
-0.011292,4.6649
-0.011139,4.6646
-0.044098,4.6698
-0.087128,4.6695
-0.010986,4.6747
0.383453,4.6747
1.100159,4.6799
0.677948,4.6793
-0.058289,4.6844
-0.439606,4.6838
-0.424957,4.6887
-0.257263,4.689
-0.140533,4.6893
-0.097351,4.6939
-0.074158,4.6942
-0.057831,4.6976
-0.043488,4.6997
-0.030975,4.6988
-0.023499,4.6991
-0.016174,4.704
-0.00412,4.7043
0.003357,4.704
0.010681,4.7034
0.017853,4.7086
0.027771,4.7086
0.037689,4.7092
0.046387,4.7086
0.057373,4.7089
0.078278,4.7037
0.095825,4.7043
0.117493,4.7003
0.139771,4.6985
0.152283,4.6936
0.159912,4.689
0.157318,4.6851
0.13504,4.6793
0.087891,4.6744
0.01709,4.6698
-0.06012,4.6643
-0.126801,4.6552
-0.169983,4.6503
-0.190125,4.642
-0.197296,4.6353
-0.194397,4.6274
-0.180511,4.621
-0.163574,4.6121
-0.148163,4.606
-0.131073,4.5987
-0.114594,4.592
-0.097656,4.5871
-0.082855,4.5779
-0.06897,4.5718
-0.062561,4.5676
-0.052643,4.5624
-0.045471,4.5575
-0.040588,4.5566
-0.035706,4.5526
-0.033569,4.548
-0.030518,4.5471
-0.027771,4.5468
-0.028687,4.5425
-0.028534,4.5425
-0.025787,4.5425
-0.023499,4.5422
-0.023804,4.5435
-0.02121,4.5419
-0.018616,4.5425
-0.016174,4.5432
-0.013885,4.5474
-0.00885,4.5477
-0.009155,4.5526
-0.006866,4.5526
-0.003967,4.5572
-0.001678,4.5618
0.001068,4.5624
0.005798,4.567
0.005951,4.5718
0.005798,4.5776
0.010376,4.5871
0.00885,4.5917
0.005798,4.5963
0.010071,4.606
0.010529,4.6109
0.007935,4.6213
0.01358,4.6283
0.010681,4.6353
0.007935,4.6457
0.007935,4.6542
0.008392,4.6652
0.011749,4.6793
0.010681,4.689
0.00885,4.7021
0.010681,4.7134
0.012817,4.7275
0.013123,4.7415
0.018005,4.7528
0.031128,4.7678
0.05188,4.7821
0.044403,4.7968
0.050201,4.8135
0.044098,4.8303
0.005798,4.8462
-0.01358,4.8648
-0.003967,4.8798
-0.005798,4.8984
-0.016174,4.9182
-0.021362,4.9387
-0.016479,4.9576
-0.013885,4.9774
-0.013275,5.0009
-0.009155,5.0208
-0.00412,5.0427
-0.004883,5.0647
-0.049286,5.0882
-0.082092,5.1123
0.007629,5.1328
0.408783,5.1575
1.040955,5.1819
0.621338,5.206
0.014343,5.2304
-0.378876,5.2573
-0.438232,5.2823
-0.298462,5.3076
-0.16449,5.332
-0.112152,5.3571
-0.083923,5.3839
-0.058441,5.4099
-0.045776,5.4352
-0.040741,5.462
-0.030365,5.488
-0.018616,5.5136
-0.008392,5.5408
0.003052,5.5661
0.010834,5.5902
0.015717,5.6155
0.018158,5.639
0.030212,5.6622
0.037689,5.6845
0.042114,5.708
0.05722,5.7272
0.074158,5.7474
0.089569,5.769
0.108795,5.7864
0.122528,5.806
0.127563,5.8252
0.125275,5.8405
0.109863,5.8594
0.076141,5.874
0.020447,5.889
-0.046844,5.9036
-0.099792,5.9183
-0.135498,5.9326
-0.150757,5.9427
-0.153046,5.9573
-0.150757,5.9674
-0.141144,5.9808
-0.128937,5.9912
-0.116577,6.0052
-0.104675,6.0153
-0.088806,6.026
-0.077209,6.0355
-0.06546,6.0489
-0.061646,6.0596
-0.055237,6.0699
-0.045776,6.0791
-0.040588,6.0889
-0.041046,6.0992
-0.0354,6.1078
-0.03067,6.1179
-0.028381,6.1279
-0.028534,6.138
-0.028381,6.1475
-0.025635,6.1572
-0.023804,6.1664
-0.023804,6.1771
-0.023499,6.1859
-0.018616,6.1942
-0.018616,6.2006
-0.013733,6.2103
-0.009003,6.2204
-0.006866,6.2305
-0.001526,6.2354
-0.001526,6.2451
-0.001831,6.2549
0.002899,6.2601
0.005646,6.2695
0.003204,6.2787
0.008392,6.2842
0.006714,6.2943
0.010834,6.3019
0.010529,6.3086
0.010529,6.3174
0.010681,6.3232
0.015564,6.3315
0.022888,6.3376
0.032654,6.3467
0.049438,6.3525
0.042114,6.3623
0.057526,6.3699
0.032196,6.3757
-0.003662,6.3867
-0.016632,6.391
-0.006409,6.4014
-0.001984,6.4059
-0.012207,6.4154
-0.018921,6.4203
-0.018311,6.4291
-0.014191,6.4346
-0.00946,6.4429
-0.00412,6.4493
-0.001526,6.4545
0.000153,6.4645
-0.053253,6.4691
-0.05249,6.474
0.081024,6.4838
0.555115,6.4886
1.014862,6.4941
0.484161,6.5012
-0.076447,6.5085
-0.404663,6.5128
-0.409393,6.5186
-0.256348,6.5225
-0.136261,6.5277
-0.092926,6.5332
-0.072479,6.5408
-0.053253,6.5469
-0.043182,6.553
-0.030518,6.5579
-0.025177,6.561
-0.016327,6.5649
-0.00885,6.5671
0.000763,6.5717
0.010681,6.5768
0.01297,6.5814
0.019226,6.5863
0.030975,6.5863
0.036316,6.5918
0.051422,6.5952
0.067291,6.5961
0.088196,6.5988
0.105591,6.6013
0.120087,6.6003
0.132599,6.6058
0.132599,6.6055
0.128174,6.6068
0.102539,6.6058
0.054321,6.6055
-0.004425,6.6052
-0.06546,6.6061
-0.114594,6.6061
-0.144501,6.6064
-0.160675,6.6058
-0.160675,6.6061
-0.155945,6.6016
-0.146179,6.6016
-0.131378,6.6019
-0.114136,6.6016
-0.097351,6.597
-0.084686,6.5967
-0.07431,6.5964
-0.065308,6.5921
-0.055695,6.5912
-0.045471,6.5909
-0.038452,6.5866
-0.038452,6.5863
-0.035858,6.5863
-0.033569,6.5814
-0.033417,6.582
-0.029755,6.579
-0.026093,6.5762
-0.028534,6.5768
-0.028381,6.572
-0.028381,6.5714
-0.028687,6.572
-0.026245,6.5717
-0.018768,6.5665
-0.020294,6.5665
-0.016174,6.5674
-0.011749,6.5622
-0.005493,6.5619
-0.00412,6.5625
-0.00412,6.5616
0.000458,6.5625
0.00351,6.557
0.003357,6.5573
0.003204,6.557
0.005798,6.5573
0.008087,6.5573
0.007935,6.557
0.010834,6.5527
0.010681,6.5521
0.010986,6.5527
0.013275,6.5518
0.025482,6.5521
0.046997,6.5515
0.05188,6.5527
0.054016,6.5527
0.070496,6.5527
0.027466,6.5475
-0.009918,6.5475
-0.020905,6.5475
-0.00885,6.5472
-0.013733,6.5479
-0.020905,6.5472
-0.023651,6.5469
-0.020905,6.5475
-0.0177,6.5472
-0.011444,6.5472
-0.006409,6.5475
-0.009003,6.5427
-0.026703,6.5433
-0.068817,6.5421
-0.001068,6.543
0.286102,6.5421
0.975342,6.5427
0.792542,6.5427
0.086975,6.5427
-0.368958,6.5378
-0.449829,6.5378
-0.313873,6.5378
-0.16449,6.5375
-0.103607,6.5375
-0.07782,6.532
-0.055847,6.5326
-0.039368,6.5335
-0.028534,6.5268
-0.02121,6.5283
-0.009155,6.5228
-0.001526,6.5228
0.005493,6.5186
0.018005,6.5176
0.028076,6.514
0.032349,6.5137
0.041046,6.5085
0.053864,6.5039
0.063934,6.4984
0.083313,6.4929
0.102844,6.4896
0.122681,6.4838
0.142365,6.4758
0.15564,6.4685
0.159607,6.4642
0.154724,6.4548
0.132751,6.4456
0.083313,6.4368
0.01358,6.4301
-0.059509,6.4206
-0.122375,6.4099
-0.169373,6.4011
-0.192566,6.3913
-0.19989,6.3812
-0.197754,6.3721
-0.184174,6.3617
-0.165863,6.3522
-0.149994,6.3419
-0.13092,6.3324
-0.114288,6.3199
-0.099335,6.3086
-0.084686,6.2991
-0.07019,6.2894
-0.057983,6.2793
-0.049438,6.2695
-0.045624,6.2598
-0.040588,6.2497
-0.033417,6.2442
-0.036011,6.2354
-0.033569,6.2253
-0.033722,6.2155
-0.028839,6.2073
-0.028534,6.2012
-0.026245,6.1911
-0.023956,6.1868
-0.026093,6.1761
-0.018921,6.1713
-0.018921,6.1618
-0.016174,6.1572
-0.016174,6.1478
-0.013885,6.1426
-0.013733,6.1371
-0.013885,6.1292
-0.010986,6.123
-0.006409,6.1176
-0.006561,6.1133
-0.001678,6.105
0.000916,6.0986
0.000916,6.0934
0.002747,6.0889
0.000916,6.0785
0.003204,6.0745
0.008087,6.0645
0.008087,6.0596
0.008392,6.0489
0.010834,6.0449
0.010681,6.0349
0.013123,6.0303
0.015564,6.0199
0.015411,6.0132
0.01297,6.0062
0.012817,5.9961
0.015564,5.9912
0.016479,5.9808
0.026398,5.9714
0.052795,5.9659
0.059509,5.957
0.058899,5.9491
0.070343,5.9421
0.029297,5.9329
-0.010071,5.9274
-0.02121,5.918
-0.011597,5.9128
-0.016479,5.9033
-0.02594,5.8939
-0.028839,5.8887
-0.02594,5.8789
-0.023804,5.8716
-0.018616,5.8649
-0.016479,5.8551
-0.011139,5.845
-0.020752,5.8401
-0.075073,5.831
-0.029602,5.82
0.233765,5.8124
0.912018,5.8054
0.940094,5.7956
0.147247,5.7907
-0.383606,5.7812
-0.449982,5.7718
-0.301056,5.7663
-0.159912,5.7568
-0.101166,5.7513
-0.072479,5.7422
-0.056305,5.7318
-0.043488,5.7224
-0.032349,5.7132
-0.021515,5.7034
-0.013885,5.6934
-0.004425,5.6839
0.007935,5.6744
0.015411,5.6641
0.024261,5.6537
0.032959,5.6448
0.040894,5.6317
0.049286,5.6204
0.063782,5.6055
0.083313,5.5911
0.102997,5.5771
0.125275,5.5621
0.14267,5.5469
0.155792,5.5283
0.164337,5.513
0.161896,5.4932
0.147552,5.4755
0.107117,5.4587
0.036926,5.4401
-0.04303,5.4208
-0.112305,5.401
-0.164185,5.3815
-0.196991,5.3616
-0.207062,5.3439
-0.204315,5.3281
-0.19516,5.3085
-0.181274,5.2887
-0.164185,5.2707
-0.143738,5.2539
-0.127411,5.2359
-0.107727,5.22
-0.092316,5.202
-0.079651,5.1859
-0.06546,5.1712
-0.055084,5.1562
-0.048218,5.1422
-0.045471,5.1294
-0.038452,5.1175
-0.036163,5.1035
-0.033417,5.0931
-0.031281,5.0833
-0.03067,5.0693
-0.030823,5.0601
-0.030823,5.0504
-0.028687,5.0421
-0.024261,5.0354
-0.021362,5.025
-0.020142,5.0217
-0.019073,5.011
-0.016174,5.0064
-0.019073,5.0012
-0.015106,4.9966
-0.011292,4.9921
-0.013885,4.9866
-0.007782,4.9814
-0.00412,4.9771
-0.001526,4.9725
-0.001526,4.9719
-0.000458,4.9677
-0.001526,4.967
0.003204,4.9619
0.005951,4.9622
0.00824,4.9585
0.008392,4.957
0.01297,4.957
0.015717,4.957
0.015259,4.9576
0.018311,4.953
0.015564,4.9527
0.015564,4.9524
0.017853,4.9521
0.018005,4.9518
0.018158,4.9521
0.015564,4.9524
0.020599,4.953
0.018311,4.9524
0.015411,4.9524
0.013275,4.9524
0.015717,4.9527
0.024261,4.9521
0.045776,4.9524
0.064087,4.9521
0.049286,4.9527
0.064087,4.9521
0.033722,4.9564
-0.007477,4.9573
-0.021515,4.9573
-0.013885,4.9573
-0.015106,4.9576
-0.023346,4.9579
-0.026093,4.9576
-0.018616,4.9576
-0.016174,4.9573
-0.013885,4.9573
-0.009003,4.9622
-0.006561,4.9628
-0.011139,4.9625
-0.061188,4.9631
-0.078888,4.9622
0.064545,4.9628
0.568542,4.967
1.132202,4.967
0.484772,4.9673
-0.210419,4.9667
-0.469666,4.9719
-0.382233,4.9722
-0.211182,4.9716
-0.124969,4.9722
-0.094757,4.9768
-0.071564,4.9765
-0.05661,4.9768
-0.050507,4.9808
-0.038147,4.9823
-0.024872,4.9814
-0.014343,4.982
-0.00412,4.9872
0.000763,4.9863
0.005493,4.9915
0.012817,4.9921
0.023041,4.9918
0.032654,4.996
0.042114,4.9963
0.055237,4.9957
0.072632,4.996
0.094604,4.9966
0.117645,4.9969
0.139008,4.9966
0.147095,4.9969
0.149689,4.996
0.140381,4.9966
0.111847,4.9966
0.065918,4.9966
0.0,4.9963
-0.075836,4.9969
-0.134888,4.996
-0.173645,4.9963
-0.196228,5.0012
-0.199738,5.0009
-0.193176,5.0012
-0.182495,5.0058
-0.165863,5.0067
-0.148621,5.0104
-0.133667,5.0162
-0.111389,5.0208
-0.096893,5.0247
-0.086975,5.0308
-0.072784,5.0354
-0.062714,5.04
-0.056915,5.0497
-0.046997,5.0549
-0.03891,5.0647
-0.0383,5.0742
-0.028687,5.0842
-0.028534,5.0934
-0.026398,5.1028
-0.028381,5.1132
-0.026245,5.127
-0.028229,5.1382
-0.026245,5.1508
-0.026245,5.162
-0.023499,5.1758
-0.019836,5.191
-0.016022,5.2057
-0.01709,5.2197
-0.013885,5.2347
-0.011597,5.249
-0.011292,5.2646
-0.011597,5.282
-0.003815,5.2982
-0.001526,5.3152
0.000916,5.332
-0.001831,5.3519
-0.001678,5.3696
0.003357,5.386
0.005798,5.4059
0.005646,5.4254
0.003357,5.4446
0.003204,5.4666
0.005646,5.488
0.008545,5.5087
0.013275,5.5273
0.013123,5.5511
0.010681,5.5713
0.008392,5.5948
0.00824,5.6152
0.00824,5.6378
0.015564,5.6592
0.01297,5.6821
0.015411,5.7037
0.015411,5.7257
0.024414,5.7468
0.041962,5.7669
0.054169,5.7883
0.054321,5.8102
0.076752,5.8295
0.040894,5.8499
-0.001221,5.8698
-0.013733,5.8914
-0.001678,5.9109
-0.012665,5.9305
-0.023499,5.9497
-0.023651,5.9695
-0.018463,5.9866
-0.013428,6.0065
-0.011597,6.0245
-0.00885,6.0449
-0.006714,6.0596
-0.022125,6.0788
-0.077362,6.0941
-0.032349,6.1133
0.201721,6.127
0.870361,6.1423
0.857544,6.1566
0.252075,6.1749
-0.243225,6.1862
-0.440369,6.2015
-0.355682,6.2161
-0.195312,6.2299
-0.112915,6.243
-0.078583,6.2555
-0.057678,6.268
-0.043182,6.2793
-0.03067,6.2891
-0.021515,6.3037
-0.011292,6.3132
-0.003967,6.3232
-0.001526,6.333
0.00473,6.3428
0.012207,6.3528
0.020294,6.3611
0.027771,6.3669
0.037537,6.376
0.044556,6.3812
0.058441,6.3919
0.0737,6.3965
0.093536,6.4005
0.110626,6.4056
0.122833,6.4102
0.124969,6.4157
0.125122,6.42
0.117798,6.4249
0.09491,6.4255
0.046844,6.4297
-0.014954,6.4294
-0.075989,6.4301
-0.118866,6.4328
-0.144958,6.4359
-0.15564,6.4355
-0.153351,6.4352
-0.147247,6.4349
-0.133972,6.4355
-0.120239,6.4352
-0.106812,6.4301
-0.094452,6.4301
-0.082245,6.4301
-0.072784,6.4304
-0.065155,6.4291
-0.055237,6.4246
-0.04776,6.4249
-0.04303,6.4249
-0.043182,6.42
-0.038147,6.4206
-0.035858,6.4209
-0.035858,6.4154
-0.035858,6.4151
-0.033112,6.4108
-0.030975,6.4108
-0.028534,6.4059
-0.023956,6.4059
-0.026398,6.4008
-0.023499,6.3983
-0.02121,6.3962
-0.016174,6.3907
-0.013733,6.3864
-0.011444,6.3818
-0.009155,6.3773
-0.003815,6.3715
-0.00412,6.3666
-0.00412,6.3614
-0.001221,6.3516
-0.001678,6.3474
0.003052,6.34
0.00824,6.3324
0.010376,6.3226
0.010834,6.3177
0.013123,6.3083
0.010529,6.2988
0.012817,6.29
0.013123,6.2814
0.011749,6.2714
0.013123,6.2619
0.015564,6.2503
0.013275,6.2402
0.01297,6.2305
0.012665,6.2207
0.010529,6.2109
0.010834,6.1984
0.013275,6.1865
0.013123,6.1761
0.024109,6.1646
0.057831,6.1517
0.066223,6.1395
0.06546,6.1279
0.076447,6.1157
0.029297,6.1038
-0.006409,6.0889
-0.016022,6.0791
-0.013428,6.0638
-0.016174,6.0507
-0.023499,6.04
-0.02594,6.0248
-0.026093,6.011
-0.023956,5.997
-0.017395,5.9863
-0.011292,5.9717
-0.01358,5.9564
-0.029297,5.9424
-0.082245,5.9268
-0.016174,5.9134
0.293274,5.899
1.003113,5.8838
0.840607,5.8707
0.054016,5.8566
-0.420685,5.8429
-0.451508,5.8304
-0.290222,5.8154
-0.154419,5.8005
-0.105591,5.784
-0.080414,5.769
-0.063171,5.7526
-0.047913,5.7373
-0.03479,5.723
-0.021362,5.708
-0.01236,5.6934
-0.003815,5.6787
0.005798,5.6601
0.01297,5.6445
0.020142,5.6299
0.027618,5.6155
0.037537,5.596
0.051575,5.5768
0.067902,5.5594
0.084839,5.5377
0.103302,5.5179
0.124969,5.498
0.144806,5.4739
0.160675,5.4501
0.166779,5.4272
0.161896,5.4028
0.143127,5.3784
0.099792,5.3546
0.031738,5.3284
-0.052795,5.304
-0.125122,5.2789
-0.176392,5.2542
-0.206146,5.2292
-0.218506,5.206
-0.214386,5.1813
-0.2005,5.1569
-0.185852,5.1324
-0.169067,5.1086
-0.151215,5.0861
-0.1297,5.0641
-0.111237,5.0421
-0.093079,5.0208
-0.082397,5.0012
-0.070496,4.9823
-0.060577,4.9628
-0.052795,4.9472
-0.04776,4.9277
-0.040741,4.9139
-0.038147,4.899
-0.033417,4.8819
-0.033264,4.8697
-0.030975,4.8553
-0.028687,4.8419
-0.02594,4.83
-0.02594,4.8212
-0.022278,4.8083
-0.023499,4.7986
-0.021362,4.7913
-0.018768,4.7818
-0.016479,4.7729
-0.014191,4.7665
-0.008698,4.7626
-0.006409,4.7571
-0.004425,4.7522
0.001068,4.7479
0.00351,4.743
0.003052,4.7375
0.003662,4.7351
0.005646,4.7324
0.008087,4.733
0.010529,4.7278
0.010681,4.7278
0.013123,4.7275
0.013123,4.7256
0.015411,4.7229
0.013275,4.7235
0.01297,4.7232
0.013123,4.7226
0.015564,4.7232
0.013275,4.7275
0.01297,4.7278
0.010681,4.7278
0.010376,4.7284
0.012817,4.7284
0.013123,4.7333
0.012817,4.7333
0.010529,4.7327
0.01297,4.7372
0.010529,4.7375
0.007935,4.7375
0.005493,4.7427
0.005646,4.7424
0.008087,4.7452
0.009613,4.7476
0.012817,4.747
0.026703,4.7531
0.059204,4.7516
0.052032,4.7577
0.062866,4.7577
0.062561,4.7626
0.018921,4.7617
-0.012817,4.7675
-0.020905,4.7668
-0.016479,4.7717
-0.023804,4.772
-0.028534,4.7714
-0.028381,4.7769
-0.02594,4.7769
-0.022125,4.7818
-0.015869,4.7815
-0.01358,4.7867
-0.016327,4.7876
-0.04715,4.7916
-0.089569,4.7913
-0.005646,4.791
0.373688,4.7964
1.102905,4.7964
0.726471,4.8016
-0.044556,4.8007
-0.445099,4.8007
-0.427399,4.8059
-0.261383,4.8059
-0.145416,4.8065
-0.099487,4.8114
-0.075989,4.8108
-0.060425,4.8114
-0.050354,4.816
-0.036163,4.816
-0.02594,4.8154
-0.012207,4.8212
-0.001526,4.8206
0.007935,4.8209
0.015717,4.8215
0.023041,4.826
0.031891,4.826
0.039673,4.8257
0.053558,4.8257
0.066833,4.826
0.081482,4.8209
0.100861,4.8212
0.122986,4.816
0.144653,4.816
0.159149,4.8114
0.16449,4.8062
0.164948,4.801
0.145569,4.7916
0.101624,4.7778
0.034027,4.7641
-0.046387,4.7485
-0.118256,4.733
-0.171967,4.7141
-0.201416,4.6967
-0.212097,4.6765
-0.207214,4.6591
-0.195923,4.6378
-0.179901,4.6182
-0.161591,4.5987
-0.144348,4.5792
-0.126343,4.5593
-0.109406,4.5395
-0.097046,4.5206
-0.084991,4.5035
-0.077667,4.4846
-0.067749,4.469
-0.060425,4.4507
-0.052795,4.4354
-0.045471,4.4205
-0.043335,4.4064
-0.038605,4.3924
-0.037079,4.3817
-0.033569,4.3695
-0.028839,4.357
-0.028839,4.3478
-0.028839,4.3375
-0.026093,4.3329
-0.025787,4.3228
-0.023499,4.3185
-0.02121,4.3094
-0.016174,4.3036
-0.013733,4.2984
-0.011749,4.2984
-0.00885,4.2944
-0.00885,4.2889
-0.001526,4.2886
0.001221,4.2892
0.00351,4.2886
0.005493,4.2886
0.005798,4.2889
0.010681,4.2889
0.012665,4.2886
0.011597,4.2932
0.00824,4.2941
0.010529,4.2935
0.012054,4.2984
0.015869,4.3033
0.01297,4.303
0.012817,4.3082
0.012817,4.3127
0.010529,4.3137
0.015869,4.3176
0.015411,4.3231
0.016022,4.3274
0.015411,4.3277
0.015717,4.3329
0.012817,4.3384
0.01297,4.3433
0.015259,4.3478
0.015411,4.3527
0.013123,4.357
0.014954,4.3622
0.015411,4.3646
0.013123,4.3674
0.015411,4.3716
0.026703,4.3765
0.061646,4.382
0.055084,4.3863
0.061798,4.3918
0.056458,4.3936
0.011292,4.3961
-0.013123,4.4009
-0.011444,4.4067
-0.00885,4.4104
-0.016632,4.411
-0.023804,4.4159
-0.023804,4.4208
-0.019531,4.4254
-0.016327,4.4257
-0.011444,4.4308
-0.006561,4.4354
-0.009155,4.4354
-0.050049,4.44
-0.08728,4.4449
0.019684,4.4452
0.471497,4.4498
1.144104,4.4543
0.622864,4.4547
-0.11322,4.4598
-0.454102,4.4598
-0.409851,4.4647
-0.244141,4.4644
-0.13916,4.4693
-0.096741,4.4696
-0.074768,4.4745
-0.057831,4.4739
-0.045471,4.4781
-0.033264,4.4788
-0.023193,4.4843
-0.010986,4.4846
-0.00412,4.4843
0.007172,4.4891
0.017242,4.4891
0.025482,4.4891
0.032959,4.4937
0.044861,4.494
0.056763,4.4937
0.07309,4.4937
0.088501,4.4891
0.106812,4.4888
0.125427,4.4846
0.142517,4.4839
0.154572,4.4797
0.159454,4.4742
0.157166,4.4699
0.135803,4.465
0.0914,4.4595
0.024567,4.455
-0.054932,4.451
-0.123749,4.4412
-0.174408,4.4354
-0.202484,4.4299
-0.212097,4.4257
-0.205383,4.4162
-0.192261,4.4107
-0.173645,4.4052
-0.158386,4.4003
-0.142212,4.3912
-0.123901,4.3866
-0.110016,4.382
-0.097198,4.3771
-0.085754,4.3723
-0.074921,4.3677
-0.067596,4.3619
-0.06012,4.3573
-0.055695,4.3573
-0.050354,4.3518
-0.045776,4.3475
-0.0383,4.3481
-0.0383,4.3448
-0.036163,4.343
-0.035706,4.3423
-0.033569,4.343
-0.030975,4.343
-0.026245,4.3423
-0.026093,4.3423
-0.023651,4.3427
-0.018921,4.3423
-0.014038,4.3427
-0.013733,4.3475
-0.011292,4.3475
-0.006561,4.3478
-0.001526,4.353
0.000916,4.3564
0.003052,4.3576
0.005798,4.3622
0.008087,4.3671
0.007935,4.3671
0.013123,4.3723
0.013123,4.3762
0.013275,4.382
0.01297,4.3866
0.013123,4.3918
0.015411,4.3961
0.015259,4.4016
0.013123,4.4067
0.015411,4.4107
0.015564,4.4156
0.015411,4.4211
0.018311,4.4299
0.015106,4.4357
0.015564,4.4446
0.01297,4.4498
0.01297,4.4601
0.013275,4.4641
0.013123,4.4742
0.012207,4.4815
0.010681,4.4894
0.015564,4.4986
0.02533,4.509
0.052032,4.5175
0.052185,4.5245
0.054474,4.5328
0.057373,4.5428
0.013733,4.552
-0.013428,4.5615
-0.018768,4.574
-0.013428,4.5856
-0.021515,4.5969
-0.02655,4.606
-0.025787,4.6207
-0.023499,4.6307
-0.021057,4.6445
-0.015717,4.6548
-0.011444,4.6692
-0.01358,4.6841
-0.054321,4.6976
-0.084991,4.7131
0.015717,4.7278
0.452576,4.743
1.08902,4.7617
0.598145,4.7769
-0.058289,4.7964
-0.424957,4.8157
-0.430298,4.8325
-0.271606,4.8526
-0.146942,4.8734
-0.100098,4.8932
-0.078125,4.9133
-0.06012,4.9368
-0.047913,4.9579
-0.035095,4.9817
-0.02594,5.0055
-0.012054,5.0296
-0.006561,5.0522
-0.001678,5.0766
0.005646,5.1007
0.013123,5.1251
0.020447,5.1471
0.03006,5.1715
0.039673,5.1962
0.049591,5.2191
0.061646,5.2399
0.080566,5.2643
0.101166,5.2859
0.117645,5.3076
0.13031,5.3268
0.137482,5.3473
0.140686,5.3693
0.123444,5.3897
0.08667,5.4095
0.028839,5.4291
-0.037384,5.4462
-0.101166,5.4666
-0.145111,5.4837
-0.16983,5.5029
-0.171204,5.5225
-0.16983,5.5396
-0.158844,5.556
-0.139008,5.5756
-0.124512,5.5936
-0.109863,5.6104
-0.09964,5.6287
-0.089569,5.6439
-0.082397,5.6638
-0.079498,5.6824
-0.073547,5.6985
-0.060883,5.7172
-0.052948,5.7346
-0.04303,5.752
-0.041046,5.7693
-0.040436,5.7861
-0.036011,5.8047
-0.038452,5.8209
-0.028687,5.8377
-0.026245,5.8548
-0.030975,5.8688
-0.026245,5.8887
-0.023804,5.9024
-0.018921,5.9198
-0.018616,5.9363
-0.013885,5.9515
-0.006714,5.9671
-0.004425,5.9814
-0.006409,5.9982
-0.003967,6.0153
-0.001526,6.0297
0.001068,6.0449
0.000763,6.0593
0.001221,6.0742
0.005951,6.0886
0.003204,6.1038
0.008392,6.1176
0.00824,6.1328
0.010529,6.1462
0.010376,6.1591
0.010376,6.1716
0.01297,6.1865
0.013123,6.2009
0.012817,6.21
0.014954,6.225
0.024719,6.2393
0.025177,6.2497
0.042267,6.2634
0.041962,6.2735
0.044098,6.2866
0.046387,6.2988
0.002899,6.3086
-0.016632,6.3211
-0.010986,6.3321
-0.006561,6.3425
-0.015717,6.3519
-0.016022,6.3623
-0.016174,6.3724
-0.011749,6.3834
-0.009003,6.395
-0.001678,6.405
0.001068,6.4148
-0.001221,6.424
-0.059814,6.4325
-0.063171,6.4401
0.081329,6.4493
0.582581,6.459
0.993958,6.4688
0.487061,6.4795
-0.054016,6.4835
-0.396118,6.4941
-0.406036,6.503
-0.256805,6.5079
-0.14328,6.5186
-0.093994,6.5228
-0.070801,6.5326
-0.054932,6.5375
-0.043945,6.5482
-0.031586,6.553
-0.023346,6.5616
-0.016327,6.5668
-0.00885,6.5717
-0.006561,6.5817
0.001526,6.5869
0.010529,6.5912
0.01709,6.5967
0.027618,6.6055
0.034637,6.6101
0.047302,6.6153
0.058594,6.6205
0.07431,6.6226
0.090942,6.6251
0.107422,6.6299
0.116272,6.6348
0.120087,6.6403
0.11795,6.6409
0.100708,6.6446
0.063782,6.6452
0.011597,6.6498
-0.045319,6.6501
-0.09613,6.6544
-0.126801,6.6544
-0.13855,6.6595
-0.143433,6.6602
-0.136108,6.6595
-0.124664,6.665
-0.116577,6.6644
-0.103912,6.6641
-0.092316,6.6644
-0.082397,6.6702
-0.07431,6.6702
-0.065308,6.6696
-0.055695,6.6699
-0.04837,6.6745
-0.046082,6.6739
-0.039978,6.6748
-0.035553,6.6739
-0.0354,6.6742
-0.028381,6.6782
-0.028534,6.6794
-0.025787,6.6791
-0.026093,6.6794
-0.023193,6.6788
-0.021362,6.6797
-0.016479,6.6794
-0.018616,6.6788
-0.016022,6.684
-0.011749,6.6846
-0.014038,6.6837
-0.011749,6.6846
-0.006561,6.6837
-0.003815,6.684
-0.001831,6.6843
0.003052,6.684
0.003357,6.6833
0.005798,6.6849
0.003204,6.684
0.005951,6.6846
0.006104,6.6891
0.005798,6.6888
0.007935,6.6898
0.015869,6.6888
0.020599,6.6885
0.045013,6.6895
0.049438,6.6888
0.046387,6.6888
0.059509,6.6891
0.020752,6.6891
-0.011444,6.6885
-0.02121,6.6891
-0.009003,6.6885
-0.013733,6.6891
-0.021057,6.6888
-0.021057,6.6888
-0.018768,6.6888
-0.013885,6.6888
-0.008545,6.6888
-0.001373,6.6888
-0.001373,6.6888
-0.048218,6.6885
-0.060883,6.6882
0.060577,6.6885
0.489044,6.6891
1.053619,6.6888
0.55603,6.6891
-0.046234,6.6895
-0.403595,6.6934
-0.41748,6.6934
-0.26886,6.6937
-0.143585,6.694
-0.094299,6.694
-0.064697,6.6934
-0.045166,6.694
-0.03418,6.6934
-0.023804,6.6922
-0.01709,6.6885
-0.011902,6.6888
-0.006561,6.6895
0.003204,6.6888
0.01297,6.6895
0.020142,6.6888
0.027618,6.6882
0.033112,6.6895
0.049286,6.684
0.066833,6.684
0.083771,6.6849
0.101166,6.6788
0.122223,6.6788
0.140533,6.6739
0.149841,6.6714
0.154724,6.6699
0.144501,6.665
0.120697,6.6599
0.067139,6.6595
-0.00412,6.655
-0.076904,6.6501
-0.133362,6.6446
-0.169525,6.6397
-0.187225,6.6333
-0.187531,6.626
-0.179901,6.6202
-0.165863,6.6156
-0.14801,6.611
-0.131226,6.6022
-0.114594,6.5961
-0.101624,6.5912
-0.084839,6.5857
-0.076752,6.5768
-0.07019,6.5723
-0.057983,6.5671
-0.052643,6.5594
-0.043335,6.5521
-0.041046,6.5479
-0.040588,6.5427
-0.035553,6.5381
-0.033417,6.528
-0.033264,6.5225
-0.028534,6.5176
-0.031128,6.5134
-0.028534,6.5088
-0.026245,6.5033
-0.026093,6.499
-0.023499,6.4935
-0.02121,6.4886
-0.018616,6.4838
-0.016174,6.4795
-0.013885,6.4737
-0.01358,6.4691
-0.00885,6.4645
-0.006866,6.4603
-0.003815,6.4587
-0.003967,6.4545
-0.002136,6.4499
0.003204,6.4447
0.006104,6.4407
0.005341,6.4352
0.006104,6.4301
0.005798,6.4255
0.007935,6.4203
0.010834,6.416
0.010681,6.4111
0.016937,6.4056
0.032349,6.4017
0.063629,6.3962
0.056763,6.387
0.066528,6.3809
0.054779,6.3763
0.008087,6.3721
-0.016327,6.3632
-0.013885,6.3568
-0.011444,6.3522
-0.018768,6.3422
-0.02533,6.337
-0.023651,6.3327
-0.02121,6.3232
-0.014648,6.3177
-0.00885,6.3083
-0.006561,6.3031
-0.011597,6.2939
-0.071869,6.2894
-0.043488,6.2793
0.181732,6.2744
0.803986,6.2643
1.034698,6.2595
0.282288,6.2497
-0.306396,6.2451
-0.459137,6.236
-0.339813,6.2302
-0.180359,6.2201
-0.109558,6.2103
-0.079956,6.2067
-0.063629,6.1963
-0.046234,6.1874
-0.033722,6.1819
-0.021515,6.1716
-0.010986,6.1621
0.000916,6.1575
0.008392,6.1475
0.015717,6.1383
0.023041,6.1276
0.032806,6.1182
0.037384,6.1087
0.048828,6.0977
0.062256,6.0843
0.078888,6.0721
0.098572,6.0599
0.120544,6.0452
0.142822,6.0297
0.157623,6.012
0.167236,5.9958
0.162201,5.9796
0.145416,5.9622
0.108337,5.9427
0.040436,5.9256
-0.0383,5.9088
-0.105896,5.8887
-0.162659,5.8694
-0.195312,5.8499
-0.206909,5.8313
-0.206909,5.813
-0.195007,5.7959
-0.180054,5.7764
-0.163879,5.7581
-0.143127,5.7382
-0.123444,5.722
-0.106354,5.7037
-0.091858,5.686
-0.080261,5.6696
-0.06958,5.6546
-0.058441,5.636
-0.052948,5.6201
-0.045471,5.6055
-0.043182,5.5905
-0.043182,5.5756
-0.043335,5.5612
-0.040588,5.5484
-0.036011,5.5371
-0.035858,5.5228
-0.033417,5.5133
-0.033569,5.4987
-0.030823,5.488
-0.028534,5.4794
-0.023804,5.4691
-0.02121,5.459
-0.016174,5.4495
-0.014038,5.4401
-0.011292,5.4309
-0.00885,5.4248
-0.006714,5.416
-0.003662,5.4102
-0.003967,5.4004
0.000763,5.3958
0.000763,5.3873
0.001068,5.3812
0.003357,5.3763
0.007935,5.3696
0.012817,5.3619
0.012817,5.3574
0.010223,5.3516
0.013275,5.3418
0.01297,5.3372
0.01297,5.3305
0.012665,5.322
0.013275,5.3174
0.015869,5.3085
0.014648,5.3033
0.027161,5.2979
0.061646,5.2881
0.069733,5.2835
0.058899,5.2768
0.070801,5.2686
0.030365,5.2646
-0.005798,5.2591
-0.015564,5.2496
-0.009155,5.2441
-0.01358,5.2399
-0.023651,5.2347
-0.026093,5.2249
-0.02182,5.2203
-0.018921,5.2155
-0.013733,5.2103
-0.00885,5.2054
-0.009308,5.2005
-0.025787,5.192
-0.083923,5.1859
-0.022125,5.181
0.291595,5.1764
1.016541,5.1709
0.856476,5.1663
0.046082,5.1608
-0.421448,5.1569
-0.437012,5.1517
-0.273743,5.1474
-0.152588,5.1422
-0.106201,5.1376
-0.084686,5.1324
-0.067902,5.127
-0.050507,5.1205
-0.03891,5.1135
-0.030212,5.108
-0.015717,5.1041
-0.006561,5.0983
0.003204,5.0937
0.010681,5.0882
0.017548,5.0836
0.024872,5.079
0.032501,5.0742
0.042877,5.065
0.058746,5.0546
0.075989,5.04
0.093689,5.0284
0.115204,5.0159
0.135651,5.0
0.149231,4.9823
0.154266,4.9673
0.154266,4.9475
0.135651,4.928
0.093384,4.9112
0.028229,4.8938
-0.048676,4.8749
-0.113983,4.8541
-0.161133,4.8355
-0.187836,4.8157
-0.194702,4.7961
-0.19455,4.7766
-0.184479,4.758
-0.170898,4.7397
-0.153503,4.7229
-0.133209,4.704
-0.115967,4.6893
-0.09964,4.6704
-0.087738,4.6552
-0.074463,4.6402
-0.06546,4.6252
-0.056,4.6115
-0.050812,4.5981
-0.043182,4.5865
-0.038452,4.577
-0.035858,4.563
-0.032959,4.5532
-0.033569,4.5459
-0.033264,4.5383
-0.031281,4.5279
-0.03067,4.5233
-0.026245,4.5126
-0.023499,4.5087
-0.023499,4.5041
-0.02121,4.4989
-0.018616,4.494
-0.018616,4.4894
-0.018921,4.4885
-0.015259,4.4843
-0.006866,4.4843
-0.003815,4.4794
-0.001678,4.4791
-0.001678,4.4797
-0.001373,4.4788
-0.000916,4.4794
0.003204,4.4794
0.005493,4.4797
0.00824,4.4797
0.010681,4.4794
0.013275,4.48
0.015564,4.4843
0.018158,4.4849
0.015411,4.4843
0.015106,4.4888
0.01297,4.4888
0.015564,4.4888
0.0177,4.4943
0.020447,4.494
0.018005,4.4986
0.015564,4.4989
0.020447,4.5001
0.018158,4.5038
0.020294,4.5035
0.030975,4.5084
0.059357,4.509
0.065918,4.5142
0.051727,4.5139
0.061493,4.5172
0.022736,4.5233
-0.008392,4.5233
-0.020599,4.5285
-0.011292,4.5328
-0.014191,4.5383
-0.025635,4.5398
-0.024872,4.5428
-0.02121,4.5477
-0.02121,4.5523
-0.018158,4.5569
-0.014496,4.5636
-0.013428,4.5715
-0.023651,4.577
-0.083313,4.5819
-0.054932,4.5868
0.203094,4.5956
0.905457,4.6011
0.92392,4.606
0.167847,4.6155
-0.3508,4.6207
-0.453033,4.6304
-0.321655,4.6353
-0.177155,4.6451
-0.113983,4.6497
-0.080109,4.6594
-0.066986,4.6686
-0.053558,4.6744
-0.045624,4.6838
-0.03067,4.6945
-0.020905,4.7028
-0.011292,4.7134
-0.006256,4.7229
0.001678,4.7327
0.013275,4.7424
0.015564,4.7516
0.022736,4.7623
0.030975,4.7693
0.04303,4.7775
0.056458,4.7867
0.078278,4.7964
0.100708,4.801
0.11795,4.8111
0.134583,4.816
0.144653,4.8254
0.144806,4.83
0.135651,4.8355
0.100555,4.8456
0.044556,4.8502
-0.026398,4.8593
-0.088196,4.8648
-0.141144,4.8712
-0.169678,4.8785
-0.180054,4.8883
-0.177765,4.8938
-0.172729,4.9033
-0.160828,4.9136
-0.140686,4.9228
-0.13031,4.9332
-0.113373,4.9429
-0.097046,4.9564
-0.08728,4.967
-0.072784,4.9814
-0.062714,4.9918
-0.060425,5.0061
-0.052948,5.0214
-0.042877,5.0354
-0.031128,5.0531
-0.03006,5.069
-0.033417,5.0842
-0.030975,5.1031
-0.028076,5.1227
-0.023651,5.1407
-0.026093,5.1572
-0.024567,5.1767
-0.021362,5.1965
-0.018463,5.2176
-0.014954,5.2399
-0.011597,5.2591
-0.013885,5.2817
-0.007324,5.3033
-0.004272,5.3281
-0.001984,5.3476
-0.00351,5.3708
-0.001526,5.3934
0.000916,5.416
0.00351,5.4404
0.003204,5.4642
0.000916,5.4883
0.001068,5.5109
0.002899,5.5362
0.005798,5.5573
0.000916,5.5811
0.001068,5.6058
0.003204,5.629
0.007935,5.6543
0.008087,5.6772
0.00885,5.6989
0.008392,5.723
0.010834,5.7449
0.01297,5.7669
0.022583,5.7904
0.035095,5.8112
0.052032,5.834
0.054626,5.8533
0.047302,5.8746
0.059509,5.8969
0.016785,5.918
-0.009155,5.9366
-0.011292,5.9567
0.000916,5.9766
-0.005951,5.9952
-0.01358,6.0138
-0.011444,6.03
-0.016479,6.0495
-0.01358,6.0669
-0.006256,6.084
-0.003815,6.1035
-0.003967,6.1182
-0.034943,6.1328
-0.077972,6.152
-0.008698,6.1667
0.28717,6.1819
0.956726,6.1954
0.724487,6.2109
0.144348,6.2253
-0.299835,6.2402
-0.432281,6.2524
-0.321655,6.2643
-0.179443,6.2796
-0.112762,6.2921
-0.078278,6.3037
-0.057983,6.3144
-0.04303,6.3284
-0.035858,6.3373
-0.021667,6.3477
-0.012512,6.3608
-0.006561,6.3715
-0.001221,6.3812
0.005646,6.3916
0.010529,6.4005
0.015869,6.4066
0.024567,6.4157
0.035095,6.4252
0.046844,6.4301
0.056763,6.4398
0.070801,6.4444
0.090332,6.449
0.107574,6.4542
0.118103,6.4597
0.11795,6.4639
0.122986,6.4691
0.112762,6.4737
0.081177,6.4786
0.033569,6.4835
-0.029907,6.4835
-0.081177,6.4883
-0.120392,6.4886
-0.140381,6.4938
-0.145721,6.4938
-0.145874,6.4984
-0.136261,6.4984
-0.12146,6.4984
-0.111237,6.4984
-0.097198,6.5036
-0.080414,6.5042
-0.072632,6.5033
-0.062714,6.5039
-0.053253,6.5033
-0.050507,6.5033
-0.045776,6.5033
-0.040894,6.5045
-0.038147,6.5033
-0.033417,6.5027
-0.028534,6.5033
-0.026093,6.4981
-0.026093,6.4981
-0.023651,6.4987
-0.021057,6.4984
-0.023651,6.4993
-0.02121,6.4941
-0.023651,6.4935
-0.021515,6.4932
-0.016174,6.4893
-0.018463,6.489
-0.016327,6.4883
-0.013885,6.4835
-0.011444,6.4832
-0.006714,6.4792
-0.00412,6.4746
-0.006561,6.4746
-0.006561,6.4688
-0.006104,6.4642
-0.006409,6.4639
-0.000153,6.459
0.001068,6.4554
0.005646,6.4493
0.008087,6.445
0.00824,6.4401
0.010681,6.4343
0.005646,6.4304
0.008087,6.4252
0.00824,6.4209
0.010834,6.416
0.013428,6.4114
0.015411,6.4078
0.022736,6.4026
0.032806,6.3986
0.057068,6.3928
0.056915,6.3904
0.059357,6.3867
0.050507,6.3812
0.008087,6.377
-0.010986,6.3721
-0.008698,6.3666
-0.006256,6.3617
-0.016632,6.3571
-0.023041,6.3522
-0.023651,6.347
-0.02121,6.3477
-0.014801,6.3431
-0.009155,6.337
-0.007172,6.3315
-0.006561,6.3275
-0.052185,6.3281
-0.059967,6.3229
0.075226,6.3174
0.525055,6.3135
1.090393,6.3132
0.523224,6.3077
-0.130157,6.3037
-0.439453,6.2991
-0.400085,6.2985
-0.233612,6.2939
-0.127258,6.2878
-0.090332,6.2842
-0.065918,6.2787
-0.050507,6.2738
-0.036926,6.2692
-0.024109,6.2646
-0.013733,6.2549
-0.004578,6.25
0.004883,6.2445
0.013123,6.2396
0.022736,6.2308
0.029297,6.2256
0.034943,6.2158
0.046844,6.2064
0.059204,6.1969
0.075684,6.1868
0.094757,6.1774
0.11795,6.1673
0.139465,6.1542
0.15152,6.1423
0.157166,6.1276
0.150757,6.1172
0.135193,6.1035
0.099487,6.0889
0.039215,6.0742
-0.039062,6.0593
-0.108185,6.0452
-0.157318,6.0294
-0.194092,6.012
-0.208588,5.9961
-0.204468,5.9818
-0.194092,5.9668
-0.182648,5.9491
-0.166321,5.9332
-0.146179,5.918
-0.123901,5.903
-0.106506,5.8887
-0.094604,5.8713
-0.078278,5.8554
-0.063324,5.8405
-0.052795,5.8255
-0.04837,5.813
-0.043335,5.8005
-0.035858,5.7861
-0.033722,5.7709
-0.033569,5.7611
-0.031128,5.7474
-0.033264,5.7343
-0.033569,5.7224
-0.025787,5.7129
-0.028839,5.6985
-0.030823,5.6888
-0.02594,5.6793
-0.026093,5.6693
-0.023956,5.6592
-0.018311,5.6494
-0.013885,5.64
-0.011597,5.6305
-0.003815,5.6204
-0.005798,5.6113
-0.003662,5.6006
-0.003967,5.5911
-0.001678,5.5814
0.000916,5.5716
0.00351,5.5634
0.00824,5.5542
0.010834,5.5466
0.015411,5.5347
0.00824,5.5246
0.010834,5.513
0.010529,5.5032
0.010834,5.4938
0.010376,5.4843
0.015564,5.4745
0.015564,5.4608
0.018158,5.4498
0.015564,5.4401
0.015869,5.4303
0.015564,5.4205
0.00885,5.4074
0.005646,5.3964
0.01236,5.3864
0.010376,5.3769
0.013123,5.3668
0.010681,5.358
0.00412,5.3473
0.010986,5.3384
0.026703,5.3323
0.056915,5.3217
0.059052,5.3131
0.052185,5.3033
0.057373,5.2979
0.016174,5.2887
-0.018616,5.2789
-0.023651,5.2692
-0.018768,5.2591
-0.023346,5.2502
-0.028381,5.2396
-0.028381,5.2298
-0.023346,5.2173
-0.016022,5.2054
-0.009766,5.1959
-0.00885,5.1813
-0.009003,5.1715
-0.024872,5.1572
-0.084839,5.1474
-0.042725,5.1334
0.244904,5.1227
0.947876,5.1126
0.913544,5.098
0.109406,5.0882
-0.405884,5.079
-0.450439,5.0696
-0.292206,5.0568
-0.155182,5.0467
-0.105133,5.0403
-0.079651,5.0305
-0.065155,5.0214
-0.050507,5.011
-0.0383,5.0015
-0.028687,4.9966
-0.018921,4.9869
-0.006256,4.9823
-0.001373,4.9719
0.005798,4.9673
0.015717,4.9579
0.02533,4.9527
0.029907,4.9429
0.046997,4.9338
0.058441,4.9231
0.076141,4.9103
0.098419,4.8941
0.122223,4.8795
0.144958,4.8593
0.154877,4.8355
0.162201,4.8154
0.157166,4.7916
0.137482,4.7638
0.094147,4.7388
0.021667,4.7131
-0.031891,4.6866
-0.10498,4.6603
-0.160065,4.6323
-0.191193,4.606
-0.20462,4.5786
-0.202026,4.5535
-0.194702,4.5282
-0.177765,4.5041
-0.162811,4.4797
-0.145569,4.4553
-0.12619,4.4324
-0.111847,4.4116
-0.097351,4.3912
-0.085602,4.3726
-0.075378,4.3573
-0.062866,4.3393
-0.055237,4.3228
-0.045319,4.3088
-0.038452,4.296
-0.035858,4.2841
-0.035553,4.2749
-0.0354,4.2645
-0.035553,4.2548
-0.028381,4.2444
-0.026093,4.2404
-0.02533,4.2307
-0.021362,4.2252
-0.019073,4.2206
-0.018921,4.2209
-0.013885,4.216
-0.011444,4.2157
-0.013428,4.2111
-0.011292,4.2114
-0.00885,4.2108
-0.001373,4.2117
0.003204,4.2108
0.003357,4.2105
0.005951,4.2157
0.008087,4.2154
0.005951,4.216
0.007935,4.2203
0.005951,4.2255
0.008392,4.2258
0.010529,4.2307
0.010529,4.2352
0.01297,4.2355
0.013123,4.2401
0.013123,4.245
0.015717,4.2505
0.015564,4.2508
0.013123,4.2548
0.015564,4.2603
0.015411,4.2651
0.013123,4.2694
0.013275,4.274
0.013123,4.2746
0.013123,4.2798
0.00824,4.2831
0.008087,4.2892
0.005798,4.2944
0.005951,4.2984
0.005951,4.2996
0.005798,4.3039
0.007935,4.3088
0.010681,4.3137
0.010529,4.3182
0.00824,4.3179
0.01297,4.3231
0.03418,4.3283
0.061493,4.3329
0.046844,4.3332
0.061646,4.3378
0.042725,4.3423
-0.000916,4.3427
-0.016327,4.3475
-0.011444,4.3527
-0.01358,4.3524
-0.023651,4.357
-0.030975,4.3622
-0.025787,4.3628
-0.021362,4.3668
-0.021057,4.3668
-0.018616,4.3719
-0.011139,4.3726
-0.011444,4.3768
-0.057068,4.3768
-0.086975,4.3823
0.041351,4.3814
0.546265,4.382
1.149902,4.3872
0.529175,4.386
-0.178986,4.3912
-0.46051,4.3906
-0.391388,4.3915
-0.226135,4.3961
-0.135193,4.3964
-0.099335,4.3967
-0.077209,4.3964
-0.059967,4.4012
-0.045471,4.4012
-0.030975,4.4012
-0.023346,4.4012
-0.011292,4.4006
0.000916,4.4016
0.010834,4.4061
0.015411,4.4061
0.015564,4.4061
0.027466,4.4064
0.034332,4.4052
0.047455,4.4058
0.065613,4.4009
0.085449,4.4016
0.103607,4.4009
0.122986,4.3967
0.142517,4.3958
0.149841,4.3906
0.157471,4.3872
0.155487,4.3817
0.132141,4.3768
0.082703,4.3726
0.011139,4.3671
-0.062256,4.3619
-0.125885,4.3521
-0.170441,4.3484
-0.196533,4.3378
-0.202179,4.3286
-0.193329,4.3237
-0.182495,4.3137
-0.166321,4.3033
-0.160675,4.2932
-0.133972,4.2841
-0.117493,4.2743
-0.101929,4.2642
-0.093079,4.2548
-0.082245,4.245
-0.074921,4.2404
-0.065613,4.2355
-0.065002,4.2303
-0.057983,4.2258
-0.047913,4.2212
-0.043335,4.2157
-0.040741,4.216
-0.033417,4.2111
-0.03067,4.2111
-0.033417,4.2111
-0.030823,4.2111
-0.028534,4.2111
-0.023804,4.2157
-0.023804,4.2209
-0.020752,4.2261
-0.018616,4.2297
-0.013885,4.2358
-0.009003,4.2438
-0.00885,4.2548
-0.006409,4.2645
-0.001831,4.2743
-0.001526,4.2844
0.001068,4.2972
0.001068,4.3082
0.000763,4.3231
0.003052,4.3378
0.005798,4.3555
0.005798,4.3719
0.003357,4.3921
0.008545,4.4107
0.013275,4.4312
0.010376,4.4519
0.013123,4.4748
0.010529,4.4986
0.01297,4.5233
0.010529,4.5477
0.00824,4.5721
0.01297,4.6005
0.01297,4.6283
0.010529,4.6552
0.010376,4.6841
0.008087,4.7137
0.00824,4.7473
0.010376,4.7766
0.00824,4.8096
0.005646,4.8395
0.005798,4.8721
0.013123,4.9033
0.015564,4.9377
0.0177,4.9701
0.044708,5.0015
0.043793,5.0351
0.061493,5.0687
0.026093,5.1007
-0.010529,5.1358
-0.021057,5.1657
-0.013733,5.2002
-0.005951,5.2335
-0.020752,5.2634
-0.023499,5.2966
-0.025787,5.3275
-0.019226,5.3571
-0.018768,5.3888
-0.016479,5.4199
-0.012207,5.4495
-0.014038,5.4779
-0.079041,5.5069
-0.068359,5.5353
0.111542,5.5621
0.720062,5.5896
0.961151,5.6158
0.370941,5.6424
-0.168152,5.6689
-0.433197,5.6924
-0.390015,5.7166
-0.228577,5.7404
-0.131836,5.7614
-0.092926,5.7849
-0.068665,5.8063
-0.052948,5.8282
-0.042877,5.8502
-0.033264,5.8685
-0.023651,5.889
-0.009766,5.9085
-0.002289,5.9268
0.001068,5.943
0.008545,5.9622
0.011139,5.976
0.017395,5.9961
0.027771,6.0104
0.036926,6.0254
0.047607,6.0394
0.066223,6.0526
0.081635,6.0648
0.103149,6.0791
0.112915,6.0886
0.119934,6.0992
0.124969,6.1081
0.118561,6.1185
0.096588,6.1279
0.057068,6.1377
-0.001221,6.1475
-0.06424,6.1563
-0.108948,6.1624
-0.138702,6.1719
-0.148468,6.1768
-0.148468,6.1865
-0.14328,6.1905
-0.134277,6.1969
-0.121307,6.2057
-0.106812,6.2109
-0.094604,6.2161
-0.082397,6.2201
-0.07019,6.2253
-0.062714,6.2329
-0.053711,6.2399
-0.050507,6.2442
-0.043335,6.2506
-0.036163,6.2543
-0.031586,6.2598
-0.031128,6.265
-0.028381,6.2689
-0.026093,6.2738
-0.02594,6.2787
-0.023193,6.2848
-0.018768,6.2888
-0.018768,6.2897
-0.018768,6.2933
-0.016327,6.2985
-0.011139,6.3034
-0.00885,6.3037
-0.00885,6.3086
-0.002594,6.3135
-0.003967,6.3129
-0.006714,6.3181
-0.004272,6.3184
-0.003662,6.3232
-0.001678,6.3232
-0.001526,6.3284
0.003052,6.3278
0.003204,6.3327
0.007629,6.3324
0.005493,6.3324
0.008392,6.3373
0.013123,6.3376
0.01297,6.3373
0.010681,6.3379
0.01297,6.3373
0.01297,6.3373
0.010376,6.3376
0.013123,6.3373
0.015411,6.3373
0.015564,6.3373
0.010376,6.3364
0.017853,6.3324
0.0354,6.3327
0.057068,6.333
0.054474,6.3281
0.073242,6.3278
0.052338,6.3226
0.005951,6.3229
-0.009003,6.3174
-0.009003,6.3184
-0.011444,6.3129
-0.021057,6.3138
-0.02594,6.3083
-0.028229,6.3031
-0.026093,6.3034
-0.019531,6.2982
-0.01358,6.2936
-0.007477,6.2946
-0.00824,6.2891
-0.045319,6.2836
-0.072174,6.2839
0.037537,6.279
0.444641,6.2744
1.086273,6.2738
0.613708,6.2695
-0.189362,6.2643
-0.437927,6.2598
-0.418854,6.2598
-0.20401,6.2552
-0.124054,6.25
-0.089569,6.2448
-0.062103,6.2451
-0.045929,6.2408
-0.030975,6.2354
-0.01709,6.2296
-0.011292,6.2262
-0.001526,6.2256
0.007782,6.221
0.015259,6.2158
0.020142,6.2106
0.02533,6.2067
0.032501,6.2003
0.040131,6.1963
0.05188,6.1865
0.06485,6.1807
0.085449,6.171
0.105896,6.1615
0.131989,6.152
0.150146,6.1426
0.159607,6.1325
0.161896,6.1179
0.15213,6.1084
0.12558,6.0934
0.062866,6.0794
-0.016022,6.0687
-0.089264,6.0541
-0.147705,6.0394
-0.187225,6.0248
-0.20752,6.0104
-0.211945,5.9927
-0.202332,5.9772
-0.184784,5.9619
-0.167694,5.947
-0.150757,5.9302
-0.132141,5.9134
-0.112457,5.8987
-0.095215,5.8832
-0.082855,5.8643
-0.072784,5.8496
-0.06546,5.8347
-0.057983,5.82
-0.048218,5.8054
-0.048218,5.7904
-0.043335,5.7767
-0.038147,5.7623
-0.035706,5.752
-0.033417,5.7367
-0.030975,5.7245
-0.031128,5.7129
-0.029297,5.7004
-0.028687,5.6888
-0.024109,5.6781
-0.023499,5.6686
-0.021362,5.6592
-0.016174,5.6494
-0.011292,5.6439
-0.00885,5.6354
-0.00885,5.6253
-0.005951,5.6204
-0.001373,5.6125
0.000763,5.6055
0.000916,5.6012
0.003204,5.5957
0.003052,5.5902
0.005646,5.5862
0.007782,5.5804
0.00824,5.5768
0.008087,5.5716
0.00824,5.567
0.008087,5.5661
0.008392,5.5609
0.013123,5.5615
0.010681,5.5569
0.00824,5.5566
0.00824,5.5515
0.007935,5.5515
0.010681,5.5521
0.010529,5.5475
0.012817,5.5472
0.010376,5.5466
0.010986,5.5426
0.010529,5.5429
0.010681,5.5426
0.010834,5.5426
0.020447,5.5426
0.046082,5.5377
0.054016,5.5371
0.041199,5.5374
0.046997,5.5371
0.00885,5.5377
-0.019379,5.5371
-0.013885,5.5319
-0.006714,5.5331
-0.011292,5.5325
-0.018921,5.5328
-0.016174,5.5273
-0.016785,5.5276
-0.011139,5.5228
-0.010986,5.5222
-0.008392,5.5228
-0.00885,5.5182
-0.023193,5.5176
-0.075378,5.5136
-0.02182,5.5084
0.280304,5.5081
0.995178,5.5029
0.861511,5.5035
0.079346,5.498
-0.403137,5.4941
-0.447388,5.4938
-0.291748,5.4886
-0.157013,5.484
-0.106659,5.484
-0.084229,5.4785
-0.067596,5.4733
-0.055237,5.4691
-0.045471,5.4691
-0.033417,5.4645
-0.023651,5.4596
-0.013885,5.4535
-0.004883,5.4514
0.001221,5.4498
0.010986,5.4446
0.020752,5.4401
0.03006,5.43
0.039215,5.4251
0.05722,5.4156
0.073853,5.405
0.092926,5.3915
0.118256,5.3806
0.139771,5.3668
0.154572,5.3519
0.164185,5.3372
0.159912,5.3183
0.14679,5.3024
0.105743,5.2844
0.038605,5.2692
-0.041351,5.2499
-0.111389,5.2322
-0.164948,5.2151
-0.196838,5.1968
-0.207062,5.1816
-0.202332,5.1611
-0.189667,5.1443
-0.175476,5.1276
-0.158691,5.1129
-0.138245,5.0949
-0.121155,5.0787
-0.106201,5.0647
-0.090332,5.05
-0.077667,5.0357
-0.072021,5.0217
-0.062866,5.0107
-0.050812,4.9976
-0.043335,4.9863
-0.035858,4.9771
-0.033112,4.967
-0.033112,4.9576
-0.033264,4.9472
-0.02594,4.938
-0.026245,4.9326
-0.026245,4.9231
-0.020752,4.9176
-0.02121,4.9136
-0.021362,4.9048
-0.018616,4.8993
-0.016174,4.8993
-0.014038,4.8938
-0.00885,4.8889
-0.006714,4.8889
-0.006409,4.8846
-0.003967,4.884
-0.001678,4.8792
0.000763,4.8792
-0.001526,4.8792
0.000763,4.8788
-0.001831,4.8792
0.003052,4.8792
0.005646,4.8795
0.00824,4.8798
0.005493,4.884
0.00824,4.8834
0.010529,4.8843
0.010529,4.8889
0.011292,4.8892
0.015564,4.8889
0.015411,4.8941
0.01297,4.8941
0.01297,4.8984
0.01358,4.8984
0.017853,4.9017
0.018158,4.9036
0.015564,4.9039
0.018005,4.9088
0.015564,4.9084
0.013123,4.9133
0.018158,4.9133
0.025177,4.9182
0.041809,4.9213
0.023041,4.9228
-0.013275,4.928
0.013123,4.928
-0.001221,4.9326
-0.001678,4.9335
0.005798,4.9332
0.010681,4.938
0.007935,4.9384
0.003357,4.9426
0.008087,4.9423
0.008392,4.9466
0.010223,4.9475
0.013275,4.9472
0.013123,4.9521
-0.016632,4.9524
-0.067749,4.957
-0.00061,4.9573
0.347595,4.9576
1.073456,4.9625
0.764771,4.9619
-0.000763,4.9628
-0.421143,4.9625
-0.423126,4.9673
-0.259857,4.9673
-0.142059,4.9673
-0.097046,4.967
-0.073395,4.9725
-0.057373,4.9719
-0.040588,4.9719
-0.033417,4.9716
-0.023651,4.9716
-0.013885,4.9768
-0.006561,4.9768
0.00061,4.9771
0.007782,4.9771
0.010834,4.9768
0.018005,4.9768
0.025635,4.9768
0.035553,4.9771
0.049286,4.9768
0.060883,4.9771
0.081329,4.9719
0.102692,4.9722
0.118408,4.9673
0.134125,4.968
0.144806,4.9625
0.14267,4.9628
0.128174,4.957
0.086212,4.9579
0.025024,4.9521
-0.054779,4.9475
-0.116425,4.9472
-0.167389,4.9423
-0.197144,4.9374
-0.20462,4.938
-0.199432,4.9332
-0.187683,4.9286
-0.172729,4.9274
-0.155029,4.9228
-0.140991,4.9234
-0.119629,4.9203
-0.106659,4.9185
-0.097046,4.9182
-0.084534,4.9179
-0.075226,4.9176
-0.067139,4.9188
-0.055695,4.9188
-0.045776,4.9182
-0.038605,4.9207
-0.038452,4.9234
-0.033264,4.9277
-0.028229,4.9274
-0.023651,4.9332
-0.026093,4.9374
-0.023804,4.9426
-0.023499,4.9481
-0.02121,4.953
-0.018616,4.9612
-0.018616,4.9667
-0.016174,4.9759
-0.015717,4.9823
-0.011597,4.9911
-0.016022,5.0009
-0.010681,5.0104
-0.001831,5.0198
-0.001678,5.0299
-0.00412,5.0397
-0.001984,5.05
-0.001526,5.0598
0.001068,5.0748
0.002899,5.0833
0.00946,5.0983
0.008087,5.1105
0.008392,5.1227
0.010681,5.1373
0.010681,5.1517
0.010681,5.1654
0.00824,5.1807
0.008392,5.1999
0.006409,5.2142
0.00824,5.2301
0.008087,5.2487
0.010681,5.264
0.010376,5.2841
0.010529,5.3021
0.005798,5.3204
0.012512,5.3394
0.023346,5.3601
0.027618,5.379
-0.021057,5.3995
-0.014038,5.4199
-0.001373,5.4398
-0.006561,5.4614
0.000916,5.4831
0.005341,5.5057
0.010834,5.5276
0.008087,5.5496
0.011139,5.5719
0.018005,5.5951
0.018005,5.618
0.018158,5.6396
0.020447,5.6635
0.011292,5.6836
-0.04776,5.708
-0.040283,5.73
0.128326,5.752
0.709686,5.7742
0.962219,5.7962
0.384369,5.8157
-0.14389,5.8377
-0.416107,5.8594
-0.381317,5.8789
-0.222321,5.8984
-0.121613,5.9207
-0.082855,5.9399
-0.062408,5.9622
-0.045776,5.9808
-0.036011,5.9985
-0.023651,6.0156
-0.021057,6.0352
-0.011444,6.0547
-0.009003,6.0721
-0.00412,6.0892
0.001068,6.1032
0.005951,6.1203
0.005951,6.1356
0.018005,6.1496
0.02533,6.1621
0.037231,6.1761
0.055847,6.189
0.072021,6.2003
0.093842,6.2109
0.106201,6.2213
0.11322,6.2329
0.115356,6.2402
0.110321,6.25
0.091553,6.2595
0.049744,6.2686
-0.013275,6.2744
-0.072021,6.2836
-0.116577,6.2891
-0.142822,6.2939
-0.155792,6.3034
-0.155487,6.308
-0.14267,6.3129
-0.135803,6.3184
-0.119781,6.3226
-0.105896,6.3284
-0.0914,6.333
-0.079803,6.3379
-0.072632,6.3422
-0.067596,6.3467
-0.053101,6.3525
-0.043335,6.3565
-0.048065,6.3617
-0.040588,6.3666
-0.031433,6.3721
-0.033264,6.3766
-0.026093,6.3812
-0.021057,6.3858
-0.021057,6.3892
-0.016174,6.3913
-0.014038,6.3959
-0.016479,6.4011
-0.011444,6.4056
-0.011139,6.4114
-0.00885,6.4154
-0.008545,6.4194
-0.009003,6.4197
-0.004883,6.4255
0.000458,6.4301
-0.001678,6.4352
-0.00412,6.4398
0.00351,6.4453
0.008087,6.4496
0.005798,6.4502
0.005798,6.4545
0.005951,6.4594
0.008392,6.4639
0.005646,6.4691
0.003052,6.4737
0.00885,6.4786
0.015564,6.4835
0.010529,6.4862
0.00824,6.4883
0.007935,6.4932
0.001068,6.499
0.005188,6.5039
0.022278,6.5079
0.020447,6.5131
-0.02655,6.5161
-0.001831,6.5173
-0.004272,6.5228
-0.001831,6.528
0.000916,6.5335
0.010681,6.5332
0.010529,6.5372
0.00824,6.5427
0.007324,6.5469
0.005646,6.5475
0.015717,6.5521
0.020905,6.5576
0.020447,6.5573
-0.003357,6.5619
-0.044861,6.5619
0.018463,6.5665
0.278778,6.5662
0.944672,6.5726
0.79834,6.5714
0.168457,6.5759
-0.287476,6.5762
-0.429993,6.5771
-0.323639,6.5817
-0.16983,6.5811
-0.101776,6.5814
-0.069733,6.586
-0.053558,6.5863
-0.040741,6.5863
-0.028381,6.5872
-0.02121,6.5912
-0.018921,6.5912
-0.014038,6.5915
-0.004425,6.5915
0.00061,6.5921
0.005798,6.5915
0.013123,6.5915
0.022736,6.5909
0.032349,6.5906
0.04425,6.5912
0.059052,6.5866
0.07843,6.586
0.092926,6.582
0.11322,6.582
0.124817,6.5768
0.132599,6.5771
0.12619,6.572
0.112457,6.5671
0.071259,6.5628
0.01297,6.5582
-0.057373,6.5549
-0.118561,6.5497
-0.157776,6.5436
-0.17807,6.5375
-0.184784,6.5326
-0.175934,6.5277
-0.161133,6.5225
-0.145874,6.5158
-0.133514,6.5073
-0.116272,6.503
-0.097198,6.4941
-0.084534,6.489
-0.072479,6.4838
-0.061798,6.4734
-0.052795,6.4691
-0.04837,6.4587
-0.040283,6.4542
-0.041199,6.4444
-0.040588,6.4395
-0.040894,6.4349
-0.040741,6.4258
-0.038605,6.4203
-0.033569,6.4111
-0.033264,6.4059
-0.03067,6.4014
-0.028534,6.3965
-0.028076,6.387
-0.023804,6.3818
-0.018463,6.377
-0.013885,6.3715
-0.011292,6.3666
-0.008545,6.3623
-0.001984,6.3568
0.001068,6.3489
0.003204,6.3428
0.005188,6.34
0.010529,6.3354
0.001068,6.3333
0.005493,6.3284
0.007629,6.3226
0.010681,6.3184
0.010986,6.3135
0.015869,6.3086
0.013275,6.3025
0.015564,6.2991
0.017853,6.2936
0.018158,6.2888
0.015411,6.2836
0.020599,6.2784
0.020447,6.2738
0.013275,6.2701
0.008087,6.2637
0.011292,6.2555
0.019989,6.2503
0.05249,6.2451
0.05127,6.236
0.056458,6.2299
0.044556,6.2247
0.001068,6.2149
-0.016327,6.2073
-0.006409,6.2012
-0.005798,6.1911
-0.013885,6.1868
-0.016174,6.1771
-0.016327,6.1667
-0.016632,6.16
-0.014038,6.1523
-0.006561,6.142
-0.003967,6.1377
-0.003967,6.1276
-0.043945,6.1194
-0.066986,6.113
0.05249,6.1044
0.46463,6.098
1.106567,6.0941
0.599823,6.0843
-0.117645,6.0788
-0.448914,6.0742
-0.406342,6.0663
-0.240936,6.0602
-0.133667,6.0547
-0.0914,6.0492
-0.067749,6.0452
-0.054779,6.04
-0.042572,6.0349
-0.03067,6.0294
-0.023651,6.0251
-0.013885,6.0211
-0.00412,6.0202
0.007935,6.0156
0.012817,6.0107
0.018158,6.0062
0.027313,6.0059
0.035248,6.0013
0.049438,5.9955
0.066223,5.9912
0.084229,5.9863
0.108948,5.9814
0.128479,5.9766
0.145569,5.9662
0.155487,5.9616
0.157471,5.9515
0.150299,5.9424
0.119781,5.9326
0.064087,5.9235
-0.010834,5.9131
-0.088348,5.9033
-0.143433,5.8929
-0.185852,5.8844
-0.202026,5.874
-0.206909,5.8649
-0.199738,5.8524
-0.186462,5.8417
-0.169525,5.8304
-0.152283,5.8209
-0.131683,5.8109
-0.111237,5.8029
-0.093689,5.7965
-0.079041,5.7867
-0.071869,5.7761
-0.060272,5.7675
-0.050507,5.7614
-0.045929,5.752
-0.040131,5.7462
-0.033569,5.7385
-0.031128,5.7327
-0.031281,5.7275
-0.028534,5.722
-0.029297,5.7178
-0.030975,5.7132
-0.030975,5.708
-0.028839,5.7028
-0.026093,5.6985
-0.026245,5.6934
-0.023651,5.6879
-0.02121,5.6848
-0.018768,5.6839
-0.016174,5.6793
-0.016327,5.6787
-0.013733,5.6738
-0.011444,5.6741
-0.006561,5.6689
-0.004578,5.6683
-0.00412,5.6647
-0.000763,5.6647
0.005798,5.6647
0.005646,5.6641
0.005951,5.6592
0.005798,5.6589
0.00824,5.6598
0.013123,5.6592
0.010834,5.6549
0.010529,5.654
0.010529,5.6543
0.01297,5.6546
0.015717,5.6543
0.018158,5.654
0.015717,5.6494
0.016022,5.6497
0.013123,5.6488
0.015564,5.65
0.018005,5.6494
0.027771,5.6494
0.05722,5.6445
0.066986,5.6451
0.056915,5.6442
0.068207,5.6445
0.020294,5.6396
-0.010986,5.64
-0.016632,5.6342
-0.00885,5.6348
-0.014648,5.6296
-0.023346,5.625
-0.02594,5.6204
-0.020294,5.61
-0.013733,5.6058
-0.011292,5.596
-0.006561,5.5911
-0.008545,5.5811
-0.01709,5.5716
-0.072327,5.5621
-0.044556,5.5521
0.182343,5.542
0.8284,5.5325
1.011658,5.5231
0.224457,5.513
-0.352783,5.5032
-0.463409,5.4935
-0.320282,5.4843
-0.169678,5.4742
-0.112,5.462
-0.083008,5.4501
-0.063019,5.4407
-0.048523,5.4279
-0.040436,5.4153
-0.028534,5.4056
-0.016174,5.3912
-0.006256,5.3818
0.001373,5.368
0.012665,5.3568
0.020599,5.3424
0.027618,5.3278
0.035248,5.3128
0.04425,5.2988
0.057831,5.2792
0.074615,5.2597
0.094757,5.2408
0.115051,5.2203
0.139465,5.1987
0.153198,5.1761
0.162048,5.1523
0.157166,5.1279
0.142822,5.1028
0.105286,5.079
0.039825,5.0522
-0.037079,5.0256
-0.106659,5.0018
-0.15625,4.9747
-0.185852,4.9487
-0.199585,4.9237
-0.197754,4.8984
-0.190125,4.8724
-0.174255,4.8459
-0.158081,4.8215
-0.141754,4.7995
-0.122986,4.7754
-0.104523,4.7528
-0.089722,4.7302
-0.077667,4.7089
-0.069275,4.689
-0.05661,4.6695
-0.050659,4.6503
-0.047302,4.632
-0.040894,4.6158
-0.033112,4.5993
-0.030975,4.5828
-0.025635,4.5694
-0.025635,4.5578
-0.02594,4.5428
-0.02594,4.5337
-0.021362,4.519
-0.0177,4.509
-0.015869,4.4998
-0.018311,4.4943
-0.018768,4.4833
-0.016327,4.4794
-0.013733,4.4705
-0.01358,4.4647
-0.011749,4.4592
-0.007935,4.4598
-0.006409,4.4553
-0.006104,4.4495
-0.003967,4.4495
0.00061,4.4501
-0.001984,4.4446
0.000763,4.4446
0.000458,4.4449
0.002899,4.4452
0.005493,4.4452
0.005646,4.4498
0.005951,4.4504
0.005646,4.4495
0.010681,4.455
0.010986,4.4547
0.013428,4.455
0.01297,4.4598
0.015411,4.4604
0.015411,4.4644
0.015717,4.469
0.012817,4.4693
0.015717,4.4748
0.020447,4.4766
0.029907,4.4797
0.058746,4.4843
0.060577,4.4882
0.052948,4.4888
0.062103,4.494
0.018158,4.4995
-0.013275,4.4986
-0.018463,4.5038
-0.010986,4.5087
-0.01358,4.5081
-0.023651,4.5129
-0.023499,4.5184
-0.021057,4.5236
-0.014038,4.523
-0.009003,4.5285
-0.006561,4.5322
-0.009003,4.5334
-0.017242,4.5383
-0.077209,4.5425
-0.051575,4.5428
0.181885,4.5474
0.861053,4.5526
0.985718,4.5575
0.201416,4.5572
-0.354919,4.5618
-0.454559,4.5673
-0.321198,4.5721
-0.171661,4.5764
-0.113373,4.5816
-0.085144,4.584
-0.070038,4.5859
-0.052185,4.5914
-0.039825,4.5963
-0.036011,4.6051
-0.02594,4.6112
-0.011444,4.6161
-0.005493,4.621
0.00061,4.6259
0.007935,4.6329
0.016785,4.6402
0.025635,4.6454
0.034943,4.65
0.046997,4.6552
0.062714,4.66
0.07782,4.6692
0.096893,4.6744
0.121613,4.6793
0.137329,4.6844
0.145264,4.6887
0.140381,4.6936
0.132904,4.696
0.102844,4.6991
0.037994,4.704
-0.036163,4.7086
-0.10376,4.7137
-0.15213,4.7183
-0.178833,4.7232
-0.187683,4.7287
-0.185242,4.7372
-0.175476,4.743
-0.15625,4.7476
-0.1474,4.7522
-0.127563,4.7623
-0.112,4.769
-0.098267,4.7769
-0.085144,4.7864
-0.071716,4.7964
-0.062714,4.8062
-0.052948,4.8163
-0.046082,4.8303
-0.039673,4.8404
-0.033722,4.8526
-0.028839,4.8642
-0.031128,4.8785
-0.02594,4.8932
-0.02594,4.9078
-0.028381,4.9216
-0.03067,4.9368
-0.027466,4.9527
-0.023804,4.9695
-0.02594,4.9866
-0.023193,5.0058
-0.016327,5.0256
-0.013733,5.0443
-0.01358,5.0641
-0.011139,5.0839
-0.011444,5.1038
-0.009003,5.1266
-0.006409,5.1468
-0.003815,5.1712
-0.001373,5.191
-0.001678,5.2148
0.003204,5.2393
0.000916,5.2615
0.000763,5.2856
0.005188,5.3104
0.005798,5.3366
0.007935,5.3607
0.010529,5.3857
0.010834,5.4092
0.010834,5.4343
0.013123,5.4593
0.015869,5.4834
0.010529,5.5081
0.011902,5.5341
0.01297,5.5588
0.013123,5.585
0.01297,5.6091
0.013275,5.6342
0.015717,5.6589
0.020142,5.6836
0.046692,5.7089
0.056915,5.7324
0.049438,5.7568
0.055847,5.7806
0.019226,5.8008
-0.008545,5.8255
-0.012054,5.8472
-0.001526,5.8694
-0.007629,5.8911
-0.018311,5.9128
-0.016174,5.9326
-0.011444,5.9521
-0.00885,5.9747
-0.006409,5.9933
-0.00412,6.0123
-0.003967,6.0303
-0.024872,6.0495
-0.074768,6.0696
-0.020905,6.0883
0.244598,6.1035
0.926514,6.1221
0.789032,6.1374
0.178986,6.1563
-0.29068,6.1713
-0.445404,6.1868
-0.33905,6.2015
-0.182037,6.2158
-0.11322,6.2302
-0.082397,6.2448
-0.053253,6.2585
-0.036926,6.2698
-0.033264,6.2845
-0.021057,6.2955
-0.016327,6.3086
-0.011139,6.3177
-0.006714,6.33
0.000916,6.3419
0.007629,6.3513
0.015106,6.3614
0.020294,6.3666
0.032501,6.377
0.04837,6.3867
0.06134,6.3913
0.073853,6.4005
0.094299,6.4062
0.110931,6.4148
0.116577,6.4203
0.122833,6.4252
0.118256,6.4301
0.101013,6.4349
0.076294,6.4392
0.022125,6.4447
-0.036621,6.4505
-0.088043,6.4542
-0.128479,6.4542
-0.148315,6.459
-0.151062,6.4636
-0.148315,6.4645
-0.138702,6.4688
-0.124054,6.4749
-0.104828,6.4737
-0.097046,6.4789
-0.082245,6.4838
-0.07019,6.4838
-0.065155,6.4893
-0.057983,6.4883
-0.045776,6.4938
-0.043182,6.4981
-0.040741,6.4987
-0.038452,6.5033
-0.036011,6.503
-0.028381,6.5076
-0.031281,6.5137
-0.024261,6.5137
-0.025787,6.5179
-0.023651,6.5176
-0.023651,6.5231
-0.021057,6.5286
-0.018311,6.5268
-0.016327,6.5329
-0.011292,6.5375
-0.011292,6.5381
-0.009003,6.5424
-0.006256,6.5417
-0.003967,6.5482
-0.003967,6.5521
-0.001678,6.5527
-0.001373,6.557
-0.001526,6.5616
-0.00412,6.5619
0.000916,6.5668
0.00351,6.5723
0.005951,6.5738
0.005646,6.5762
0.005646,6.5817
0.010681,6.5866
0.008392,6.5863
0.008545,6.5918
0.016785,6.5958
0.021057,6.597
0.029755,6.6016
0.046997,6.6064
0.042114,6.6101
0.058899,6.6104
0.031586,6.6159
-0.003662,6.6174
-0.018616,6.6199
-0.003815,6.6251
-0.003662,6.6248
-0.016022,6.6302
-0.016022,6.6348
-0.016479,6.6357
-0.013733,6.6403
-0.009003,6.6409
-0.000153,6.6455
0.002289,6.6501
0.000763,6.6495
-0.050201,6.655
-0.049286,6.6544
0.079651,6.6602
0.526123,6.6595
1.026306,6.6641
0.502472,6.6641
-0.067902,6.6696
-0.400696,6.669
-0.39917,6.6742
-0.248108,6.6745
-0.133972,6.6788
-0.089874,6.6791
-0.063782,6.6791
-0.049286,6.684
-0.036163,6.684
-0.026398,6.6885
-0.016479,6.6888
-0.006409,6.694
-0.001526,6.6937
0.003357,6.6943
0.010681,6.6989
0.015106,6.6992
0.025635,6.6992
0.032806,6.7038
0.042114,6.7038
0.056763,6.7038
0.070496,6.7041
0.092316,6.7035
0.109253,6.7041
0.120239,6.7038
0.127716,6.7041
0.127869,6.7032
0.122986,6.6995
0.093689,6.6989
0.044708,6.6992
-0.018616,6.6992
-0.081024,6.694
-0.12619,6.694
-0.155334,6.6891
-0.170288,6.6885
-0.165405,6.6885
-0.158997,6.684
-0.146179,6.6843
-0.13092,6.6788
-0.114441,6.6797
-0.099487,6.6742
-0.087128,6.6748
-0.076294,6.6693
-0.065155,6.6693
-0.060425,6.6641
-0.049286,6.6644
-0.044403,6.6602
-0.038147,6.6595
-0.035706,6.6595
-0.033417,6.6553
-0.033569,6.6559
-0.030823,6.6501
-0.028839,6.6495
-0.028687,6.6498
-0.026093,6.6446
-0.023651,6.6449
-0.023804,6.6446
-0.028381,6.64
-0.026093,6.6397
-0.021515,6.64
-0.019073,6.6406
-0.013885,6.6348
-0.009003,6.6348
-0.006409,6.6357
-0.003815,6.6364
-0.003967,6.6354
-0.001526,6.6351
0.001068,6.6354
0.003357,6.6351
0.005798,6.6357
0.010376,6.6354
0.009003,6.6357
0.010834,6.6354
0.010681,6.636
0.010681,6.6351
0.008087,6.6348
0.008087,6.6348
0.008392,6.6351
0.010834,6.6354
0.012817,6.6351
0.019226,6.6348
0.026855,6.636
0.054016,6.6351
0.056763,6.6354
0.056458,6.6348
0.059204,6.6354
0.011597,6.6348
-0.018311,6.6351
-0.021057,6.6351
-0.004272,6.636
-0.013733,6.6351
-0.023651,6.6357
-0.023499,6.6351
-0.023499,6.6345
-0.016479,6.6351
-0.011444,6.6354
-0.006409,6.6351
-0.005188,6.6354
-0.012817,6.6354
-0.066681,6.6351
-0.030975,6.6348
0.188599,6.6354
0.811615,6.6357
0.967255,6.6345
0.2388,6.6309
-0.298004,6.6309
-0.452576,6.6296
-0.338287,6.6315
-0.175781,6.6254
-0.102997,6.6248
-0.074921,6.626
-0.058441,6.6205
-0.04303,6.6199
-0.031128,6.6205
-0.019989,6.6165
-0.009155,6.6162
-0.001526,6.6116
0.005951,6.6113
0.013123,6.611
0.023041,6.6061
0.029907,6.601
0.037689,6.6013
0.04837,6.5961
0.061646,6.5915
0.076447,6.5863
0.100555,6.5808
0.121918,6.5744
0.139771,6.5665
0.149384,6.5619
0.154572,6.5524
0.149536,6.5433
0.132904,6.5381
0.089874,6.528
0.021973,6.5186
-0.054016,6.5082
-0.123901,6.499
-0.171356,6.4883
-0.196991,6.4764
-0.204773,6.4642
-0.201874,6.4551
-0.189972,6.4453
-0.173798,6.4334
-0.158234,6.4209
-0.139618,6.4102
-0.121613,6.3992
-0.106812,6.3861
-0.087585,6.376
-0.070343,6.3669
-0.060425,6.3525
-0.04776,6.3416
-0.040741,6.3327
-0.035706,6.3232
-0.033264,6.3138
-0.033417,6.3013
-0.028381,6.2915
-0.028381,6.2823
-0.030365,6.2723
-0.028229,6.265
-0.024872,6.254
-0.024719,6.2445
-0.026093,6.235
-0.023499,6.2286
-0.023804,6.2207
-0.018768,6.2112
-0.011444,6.2061
-0.008698,6.1957
-0.006409,6.1911
-0.003967,6.1816
-0.001526,6.1761
0.000763,6.167
0.003204,6.1618
0.001221,6.1548
0.00351,6.1472
0.005951,6.1426
0.005951,6.1377
0.005951,6.1279
0.003204,6.123
0.003662,6.1172
0.005646,6.1133
0.005646,6.1044
0.00824,6.0986
0.00824,6.0931
0.008087,6.0883
0.010529,6.0797
0.010376,6.0745
0.008087,6.0693
0.005646,6.0617
0.008392,6.055
0.013123,6.0495
0.010529,6.0428
0.01297,6.0352
0.012817,6.0306
0.012817,6.0229
0.013275,6.0156
0.007935,6.011
0.00824,6.0016
0.009308,5.9955
0.014648,5.9912
0.020599,5.9824
0.043182,5.9766
0.059357,5.9717
0.049744,5.965
0.056915,5.9567
0.019226,5.9525
-0.017548,5.947
-0.02121,5.9378
-0.009155,5.9323
-0.01358,5.928
-0.023804,5.918
-0.031281,5.9128
-0.02594,5.9085
-0.021057,5.8984
-0.0177,5.8929
-0.011749,5.8893
-0.006561,5.8789
-0.006561,5.8743
-0.043182,5.8646
-0.067902,5.8588
0.048218,5.853
0.46402,5.8453
1.121826,5.8395
0.596466,5.831
-0.147247,5.8255
-0.463562,5.8157
-0.396729,5.8112
-0.225677,5.8011
-0.127869,5.7922
-0.092468,5.7864
-0.070038,5.777
-0.055237,5.7669
-0.041809,5.762
-0.029602,5.752
-0.018768,5.7428
-0.009155,5.7324
0.001678,5.7251
0.010681,5.7172
0.020599,5.7077
0.027161,5.6982
0.037537,5.6888
0.044403,5.679
0.056305,5.665
0.072937,5.6522
0.089874,5.639
0.110168,5.625
0.130005,5.6055
0.146027,5.5865
0.153961,5.571
0.159454,5.553
0.154572,5.5377
0.129089,5.5176
0.073242,5.4987
-0.001526,5.4797
-0.079956,5.462
-0.142212,5.4443
-0.183868,5.4251
-0.206451,5.4053
-0.21225,5.3864
-0.20813,5.3671
-0.194702,5.35
-0.180359,5.332
-0.163422,5.3134
-0.143433,5.2963
-0.124359,5.2789
-0.110168,5.2625
-0.093079,5.2451
-0.077667,5.2298
-0.065308,5.2155
-0.054016,5.2002
-0.045624,5.1855
-0.038147,5.1715
-0.033722,5.1566
-0.033417,5.1471
-0.030823,5.1321
-0.032959,5.123
-0.032043,5.1105
-0.03067,5.0995
-0.028839,5.0894
-0.030975,5.08
-0.028381,5.0745
-0.025787,5.065
-0.021515,5.0546
-0.023804,5.0504
-0.018616,5.04
-0.016479,5.0351
-0.016174,5.0308
-0.013885,5.0262
-0.011292,5.0195
-0.008545,5.0159
-0.007324,5.011
-0.003967,5.0061
-0.001526,5.0006
0.002136,4.996
0.005341,4.9963
0.005646,4.9918
0.008392,4.9893
0.00824,4.9863
0.008087,4.9866
0.010376,4.982
0.010223,4.982
0.010681,4.9768
0.00824,4.9768
0.007935,4.9771
0.010834,4.9719
0.011597,4.9719
0.010529,4.9722
0.008392,4.9722
0.010681,4.967
0.010834,4.9667
0.010834,4.967
0.010529,4.9673
0.010681,4.967
0.013123,4.9677
0.015411,4.9673
0.010834,4.968
0.015259,4.9661
0.015564,4.9625
0.015411,4.9622
0.015717,4.9628
0.015869,4.9622
0.015411,4.9628
0.020447,4.9628
0.035095,4.9615
0.062866,4.9615
0.052338,4.9625
0.058899,4.9625
0.043488,4.9673
0.001068,4.967
-0.016479,4.9673
-0.009155,4.9673
-0.006561,4.9673
-0.013733,4.9673
-0.02594,4.9673
-0.023499,4.9673
-0.023651,4.967
-0.018768,4.968
-0.016479,4.9673
-0.012665,4.9673
-0.011444,4.967
-0.029755,4.9664
-0.082245,4.9677
-0.028534,4.9667
0.274658,4.9667
1.008606,4.9667
0.84671,4.9667
0.048676,4.967
-0.416718,4.9667
-0.43457,4.967
-0.272522,4.9667
-0.147247,4.9677
-0.104523,4.9673
-0.077515,4.9667
-0.062866,4.9673
-0.05188,4.967
-0.040741,4.9619
-0.028534,4.9628
-0.014801,4.9628
-0.006409,4.9625
-0.001678,4.9625
0.009308,4.9573
0.015411,4.9576
0.027771,4.9527
0.037689,4.9524
0.048065,4.9426
0.064087,4.9368
0.083771,4.9231
0.102997,4.9084
0.12207,4.8941
0.140228,4.877
0.152283,4.8587
0.15976,4.8386
0.157013,4.8169
0.138702,4.7968
0.095978,4.772
0.027313,4.7504
-0.048676,4.7281
-0.117798,4.704
-0.16037,4.6823
-0.192261,4.6603
-0.197144,4.639
-0.197144,4.6164
-0.188751,4.5966
-0.177765,4.5767
-0.161591,4.5572
-0.143585,4.538
-0.125427,4.5193
-0.109558,4.5044
-0.097198,4.4873
-0.082397,4.4702
-0.070496,4.4583
-0.061493,4.4446
-0.055695,4.4308
-0.050354,4.4208
-0.040436,4.4107
-0.038605,4.4016
-0.038147,4.3964
-0.032349,4.3869
-0.030823,4.3817
-0.030975,4.3765
-0.028534,4.3723
-0.030823,4.3723
-0.028687,4.3674
-0.02594,4.3668
-0.02121,4.3668
-0.018463,4.3674
-0.016327,4.3723
-0.016174,4.3768
-0.013885,4.3808
-0.011292,4.3866
-0.006409,4.3915
-0.003967,4.3964
0.000916,4.4061
-0.001526,4.4156
-0.00061,4.4257
-0.001526,4.4354
0.002899,4.4464
0.005646,4.4592
0.005646,4.4742
0.012665,4.4888
0.009766,4.5035
0.005493,4.52
0.010529,4.5377
0.010529,4.5563
0.010376,4.5734
0.010376,4.5935
0.010834,4.6152
0.015564,4.6356
0.013428,4.6545
0.010681,4.6783
0.013123,4.6985
0.010681,4.7223
0.011139,4.7443
0.010681,4.769
0.00824,4.7913
0.00824,4.8178
0.00824,4.8419
0.008087,4.8691
0.003204,4.8935
0.00351,4.9203
0.005951,4.9469
0.008087,4.9719
0.007782,5.0006
0.013275,5.0256
0.028839,5.0543
0.05188,5.0793
0.04303,5.1074
0.053406,5.1315
0.041199,5.1608
0.001678,5.188
-0.019836,5.2151
-0.014343,5.2414
-0.006561,5.2686
-0.016174,5.2951
-0.025787,5.322
-0.023956,5.3491
-0.021057,5.3763
-0.018616,5.4025
-0.018921,5.43
-0.011444,5.4565
-0.010986,5.4834
-0.057831,5.5103
-0.08194,5.5368
0.02533,5.5609
0.452423,5.5881
1.051331,5.6146
0.579224,5.6403
-0.03067,5.6641
-0.400238,5.6885
-0.426788,5.7126
-0.279694,5.737
-0.152435,5.7617
-0.098267,5.7858
-0.071106,5.8057
-0.057831,5.8289
-0.045471,5.8505
-0.035706,5.8728
-0.028076,5.8936
-0.020905,5.9137
-0.011292,5.9326
-0.005951,5.9518
-0.001678,5.972
0.003052,5.9912
0.014648,6.0092
0.027161,6.0248
0.032043,6.0443
0.044708,6.0596
0.061798,6.0742
0.081024,6.0883
0.101013,6.1032
0.117035,6.1169
0.127716,6.1282
0.136719,6.142
0.130157,6.1517
0.108948,6.1639
0.07019,6.1755
0.011597,6.1871
-0.056763,6.1963
-0.110474,6.2048
-0.145721,6.2106
-0.162811,6.2204
-0.167999,6.2302
-0.163879,6.2347
-0.150757,6.2451
-0.133972,6.2518
-0.116119,6.2598
-0.09964,6.2646
-0.089417,6.2744
-0.082245,6.2787
-0.075073,6.2839
-0.067749,6.2943
-0.060425,6.2985
-0.052948,6.3037
-0.050507,6.3077
-0.045471,6.3181
-0.041656,6.3232
-0.037842,6.3278
-0.033417,6.3324
-0.02594,6.337
-0.020905,6.3422
-0.021057,6.3477
-0.02121,6.3516
-0.018463,6.358
-0.018768,6.3617
-0.013733,6.3666
-0.009003,6.3721
-0.011292,6.3766
-0.008698,6.3818
-0.006561,6.3867
-0.006561,6.391
-0.001526,6.3959
0.001068,6.4011
0.001068,6.4059
0.002899,6.4108
0.003357,6.4157
0.006104,6.4203
0.00824,6.4258
0.011597,6.4301
0.008392,6.4346
0.008087,6.4395
0.00824,6.4444
0.013275,6.4499
0.01297,6.4542
0.015564,6.4584
0.010834,6.4609
0.01297,6.4642
0.015717,6.47
0.01297,6.474
0.015717,6.4789
0.01297,6.4838
0.013123,6.4838
0.020599,6.4886
0.027618,6.4935
0.050812,6.4935
0.049591,6.4987
0.054321,6.5036
0.057831,6.5036
0.016479,6.5079
-0.011597,6.5088
-0.012054,6.5079
-0.003815,6.5128
-0.015259,6.5131
-0.026093,6.5125
-0.021515,6.5186
-0.016479,6.5176
-0.013885,6.5182
-0.011292,6.5173
-0.009003,6.5173
-0.006256,6.5176
-0.043793,6.5186
-0.071106,6.5179
0.026855,6.5176
0.397797,6.5192
1.062775,6.5179
0.661469,6.5176
-0.001526,6.5134
-0.395813,6.5131
-0.428772,6.5131
-0.283051,6.5131
-0.150299,6.5088
-0.097198,6.5082
-0.071106,6.503
-0.055695,6.5036
-0.039062,6.5033
-0.028687,6.4975
-0.016632,6.499
-0.00946,6.4938
0.003052,6.4926
0.010681,6.4893
0.016022,6.4865
0.023193,6.4841
0.032501,6.4786
0.042572,6.4795
0.051727,6.4734
0.063019,6.4685
0.078888,6.4639
0.098724,6.46
0.120544,6.4548
0.13916,6.4496
0.154419,6.4444
0.157013,6.4395
0.15213,6.4346
0.128479,6.4307
0.078125,6.4206
0.011444,6.416
-0.065765,6.4062
-0.128021,6.4014
-0.170746,6.3913
-0.189972,6.3867
-0.196991,6.3763
-0.192261,6.3715
-0.180359,6.3614
-0.16037,6.3519
-0.141144,6.3474
-0.121307,6.3376
-0.106812,6.3284
-0.092163,6.3223
-0.081024,6.3126
-0.070343,6.3031
-0.062561,6.2988
-0.055695,6.2891
-0.048218,6.2793
-0.043182,6.275
-0.039215,6.2643
-0.0383,6.2598
-0.036163,6.2497
-0.033264,6.2421
-0.028687,6.2344
-0.026398,6.2305
-0.023346,6.2201
-0.02121,6.2152
-0.02121,6.2061
-0.023651,6.2012
-0.026093,6.1957
-0.023346,6.1862
-0.016327,6.1813
-0.021057,6.1761
-0.018158,6.1691
-0.011597,6.1624
-0.006256,6.1575
-0.00824,6.152
-0.005951,6.1475
-0.006409,6.1414
-0.001373,6.1374
0.000763,6.1288
0.000763,6.123
0.005798,6.1179
0.005798,6.1133
0.008087,6.1084
0.006561,6.1035
0.005798,6.0983
0.007935,6.0889
0.013733,6.0834
0.010834,6.0782
0.012665,6.0742
0.013123,6.0645
0.013123,6.0593
0.01297,6.0544
0.015564,6.0455
0.018005,6.04
0.018158,6.0358
0.0177,6.0294
0.017853,6.0199
0.015564,6.0162
0.013123,6.0104
0.013123,6.0013
0.013123,5.9958
0.017395,5.9906
0.02533,5.9863
0.058594,5.9769
0.061798,5.9717
0.054321,5.9668
0.057526,5.9619
0.010986,5.9525
-0.016022,5.9476
-0.019684,5.9421
-0.013275,5.9378
-0.018158,5.9329
-0.02594,5.928
-0.028839,5.9192
-0.02121,5.9128
-0.02121,5.9088
-0.016174,5.9039
-0.01358,5.8984
-0.011444,5.8896
-0.029602,5.8838
-0.077057,5.8789
0.00351,5.8746
0.336914,5.864
1.051941,5.8591
0.784149,5.8524
0.003052,5.8447
-0.429535,5.8395
-0.428925,5.8298
-0.262451,5.8258
-0.14389,5.8151
-0.102386,5.8105
-0.079651,5.8008
-0.061035,5.7953
-0.048218,5.7864
-0.037842,5.7812
-0.025787,5.7709
-0.011749,5.7666
-0.004272,5.7568
0.002899,5.752
0.01297,5.7422
0.020142,5.7333
0.029449,5.7257
0.039368,5.7153
0.046387,5.7034
0.058136,5.694
0.078888,5.6793
0.100861,5.6647
0.124817,5.6494
0.145111,5.6348
0.159454,5.6165
0.166931,5.6006
0.164185,5.5817
0.139465,5.5627
0.093842,5.5444
0.023041,5.528
-0.059052,5.5081
-0.128174,5.4892
-0.177765,5.4691
-0.207062,5.4501
-0.21698,5.4297
-0.213928,5.4129
-0.204468,5.3955
-0.189667,5.3766
-0.168457,5.3577
-0.15152,5.3421
-0.133362,5.3232
-0.112152,5.3082
-0.095215,5.2914
-0.078125,5.2744
-0.07019,5.2594
-0.061035,5.2451
-0.053253,5.2298
-0.045471,5.2197
-0.040588,5.2051
-0.037994,5.1932
-0.035553,5.1813
-0.033112,5.1715
-0.030975,5.1559
-0.027771,5.1471
-0.028534,5.137
-0.02594,5.1276
-0.023499,5.1181
-0.021362,5.1105
-0.018921,5.1035
-0.016327,5.0894
-0.016479,5.0836
-0.016327,5.0769
-0.013733,5.0699
-0.011597,5.0653
-0.007019,5.0604
-0.003815,5.0552
-0.00412,5.0494
-0.00412,5.0455
0.000763,5.0397
-0.001678,5.0351
-0.001526,5.0302
0.00061,5.0299
0.005646,5.0253
0.010681,5.0208
0.010529,5.0211
0.013275,5.0162
0.01297,5.0162
0.01297,5.011
0.013123,5.0116
0.013275,5.0061
0.015564,5.0061
0.020599,5.0009
0.0177,5.0015
0.017853,5.0012
0.017853,4.9963
0.01297,4.9963
0.015717,4.9963
0.015411,4.9921
0.010529,4.9908
0.008087,4.9921
0.008392,4.9918
0.005798,4.9921
0.007935,4.9866
0.008392,4.9869
0.008087,4.9863
0.006104,4.9863
0.008087,4.9866
0.010834,4.9863
0.018463,4.9869
0.044708,4.9869
0.062408,4.9869
0.049591,4.9872
0.066528,4.9869
0.032501,4.9866
-0.00351,4.9878
-0.016327,4.9869
-0.011292,4.986
-0.018311,4.9866
-0.025787,4.982
-0.030823,4.9817
-0.028687,4.9814
-0.028534,4.9823
-0.018616,4.9814
-0.013885,4.9817
-0.011749,4.9817
-0.018158,4.9817
-0.077362,4.982
-0.079956,4.9817
0.111084,4.9817
0.724792,4.9817
1.10321,4.9823
0.354462,4.982
-0.293732,4.982
-0.471497,4.982
-0.354614,4.9814
-0.193176,4.9823
-0.123596,4.9817
-0.091858,4.982
-0.072174,4.9817
-0.057526,4.9765
-0.042725,4.9765
-0.031433,4.9771
-0.02182,4.9765
-0.011139,4.9719
-0.001221,4.9719
0.005798,4.9725
0.010834,4.9677
0.014801,4.9628
0.025635,4.9579
0.039825,4.9475
0.049438,4.9359
0.06424,4.9191
0.084076,4.9039
0.106049,4.8834
0.127869,4.8605
0.144958,4.8383
0.157471,4.8141
0.159454,4.7864
0.150146,4.7598
0.120544,4.7336
0.061951,4.7043
-0.010071,4.6756
-0.083618,4.6457
-0.140533,4.6182
-0.179749,4.5892
-0.199585,4.5624
-0.20462,4.5328
-0.192566,4.5047
-0.178375,4.4797
-0.163116,4.4507
-0.14801,4.4254
-0.131073,4.4016
-0.114288,4.3771
-0.097198,4.3536
-0.082703,4.3329
-0.070648,4.3109
-0.062103,4.2914
-0.055237,4.274
-0.048065,4.2557
-0.040894,4.2416
-0.038147,4.2285
-0.033417,4.2157
-0.033417,4.2062
-0.030975,4.1962
-0.026245,4.1864
-0.023651,4.1772
-0.019684,4.1718
-0.018921,4.1672
-0.019073,4.162
-0.016022,4.1577
-0.014648,4.1571
-0.011139,4.1571
-0.009003,4.1571
-0.006561,4.1571
-0.006561,4.1571
-0.003967,4.1577
-0.001831,4.1617
0.005188,4.1666
0.000916,4.1714
-0.001526,4.1721
0.003357,4.1782
0.000763,4.1858
0.003357,4.1913
0.005493,4.1959
0.005798,4.2053
0.003357,4.2108
0.00824,4.2197
0.00824,4.2255
0.005798,4.2355
0.005646,4.2453
0.008087,4.2548
0.010681,4.2642
0.007782,4.274
0.00824,4.2838
0.010986,4.2944
0.008392,4.3045
0.005798,4.3179
0.005646,4.328
0.008545,4.3433
0.01297,4.3542
0.010834,4.3674
0.013123,4.3814
0.015564,4.3954
0.012665,4.4107
0.015411,4.4257
0.011597,4.44
0.015411,4.4547
0.015717,4.4739
0.020599,4.4894
0.035095,4.5074
0.016327,4.5248
0.005493,4.5444
0.010223,4.5642
-0.016174,4.584
-0.009613,4.6057
-0.00351,4.6265
0.00061,4.6494
-0.011749,4.6704
-0.006409,4.6939
-0.003815,4.7177
0.000763,4.7418
-0.001526,4.7668
0.001221,4.7913
0.003052,4.8157
0.002899,4.8422
-0.045013,4.8685
-0.075073,4.8932
0.024414,4.92
0.467224,4.9475
1.05835,4.9756
0.572662,5.0015
-0.041656,5.0299
-0.406036,5.0571
-0.425568,5.0836
-0.269928,5.1114
-0.142059,5.1395
-0.092163,5.1663
-0.072784,5.1947
-0.060883,5.2225
-0.046234,5.2493
-0.029144,5.2759
-0.023804,5.3027
-0.013885,5.3296
-0.00885,5.3564
-0.000305,5.3809
0.003204,5.4056
0.00824,5.43
0.010834,5.4541
0.023193,5.4785
0.033875,5.5017
0.049286,5.5225
0.065308,5.5432
0.081635,5.5643
0.10437,5.5844
0.115509,5.6015
0.130157,5.6204
0.132599,5.6381
0.127869,5.6537
0.102539,5.6686
0.055542,5.6836
-0.010986,5.6976
-0.071411,5.7129
-0.117645,5.7275
-0.152283,5.7382
-0.166626,5.7516
-0.167999,5.7617
-0.162964,5.7751
-0.148926,5.7867
-0.133667,5.7962
-0.120392,5.8054
-0.10437,5.8154
-0.096893,5.8255
-0.089722,5.8353
-0.07782,5.8444
-0.070343,5.8539
-0.060272,5.8643
-0.055389,5.8743
-0.049286,5.8835
-0.03952,5.8917
-0.038147,5.899
-0.033417,5.9079
-0.030823,5.9183
-0.025787,5.9274
-0.026093,5.9375
-0.028381,5.9476
-0.025787,5.9561
-0.023651,5.9656
-0.018768,5.975
-0.013733,5.9818
-0.015106,5.9909
-0.01358,6.0007
-0.008698,6.0104
-0.006409,6.0205
-0.003967,6.0294
-0.001678,6.0403
0.000916,6.0498
-0.001373,6.0596
0.000458,6.0696
0.000916,6.0791
0.005951,6.0886
0.005951,6.0983
0.005798,6.1084
0.011902,6.1182
0.010834,6.1276
0.006866,6.138
0.010529,6.1472
0.013275,6.1569
0.009766,6.1667
0.00824,6.1768
0.010529,6.1865
0.010834,6.1963
0.010986,6.2054
0.015564,6.2161
0.015717,6.2244
0.013275,6.2314
0.021362,6.2399
0.040741,6.2491
0.059204,6.2598
0.046997,6.264
0.071259,6.2738
0.045013,6.2817
0.004883,6.2891
-0.012512,6.2967
-0.001373,6.3043
-0.003815,6.3077
-0.016327,6.3162
-0.018768,6.3232
-0.016174,6.3278
-0.011292,6.3324
-0.006409,6.3376
-0.006256,6.3416
-0.004272,6.347
-0.010071,6.3519
-0.073853,6.3568
-0.04425,6.3568
0.157013,6.3617
0.921021,6.3669
0.858307,6.3663
0.285492,6.3721
-0.243073,6.3721
-0.448761,6.377
-0.365753,6.3763
-0.205688,6.377
-0.118103,6.3815
-0.082855,6.3818
-0.061646,6.3812
-0.045471,6.3812
-0.030975,6.3818
-0.021515,6.3858
-0.015411,6.3861
-0.007935,6.3867
-0.000458,6.3867
0.00824,6.3812
0.01297,6.3812
0.023041,6.3818
0.032654,6.3815
0.037689,6.3818
0.050812,6.377
0.063934,6.3773
0.085907,6.3724
0.108032,6.3663
0.123901,6.3669
0.141907,6.3617
0.149689,6.3577
0.149689,6.3513
0.137634,6.3428
0.109863,6.3367
0.044861,6.3327
-0.028076,6.3232
-0.097504,6.3174
-0.149078,6.3077
-0.178833,6.3022
-0.189819,6.2933
-0.187378,6.2842
-0.182343,6.2784
-0.162811,6.2695
-0.144806,6.2598
-0.126495,6.2515
-0.108032,6.2451
-0.097198,6.2344
-0.085907,6.2256
-0.072479,6.2198
-0.065308,6.2109
-0.054321,6.2051
-0.048218,6.1957
-0.045624,6.1868
-0.043488,6.1816
-0.038147,6.1731
-0.036163,6.1664
-0.035706,6.1621
-0.033569,6.152
-0.030975,6.1475
-0.028534,6.1423
-0.023499,6.1368
-0.022583,6.1276
-0.018463,6.123
-0.018616,6.1182
-0.018768,6.1136
-0.014191,6.1075
-0.011597,6.1035
-0.006256,6.0983
-0.006866,6.0931
-0.001678,6.0889
0.000763,6.0837
-0.000153,6.0791
0.003052,6.0742
0.003357,6.0699
0.005798,6.0635
0.005798,6.055
0.005798,6.0498
0.008087,6.0452
0.005646,6.0397
0.00824,6.0306
0.010681,6.0257
0.010986,6.019
0.018311,6.0114
0.018005,6.0059
0.013123,5.9961
0.017853,5.9912
0.023041,5.9814
0.020599,5.9769
-0.002899,5.9662
0.019531,5.9589
0.003052,5.9521
0.015564,5.9424
0.00946,5.9375
-0.001678,5.9277
0.002899,5.9235
0.039673,5.9125
0.051575,5.9082
0.052185,5.8978
0.045471,5.8936
0.057068,5.8841
0.010071,5.8786
-0.020142,5.8691
-0.023651,5.8643
-0.011292,5.8551
-0.018311,5.8496
-0.028534,5.8417
-0.028534,5.835
-0.024109,5.8295
-0.018616,5.8203
-0.009003,5.8154
-0.014954,5.8072
-0.006104,5.8002
-0.02182,5.7962
-0.084839,5.7855
-0.038147,5.7812
0.247803,5.7755
0.948486,5.766
0.911713,5.7617
0.132294,5.752
-0.383301,5.7468
-0.454712,5.7373
-0.306244,5.7281
-0.163727,5.7224
-0.105591,5.7126
-0.079041,5.7031
-0.059357,5.6934
-0.045471,5.6839
-0.033569,5.6702
-0.026245,5.6586
-0.016327,5.6491
-0.002747,5.6387
0.006866,5.625
0.015869,5.6152
0.017548,5.6012
0.021362,5.5878
0.029907,5.5753
0.044556,5.5612
0.058899,5.5432
0.07843,5.5283
0.100708,5.5115
0.119171,5.4932
0.145874,5.4733
0.15976,5.4544
0.166626,5.4346
0.166931,5.4153
0.15625,5.3943
0.112,5.3729
0.042725,5.3522
-0.041351,5.3311
-0.116882,5.3079
-0.16861,5.2884
-0.196991,5.2658
-0.210419,5.2444
-0.204926,5.2249
-0.195007,5.2045
-0.177917,5.1846
-0.167999,5.166
-0.148468,5.1453
-0.129089,5.1257
-0.110474,5.108
-0.093384,5.0888
-0.078888,5.0742
-0.070343,5.0562
-0.07019,5.0403
-0.060425,5.0253
-0.053101,5.011
-0.04303,4.9969
-0.042877,4.9823
-0.040741,4.9719
-0.033569,4.957
-0.033417,4.9478
-0.030975,4.938
-0.031128,4.9283
-0.035706,4.9176
-0.030975,4.9094
-0.02594,4.9036
-0.02594,4.8947
-0.023651,4.8889
-0.011292,4.884
-0.018921,4.8788
-0.021057,4.8749
-0.016174,4.8697
-0.01358,4.8642
-0.011444,4.8618
-0.009003,4.8602
-0.003815,4.8547
-0.001526,4.8547
0.003204,4.8547
0.002899,4.8505
0.007935,4.8502
0.005798,4.8499
0.005798,4.8495
0.003204,4.8502
0.005798,4.8502
0.005798,4.8495
0.008087,4.8502
0.005798,4.8505
0.01297,4.8502
0.01297,4.8502
0.010529,4.855
0.015564,4.855
0.01297,4.855
0.01297,4.8544
0.015411,4.8547
0.01297,4.8596
0.010834,4.8596
0.010529,4.859
0.012817,4.8642
0.01297,4.8639
0.017548,4.8651
0.015564,4.8645
0.017395,4.8688
0.03006,4.8694
0.056458,4.8697
0.053253,4.8697
0.04837,4.8749
0.049744,4.8746
0.009918,4.8743
-0.012665,4.8743
-0.016479,4.8795
-0.006256,4.8785
-0.016174,4.8798
-0.028381,4.8795
-0.030975,4.8792
-0.023804,4.8792
-0.016479,4.8843
-0.018616,4.884
-0.013885,4.8843
-0.006714,4.8837
-0.024414,4.8846
-0.084686,4.8843
-0.043182,4.8843
0.245056,4.884
0.970154,4.884
0.916901,4.8843
0.110626,4.8843
-0.396881,4.8837
-0.449677,4.8843
-0.29892,4.8843
-0.161133,4.8837
-0.114136,4.8834
-0.08606,4.884
-0.064392,4.8846
-0.049591,4.8837
-0.038147,4.8834
-0.028534,4.8792
-0.015106,4.8798
-0.006561,4.8792
0.006866,4.8795
0.012665,4.8746
0.018158,4.8746
0.027466,4.8734
0.037231,4.8694
0.046692,4.8639
0.05661,4.855
0.074921,4.8453
0.095978,4.8343
0.111847,4.8163
0.136108,4.7974
0.153198,4.7775
0.161896,4.7577
0.16922,4.733
0.154572,4.7092
0.12085,4.6844
0.053711,4.6582
-0.024261,4.632
-0.100098,4.606
-0.156708,4.5776
-0.177612,4.5532
-0.198669,4.5279
-0.198669,4.5026
-0.187531,4.4785
-0.176544,4.454
-0.16037,4.4305
-0.140991,4.4067
-0.126953,4.3866
-0.106812,4.3658
-0.092621,4.3436
-0.081024,4.3283
-0.070343,4.3085
-0.065002,4.2938
-0.057983,4.2783
-0.050812,4.2648
-0.045471,4.2502
-0.040741,4.2365
-0.035553,4.2258
-0.028687,4.2166
-0.02594,4.2059
-0.028534,4.1968
-0.026398,4.1916
-0.023651,4.1815
-0.026093,4.1763
-0.023651,4.1727
-0.018616,4.1669
-0.020752,4.1626
-0.016479,4.1614
-0.011749,4.1574
-0.009003,4.1568
-0.007477,4.1571
-0.006714,4.1571
-0.003662,4.1574
-0.00412,4.162
-0.001678,4.1672
0.003357,4.1714
0.000763,4.1766
0.005798,4.1821
0.005646,4.1916
0.005646,4.2004
0.004883,4.2111
0.005798,4.2203
0.010986,4.2343
0.015564,4.2453
0.010529,4.2596
0.008392,4.2743
0.007782,4.2892
0.010681,4.3045
0.01297,4.3219
0.013275,4.343
0.018311,4.3625
0.008087,4.3817
0.010681,4.4016
0.018005,4.425
0.01297,4.4464
0.010529,4.4702
0.007935,4.4949
0.010986,4.5218
0.012665,4.5474
0.007935,4.5734
0.018005,4.6014
0.022736,4.6304
0.04425,4.6591
0.0354,4.6881
0.043488,4.7162
0.023956,4.747
-0.010223,4.7763
-0.022278,4.8074
-0.00885,4.8386
-0.006561,4.8685
-0.016327,4.9023
-0.020752,4.9329
-0.013733,4.9655
-0.013733,4.9976
-0.006866,5.0296
-0.001678,5.0604
-0.001373,5.0931
-0.007935,5.1239
-0.050354,5.1562
-0.080109,5.1868
0.002747,5.2188
0.385742,5.249
1.030121,5.2795
0.635986,5.3122
0.035706,5.3406
-0.371399,5.3693
-0.432129,5.3992
-0.294342,5.426
-0.160675,5.455
-0.105743,5.4837
-0.076141,5.5093
-0.060272,5.5377
-0.04837,5.5621
-0.032043,5.5865
-0.028687,5.6104
-0.023651,5.6348
-0.00885,5.6598
-0.003967,5.6796
0.003052,5.7034
0.005798,5.7227
0.010834,5.7425
0.021667,5.7623
0.030212,5.7812
0.044098,5.7968
0.056763,5.8145
0.072937,5.8301
0.092316,5.8441
0.112,5.8591
0.127563,5.874
0.118103,5.8871
0.122833,5.8984
0.111694,5.9091
0.080261,5.9219
0.021667,5.9323
-0.038605,5.9421
-0.093231,5.9525
-0.133362,5.961
-0.150604,5.9702
-0.155334,5.9769
-0.153503,5.9857
-0.140686,5.9967
-0.131226,6.0004
-0.116882,6.0107
-0.104218,6.0165
-0.09079,6.0257
-0.08255,6.0309
-0.072784,6.0397
-0.068665,6.0464
-0.062714,6.055
-0.057983,6.0605
-0.045776,6.0693
-0.038605,6.0754
-0.036011,6.0843
-0.036011,6.0892
-0.028229,6.0992
-0.027161,6.1029
-0.026245,6.1127
-0.028534,6.1176
-0.02594,6.1279
-0.023804,6.1322
-0.018616,6.1432
-0.02121,6.1475
-0.018616,6.1533
-0.013885,6.1612
-0.009155,6.1667
-0.009003,6.1749
-0.00412,6.181
-0.001831,6.1856
0.00351,6.1911
0.00824,6.2009
0.003052,6.2054
0.003357,6.2109
0.003204,6.2155
0.003357,6.2201
0.003357,6.2247
0.003204,6.2308
0.005798,6.235
0.008087,6.2402
0.008392,6.2451
0.010529,6.2497
0.01297,6.2552
0.013123,6.2604
0.003204,6.264
0.005493,6.2653
0.010681,6.2695
0.018005,6.2744
0.032501,6.2775
0.051727,6.2787
0.049438,6.2836
0.053406,6.2845
0.045624,6.2885
0.003204,6.2885
-0.016327,6.2939
-0.003815,6.2933
-0.002899,6.2939
-0.011292,6.2988
-0.02121,6.2988
-0.021515,6.2988
-0.013428,6.3031
-0.013885,6.3031
-0.006409,6.3037
-0.003815,6.3031
-0.001678,6.3031
-0.029602,6.3086
-0.065613,6.3083
0.00946,6.3077
0.340118,6.308
1.037292,6.3077
0.723877,6.3086
0.053406,6.3086
-0.370178,6.3089
-0.435638,6.3037
-0.292511,6.3031
-0.150452,6.3037
-0.093079,6.3034
-0.070038,6.3043
-0.053101,6.2997
-0.035858,6.2991
-0.026245,6.2988
-0.017548,6.2988
-0.009003,6.2943
-0.003662,6.2933
0.007935,6.2891
0.015259,6.2894
0.020447,6.2845
0.027466,6.2842
0.034943,6.279
0.049133,6.2738
0.063934,6.2692
0.076752,6.2634
0.097198,6.2582
0.120239,6.2494
0.142059,6.2451
0.156097,6.2354
0.161743,6.2314
0.153351,6.2207
0.130157,6.2109
0.083313,6.2012
0.014343,6.1917
-0.064087,6.1816
-0.132294,6.1713
-0.170441,6.1624
-0.193939,6.152
-0.199738,6.1423
-0.192261,6.1279
-0.178986,6.1185
-0.163422,6.1047
-0.146179,6.0941
-0.121307,6.0843
-0.105438,6.0696
-0.094604,6.0599
-0.081329,6.0483
-0.062866,6.0358
-0.061035,6.0257
-0.055542,6.0147
-0.047913,6.0016
-0.045929,5.9906
-0.039368,5.9811
-0.035553,5.9717
-0.035553,5.9619
-0.033417,5.9515
-0.030975,5.9427
-0.033417,5.9335
-0.028534,5.9229
-0.026245,5.9134
-0.028687,5.9045
-0.026245,5.8981
-0.02243,5.8881
-0.021362,5.8841
-0.017242,5.874
-0.013885,5.8688
-0.013733,5.8585
-0.011444,5.8545
-0.006714,5.8456
-0.006104,5.8401
-0.00412,5.8347
-0.001526,5.8307
-0.001678,5.82
-0.001526,5.8148
0.003052,5.8105
0.005646,5.8057
0.005798,5.8014
0.00824,5.7956
0.01297,5.7898
0.010681,5.7816
0.010834,5.7755
0.010529,5.7715
0.013123,5.7672
0.015411,5.7617
0.015259,5.7568
0.013123,5.751
0.013428,5.7425
0.015411,5.7367
0.015106,5.7318
0.018005,5.7239
0.015564,5.7178
0.017853,5.7129
0.018005,5.7074
0.025177,5.6982
0.044403,5.6934
0.066376,5.6848
0.056763,5.679
0.066528,5.6744
0.036163,5.6641
-0.006561,5.6586
-0.014191,5.6543
-0.00885,5.6448
-0.00885,5.6396
-0.023499,5.6357
-0.028534,5.6256
-0.026245,5.6204
-0.023651,5.6155
-0.021362,5.6058
-0.017242,5.6009
-0.013885,5.596
-0.006561,5.5862
-0.043945,5.5807
-0.074768,5.5768
0.0354,5.5664
0.453186,5.5621
1.122742,5.5533
0.625458,5.5466
-0.115662,5.5426
-0.457153,5.5322
-0.405426,5.5273
-0.239258,5.5185
-0.137024,5.5118
-0.09201,5.5032
-0.077667,5.4935
-0.06134,5.4837
-0.04425,5.4782
-0.033569,5.4691
-0.02121,5.4584
-0.014191,5.4489
-0.001831,5.4398
0.010834,5.4297
0.020447,5.4202
0.022125,5.4102
0.032501,5.3958
0.041809,5.3864
0.053406,5.3714
0.070496,5.3564
0.088654,5.3424
0.110931,5.3229
0.129242,5.307
0.144501,5.2887
0.16098,5.2692
0.169373,5.2499
0.161896,5.2289
0.135803,5.206
0.082397,5.1862
0.002289,5.1614
-0.078125,5.1419
-0.145264,5.1175
-0.184021,5.0977
-0.210876,5.0742
-0.216827,5.0549
-0.209503,5.0317
-0.194702,5.0107
-0.175476,4.9915
-0.158386,4.971
-0.141754,4.9515
-0.124207,4.9319
-0.108948,4.9139
-0.097198,4.8938
-0.082397,4.8782
-0.070038,4.8602
-0.060883,4.8453
-0.055084,4.83
-0.050507,4.8163
-0.045624,4.8013
-0.0383,4.7906
-0.03418,4.7769
-0.031281,4.7672
-0.033112,4.7568
-0.030975,4.7476
-0.029449,4.7379
-0.023499,4.7281
-0.018921,4.7229
-0.021057,4.7128
-0.018921,4.7086
-0.016327,4.704
-0.014038,4.6991
-0.011444,4.6945
-0.00885,4.6942
-0.006714,4.6893
-0.001373,4.6893
0.000763,4.6838
-0.001678,4.6841
0.001221,4.6848
0.005646,4.6835
0.005646,4.6844
0.005646,4.6844
0.00824,4.6841
0.003052,4.6838
0.00824,4.6841
0.003815,4.6841
0.005798,4.6893
0.009766,4.689
0.015717,4.6893
0.012817,4.6939
0.01709,4.6942
0.015564,4.6951
0.01297,4.6991
0.012817,4.6988
0.013428,4.704
0.018005,4.7034
0.013123,4.7043
0.013733,4.7086
0.012817,4.7089
0.01297,4.7137
0.010529,4.7137
0.010376,4.7147
0.010681,4.7186
0.015411,4.7186
0.022278,4.7235
0.039215,4.7232
0.059357,4.7232
0.049438,4.7275
0.068359,4.7278
0.038147,4.7284
-0.001678,4.7272
-0.018616,4.7333
-0.011139,4.733
-0.011292,4.7327
-0.023346,4.7333
-0.028534,4.7336
-0.030975,4.7363
-0.023804,4.7379
-0.016632,4.7379
-0.011749,4.7382
-0.006409,4.7379
-0.006256,4.7379
-0.046844,4.7372
-0.084381,4.7382
0.017853,4.7382
0.460052,4.7382
1.141205,4.7375
0.613861,4.7382
-0.125122,4.733
-0.455017,4.7327
-0.404663,4.7327
-0.235901,4.7336
-0.134277,4.7333
-0.099182,4.733
-0.077667,4.7278
-0.062866,4.7281
-0.050659,4.7278
-0.035706,4.7229
-0.02182,4.7226
-0.00885,4.7229
-0.001984,4.7229
0.00473,4.7192
0.013428,4.7186
0.017853,4.7183
0.019684,4.7134
0.028076,4.7137
0.042114,4.7089
0.054626,4.7034
0.071869,4.6988
0.09079,4.6939
0.117035,4.6844
0.141602,4.6747
0.149536,4.66
0.154724,4.6454
0.15213,4.6252
0.133362,4.6057
0.086517,4.5831
0.016327,4.5609
-0.059204,4.537
-0.126038,4.5102
-0.167236,4.4846
-0.19455,4.4589
-0.196991,4.4312
-0.19043,4.4049
-0.177612,4.3774
-0.158234,4.3518
-0.146484,4.3246
-0.129395,4.299
-0.11673,4.2731
-0.09964,4.2459
-0.091705,4.2218
-0.077515,4.2004
-0.066071,4.1763
-0.057678,4.1541
-0.050507,4.1327
-0.045776,4.1138
-0.038757,4.0942
-0.036011,4.0762
-0.030823,4.0598
-0.030518,4.0454
-0.028381,4.0305
-0.026093,4.0152
-0.018921,4.0048
-0.01709,3.9917
-0.016174,3.9816
-0.011749,3.9734
-0.011444,3.967
-0.00885,3.9578
-0.014038,3.952
-0.011292,3.9474
-0.011292,3.9468
-0.006409,3.9423
-0.00351,3.942
-0.001831,3.9377
0.005646,3.938
-0.001984,3.9377
0.0,3.9423
0.003204,3.9426
0.003357,3.9478
0.010376,3.9471
0.007935,3.9523
0.008392,3.9572
0.011139,3.9624
0.008392,3.9673
0.010376,3.9716
0.01297,3.9767
0.01297,3.9816
0.015717,3.9908
0.015411,3.9966
0.013733,4.0057
0.016022,4.0158
0.007935,4.0256
0.00351,4.035
0.003052,4.0491
0.008392,4.0601
0.007935,4.0744
0.010376,4.0891
0.01297,4.1034
0.012207,4.119
0.013123,4.1379
0.010681,4.1519
0.019531,4.1721
0.035553,4.1919
0.046692,4.2105
0.035858,4.23
0.054016,4.2502
0.023499,4.2743
-0.008087,4.2947
-0.02594,4.3182
-0.008545,4.3417
-0.006409,4.3665
-0.018768,4.3912
-0.019684,4.4165
-0.018616,4.4434
-0.02121,4.4696
-0.011444,4.4983
-0.006866,4.5273
-0.001526,4.5526
-0.011444,4.5825
-0.06897,4.6146
-0.077209,4.6436
0.054016,4.6741
0.577393,4.7046
1.038666,4.7366
0.480957,4.7665
-0.108185,4.7968
-0.430145,4.8285
-0.418396,4.8605
-0.258484,4.8926
-0.15625,4.924
-0.111084,4.9561
-0.080719,4.9869
-0.06546,5.0195
-0.045776,5.051
-0.038452,5.0821
-0.026398,5.1123
-0.016174,5.1431
-0.011292,5.1724
-0.006256,5.2039
0.000763,5.2338
0.005798,5.2597
0.015411,5.2878
0.027924,5.3165
0.037231,5.3421
0.044403,5.3665
0.064392,5.3903
0.076752,5.415
0.097809,5.4382
0.115814,5.4584
0.12558,5.4779
0.135193,5.4987
0.132141,5.5182
0.113983,5.5377
0.071869,5.5521
0.013733,5.5719
-0.051727,5.5856
-0.111389,5.6009
-0.14389,5.6155
-0.160217,5.6299
-0.157776,5.6436
-0.153046,5.6543
-0.144348,5.6674
-0.131073,5.6787
-0.111694,5.6891
-0.099335,5.6985
-0.09201,5.708
-0.082397,5.7181
-0.075073,5.7275
-0.075073,5.7376
-0.059052,5.7474
-0.057678,5.7571
-0.052948,5.7617
-0.050201,5.7715
-0.040894,5.7812
-0.040894,5.7916
-0.035706,5.7962
-0.033417,5.8057
-0.03067,5.8151
-0.025787,5.8249
-0.023651,5.8334
-0.020905,5.8405
-0.018616,5.8499
-0.015717,5.8588
-0.016785,5.8676
-0.019531,5.874
-0.011292,5.8838
-0.00473,5.8929
0.000916,5.9027
0.003357,5.9137
0.003357,5.9229
0.003204,5.9329
0.007935,5.9418
0.013123,5.9518
0.012817,5.961
0.015564,5.9723
0.005798,5.9814
0.005798,5.9915
0.010529,6.001
0.010529,6.0156
0.010681,6.0257
0.013123,6.0355
0.013123,6.0449
0.015259,6.0596
0.018005,6.0693
0.025482,6.0791
0.03006,6.0889
0.061035,6.0986
0.047302,6.109
0.049591,6.1215
0.049744,6.1313
0.008698,6.1411
-0.011597,6.1508
-0.008545,6.1578
-0.001678,6.1673
-0.011292,6.1768
-0.014038,6.1865
-0.020447,6.1917
-0.018616,6.2012
-0.004272,6.2094
-0.00885,6.2152
-0.006866,6.2207
-0.009003,6.2311
-0.033417,6.2344
-0.075531,6.2402
-0.007019,6.2451
0.288239,6.2531
0.981598,6.2589
0.773926,6.2634
0.126495,6.2646
-0.325165,6.2695
-0.436859,6.2747
-0.322571,6.279
-0.173187,6.2842
-0.106812,6.2836
-0.079498,6.2894
-0.057983,6.2885
-0.045776,6.2939
-0.033417,6.2936
-0.023804,6.2988
-0.020599,6.2982
-0.013275,6.2991
-0.001678,6.3028
0.010681,6.3034
0.010681,6.3031
0.019531,6.3031
0.030212,6.3037
0.041962,6.3031
0.054321,6.3031
0.071564,6.3007
0.090637,6.2982
0.112305,6.2985
0.132141,6.2936
0.140076,6.2939
0.146942,6.2881
0.144348,6.2836
0.127258,6.2787
0.088806,6.2744
0.026703,6.2692
-0.046844,6.2646
-0.106354,6.2589
-0.150604,6.25
-0.177917,6.2451
-0.184784,6.2399
-0.17746,6.232
-0.167999,6.225
-0.15274,6.2207
-0.134277,6.2125
-0.118103,6.2051
-0.105286,6.2012
-0.092316,6.1929
-0.080414,6.1853
-0.070496,6.1813
-0.062714,6.1765
-0.056305,6.1682
-0.04837,6.1621
-0.042877,6.1578
-0.040741,6.1523
-0.035858,6.1472
-0.036163,6.1417
-0.034027,6.1377
-0.031281,6.1331
-0.028534,6.1276
-0.028687,6.1224
-0.02594,6.1185
-0.02121,6.1182
-0.02121,6.1136
-0.018616,6.109
-0.014038,6.1038
-0.011597,6.1035
-0.00885,6.0989
-0.005798,6.0956
-0.001678,6.0934
-0.001526,6.0889
0.000916,6.0889
0.003204,6.084
0.00351,6.0837
0.003204,6.0791
0.005646,6.0767
0.005646,6.0748
0.008087,6.0703
0.013275,6.069
0.01297,6.0645
0.013428,6.0587
0.018005,6.0593
0.017853,6.0547
0.016022,6.0495
0.018158,6.0498
0.013123,6.0446
0.010986,6.04
0.01297,6.0342
0.013123,6.0355
0.022736,6.0297
0.040131,6.0254
0.063782,6.0196
0.056458,6.0202
0.06958,6.0159
0.037689,6.0101
-0.004425,6.0056
-0.015717,6.0052
-0.00885,6.0019
-0.009155,5.9958
-0.021057,5.9909
-0.027924,5.9879
-0.025482,5.9866
-0.020905,5.9818
-0.02121,5.9766
-0.016174,5.9723
-0.013885,5.9717
-0.018005,5.9668
-0.065155,5.9613
-0.069885,5.9573
0.08194,5.9537
0.582733,5.9525
1.120605,5.9473
0.486603,5.9418
-0.199127,5.9378
-0.467682,5.9326
-0.39032,5.929
-0.22171,5.9268
-0.126495,5.9229
-0.088959,5.9183
-0.06958,5.9128
-0.055695,5.9079
-0.043182,5.9033
-0.032806,5.8954
-0.023499,5.889
-0.013885,5.8844
-0.000763,5.8783
0.010681,5.8737
0.018005,5.8691
0.022888,5.8594
0.030212,5.8499
0.040588,5.8408
0.05249,5.8307
0.070496,5.8203
0.089111,5.8075
0.108643,5.7956
0.133209,5.7816
0.151367,5.7669
0.159454,5.7495
0.161285,5.7324
0.149994,5.7129
0.122528,5.6952
0.063171,5.6775
-0.01358,5.6589
-0.092621,5.636
-0.150909,5.6168
-0.18692,5.5963
-0.204163,5.5759
-0.206757,5.5557
-0.197296,5.5341
-0.182953,5.5133
-0.165863,5.4938
-0.153656,5.473
-0.132904,5.451
-0.118713,5.4312
-0.099182,5.4114
-0.084686,5.3922
-0.07309,5.3723
-0.065308,5.3564
-0.052948,5.3372
-0.050354,5.3195
-0.043335,5.3033
-0.033417,5.2887
-0.033722,5.2692
-0.035553,5.2545
-0.033264,5.2405
-0.030365,5.2271
-0.026093,5.2151
-0.028534,5.2008
-0.028687,5.1898
-0.023499,5.1761
-0.018616,5.1666
-0.018616,5.1562
-0.018616,5.1474
-0.016327,5.1376
-0.016479,5.127
-0.013275,5.1193
-0.008545,5.1126
-0.006714,5.1031
-0.006409,5.098
-0.002136,5.0934
-0.000916,5.0836
-0.001678,5.079
0.001068,5.0754
0.00061,5.0702
0.003967,5.065
0.006256,5.0601
0.01297,5.0516
0.012817,5.0449
0.010529,5.0406
0.015564,5.0354
0.012817,5.0308
0.013123,5.0256
0.014801,5.0217
0.015564,5.0162
0.015717,5.0107
0.018005,5.0061
0.018005,5.0012
0.015717,4.9966
0.020447,4.9918
0.032501,4.9918
0.063782,4.9869
0.070801,4.982
0.06134,4.9774
0.066986,4.9771
0.022736,4.9719
-0.006256,4.968
-0.011444,4.967
-0.006409,4.9622
-0.013428,4.9631
-0.025787,4.9573
-0.023346,4.9576
-0.016479,4.9527
-0.01358,4.9521
-0.016174,4.9478
-0.01358,4.9472
-0.011292,4.9472
-0.02182,4.9429
-0.08316,4.942
-0.042267,4.9371
0.240021,4.9384
0.948181,4.938
0.934448,4.9335
0.121307,4.9326
-0.398865,4.9332
-0.456085,4.9277
-0.300903,4.9277
-0.163269,4.9277
-0.11322,4.9237
-0.088959,4.9231
-0.068207,4.9231
-0.054474,4.9185
-0.043182,4.9188
-0.031128,4.9136
-0.023804,4.913
-0.00946,4.9088
0.002747,4.9084
0.008545,4.9036
0.017853,4.9036
0.025482,4.899
0.037079,4.8935
0.050507,4.8843
0.059967,4.8743
0.074768,4.8605
0.094147,4.8456
0.115204,4.8257
0.132141,4.8065
0.146637,4.7818
0.155334,4.7586
0.154572,4.7348
0.141602,4.7086
0.103149,4.6805
0.036316,4.6552
-0.041809,4.6259
-0.109558,4.5984
-0.158234,4.5688
-0.185242,4.5419
-0.194855,4.5139
-0.194397,4.4846
-0.182648,4.4568
-0.174255,4.4302
-0.160828,4.4031
-0.142517,4.3774
-0.122833,4.3524
-0.109558,4.3277
-0.093842,4.303
-0.077667,4.2786
-0.063324,4.2563
-0.057068,4.2355
-0.050354,4.2163
-0.045624,4.201
-0.040588,4.1821
-0.035706,4.1675
-0.033417,4.1541
-0.028381,4.1428
-0.023499,4.1324
-0.028381,4.1232
-0.028839,4.1135
-0.02594,4.1083
-0.025635,4.1037
-0.023499,4.0991
-0.02121,4.0939
-0.016479,4.0894
-0.014038,4.0894
-0.011139,4.0887
-0.009308,4.0894
-0.006561,4.0933
-0.001373,4.0936
-0.003815,4.0988
-0.001678,4.1037
-0.001831,4.108
-0.000916,4.1132
0.005646,4.1174
0.00824,4.1235
0.005646,4.1327
0.007935,4.1428
0.010529,4.1519
0.010986,4.1614
0.00824,4.1721
0.010681,4.1815
0.008545,4.1913
0.010681,4.2062
0.003357,4.22
0.00824,4.2303
0.013123,4.2453
0.010681,4.2606
0.010681,4.2792
0.010681,4.2938
0.012512,4.3115
0.00824,4.328
0.015717,4.3475
0.029907,4.3665
0.05127,4.3857
0.042267,4.407
0.053864,4.4287
0.04425,4.4498
0.000153,4.4727
-0.019073,4.4965
-0.007019,4.5215
-0.004272,4.5459
-0.011444,4.5715
-0.021362,4.5972
-0.023499,4.6262
-0.023651,4.6539
-0.014648,4.6796
-0.006561,4.7095
-0.006561,4.7379
-0.009003,4.7699
-0.055084,4.801
-0.079956,4.8306
0.026245,4.8627
0.467682,4.8935
1.057739,4.9258
0.564117,4.9561
-0.043488,4.9899
-0.407562,5.0211
-0.431061,5.054
-0.284271,5.0861
-0.150909,5.1181
-0.101624,5.1511
-0.071716,5.1846
-0.048828,5.2151
-0.043335,5.2487
-0.033875,5.2811
-0.023804,5.3125
-0.010529,5.3455
-0.001831,5.3763
0.000916,5.4053
0.005798,5.4352
0.013123,5.4642
0.025482,5.4932
0.035248,5.5209
0.039673,5.5466
0.050507,5.5719
0.066376,5.5988
0.089264,5.621
0.102692,5.6439
0.118713,5.6674
0.1297,5.6876
0.134583,5.7077
0.129547,5.7278
0.103149,5.7471
0.061493,5.762
-0.007324,5.7812
-0.070496,5.7962
-0.119476,5.8102
-0.14679,5.8243
-0.16037,5.8395
-0.158234,5.8545
-0.158234,5.8652
-0.14328,5.8792
-0.126801,5.889
-0.112152,5.9033
-0.094757,5.9128
-0.084381,5.9229
-0.077362,5.9332
-0.065308,5.9464
-0.060883,5.9564
-0.057526,5.9656
-0.052032,5.9772
-0.039673,5.9866
-0.0383,5.9958
-0.035706,6.0052
-0.030975,6.0156
-0.023651,6.0248
-0.026093,6.0352
-0.024109,6.0449
-0.018921,6.055
-0.014191,6.0626
-0.011597,6.069
-0.011444,6.0785
-0.013885,6.0883
-0.013885,6.0983
-0.006561,6.1081
-0.003967,6.1188
-0.001526,6.1279
0.000458,6.138
0.003357,6.1469
0.000763,6.1569
0.008087,6.1652
0.010834,6.1719
0.005951,6.1807
0.010681,6.1911
0.01236,6.2012
0.013123,6.2109
0.015564,6.2198
0.013123,6.225
0.012817,6.2357
0.010376,6.2445
0.015717,6.2503
0.025177,6.2598
0.032043,6.2686
0.052032,6.2741
0.049438,6.2817
0.055084,6.2894
0.054169,6.2939
0.010071,6.2982
-0.014648,6.3086
-0.009308,6.3135
0.003357,6.3177
-0.008392,6.3229
-0.013733,6.3275
-0.011749,6.3324
-0.014191,6.333
-0.011292,6.3376
-0.006866,6.3422
0.003204,6.3467
-0.006409,6.347
-0.011902,6.351
-0.067444,6.3519
-0.022736,6.3568
0.216064,6.3568
0.875092,6.3574
0.905609,6.3617
0.222321,6.3608
-0.284576,6.3614
-0.448303,6.362
-0.345612,6.3614
-0.18631,6.3611
-0.1091,6.3617
-0.075378,6.3623
-0.057373,6.3617
-0.041046,6.3614
-0.03006,6.3565
-0.018921,6.3574
-0.013885,6.3574
-0.005798,6.3519
0.003052,6.3477
0.011292,6.3474
0.017853,6.3425
0.025482,6.3376
0.034637,6.3318
0.049591,6.3281
0.06012,6.3184
0.074615,6.3123
0.094147,6.3037
0.11734,6.2943
0.137329,6.2842
0.149078,6.2744
0.154724,6.2643
0.152588,6.2515
0.141602,6.2402
0.102997,6.2253
0.032806,6.2109
-0.045166,6.196
-0.111847,6.1807
-0.16098,6.1667
-0.189362,6.1481
-0.19989,6.1328
-0.19455,6.1133
-0.182495,6.0941
-0.168152,6.0788
-0.15152,6.0596
-0.131531,6.04
-0.114441,6.0208
-0.099945,6.001
-0.087128,5.9821
-0.070801,5.9619
-0.065308,5.9424
-0.059814,5.9232
-0.052185,5.9042
-0.043182,5.8853
-0.039062,5.8688
-0.040588,5.849
-0.037689,5.8319
-0.030975,5.8151
-0.031128,5.7959
-0.033722,5.7812
-0.030975,5.7632
-0.028534,5.748
-0.031128,5.7324
-0.028381,5.7169
-0.02182,5.7031
-0.016174,5.6882
-0.011444,5.6738
-0.009155,5.6595
-0.006561,5.6448
-0.011597,5.6302
-0.009613,5.6149
-0.006409,5.6006
-0.004272,5.5862
-0.003967,5.5713
0.000763,5.5566
0.00061,5.5423
0.005798,5.528
0.007782,5.5133
0.00824,5.5002
0.010986,5.4883
0.008087,5.4739
0.005493,5.459
0.010681,5.4443
0.015869,5.4324
0.018005,5.4199
0.015717,5.4056
0.013275,5.3958
0.013123,5.3821
0.015564,5.3714
0.010986,5.3568
0.010681,5.3467
0.018005,5.3326
0.029755,5.3229
0.062561,5.3125
0.055847,5.2997
0.059052,5.2884
0.05127,5.2786
0.005493,5.2692
-0.016327,5.2588
-0.01358,5.249
-0.006714,5.2359
-0.016937,5.2246
-0.028076,5.2161
-0.026093,5.2054
-0.025482,5.1956
-0.019226,5.1859
-0.013885,5.1758
-0.008698,5.1669
-0.011597,5.1566
-0.02655,5.1477
-0.081787,5.1419
-0.030518,5.1321
0.26474,5.1224
0.969391,5.1138
0.900116,5.1071
0.08667,5.098
-0.412292,5.0931
-0.445709,5.0836
-0.285339,5.079
-0.150452,5.0699
-0.107422,5.0647
-0.08194,5.0592
-0.066528,5.05
-0.053101,5.0452
-0.041046,5.0397
-0.029907,5.0311
-0.020142,5.0256
-0.011749,5.0204
0.000916,5.0159
0.010681,5.0116
0.020447,5.0015
0.02533,4.9973
0.035858,4.9869
0.041962,4.9768
0.057983,4.9667
0.076141,4.9527
0.099182,4.938
0.117798,4.9179
0.137482,4.899
0.149841,4.8795
0.157166,4.8593
0.156097,4.8364
0.136566,4.8123
0.097656,4.7913
0.025024,4.7675
-0.049744,4.7421
-0.114594,4.718
-0.163574,4.6945
-0.189819,4.6695
-0.19989,4.6454
-0.194244,4.6222
-0.184021,4.6008
-0.170441,4.5767
-0.154877,4.5529
-0.135193,4.5319
-0.116882,4.5105
-0.097198,4.4894
-0.087738,4.469
-0.075378,4.4498
-0.065765,4.4308
-0.06012,4.415
-0.052948,4.3964
-0.045929,4.3817
-0.0383,4.3668
-0.036011,4.3524
-0.035706,4.3375
-0.031281,4.3234
-0.027771,4.3134
-0.026245,4.299
-0.031128,4.2889
-0.02533,4.2792
-0.02121,4.2694
-0.018616,4.2609
-0.016327,4.2554
-0.013733,4.2496
-0.016479,4.2404
-0.011292,4.2349
-0.011597,4.231
-0.009003,4.2255
-0.00885,4.2261
-0.006714,4.2209
-0.00412,4.2203
-0.006409,4.2154
-0.00412,4.216
-0.001678,4.2157
0.00351,4.2163
0.003357,4.2157
0.005951,4.2163
0.00824,4.2157
0.00824,4.2166
0.010834,4.2203
0.008545,4.2206
0.00824,4.2261
0.008545,4.2264
0.01297,4.2307
0.00824,4.2352
0.015106,4.2404
0.013123,4.2447
0.015564,4.2499
0.015411,4.2551
0.015717,4.2596
0.015869,4.2694
0.014648,4.2746
0.023041,4.2789
0.020447,4.2886
0.039825,4.2944
0.059357,4.3033
0.046844,4.3082
0.064087,4.3176
0.036621,4.3277
-0.00351,4.3326
-0.018463,4.3427
-0.00885,4.3527
-0.017395,4.3616
-0.030975,4.3674
-0.028534,4.3768
-0.018921,4.3866
-0.016327,4.3967
-0.018768,4.4107
-0.016174,4.4214
-0.011139,4.4302
-0.014496,4.4406
-0.051575,4.455
-0.081482,4.4647
0.027618,4.4785
0.454407,4.4888
1.09787,4.5038
0.567474,4.5163
-0.099945,4.5276
-0.440979,4.5425
-0.422668,4.5572
-0.256805,4.5715
-0.146027,4.5868
-0.098572,4.6057
-0.081482,4.6207
-0.066986,4.639
-0.049744,4.6585
-0.0383,4.6753
-0.028381,4.6948
-0.021057,4.7141
-0.011597,4.7379
-0.004272,4.7577
0.003357,4.7797
0.003052,4.8007
0.019073,4.8239
0.027466,4.8447
0.036316,4.8648
0.05188,4.8889
0.065308,4.9081
0.08606,4.9277
0.10788,4.9472
0.120239,4.9695
0.131531,4.9899
0.142822,5.007
0.135345,5.0253
0.12085,5.0446
0.080719,5.062
0.016327,5.079
-0.051117,5.0977
-0.107422,5.1126
-0.145416,5.1328
-0.170288,5.1468
-0.174866,5.1669
-0.170288,5.1807
-0.152435,5.2011
-0.148163,5.2185
-0.131683,5.235
-0.116577,5.2536
-0.104675,5.2692
-0.093689,5.2884
-0.078583,5.307
-0.068054,5.3226
-0.062866,5.3424
-0.055542,5.3616
-0.040894,5.379
-0.033264,5.3955
-0.031128,5.416
-0.024109,5.4352
-0.028534,5.452
-0.023651,5.4684
-0.013885,5.4877
-0.018616,5.5084
-0.017548,5.5264
-0.023804,5.545
-0.020752,5.5615
-0.015106,5.5814
-0.011444,5.5981
-0.010376,5.6149
-0.010376,5.6354
-0.00412,5.6525
-0.006409,5.6689
-0.006256,5.6882
-0.00885,5.7037
-0.004272,5.7224
-0.001373,5.7379
-0.001526,5.7571
-0.001526,5.7721
0.003052,5.7883
0.000916,5.8047
0.000916,5.8203
0.007935,5.8371
0.003204,5.8542
0.00061,5.8694
0.00824,5.8871
0.00824,5.9027
0.005646,5.9183
0.00824,5.9326
0.005798,5.9467
0.008087,5.9647
0.020142,5.9796
0.033569,5.9958
0.051727,6.0098
0.054779,6.0254
0.046082,6.0376
0.053101,6.0526
0.012207,6.0651
-0.011597,6.0794
-0.007629,6.0941
0.003357,6.1066
-0.006561,6.1185
-0.013428,6.1319
-0.021362,6.1423
-0.016174,6.1572
-0.011444,6.167
-0.001831,6.1792
0.003052,6.1914
0.005493,6.2003
-0.000305,6.2106
-0.056305,6.2204
-0.036469,6.2305
0.136871,6.2402
0.709839,6.2497
0.997162,6.2604
0.393524,6.2692
-0.156555,6.2741
-0.429077,6.2845
-0.38559,6.2891
-0.22934,6.2988
-0.128174,6.3034
-0.086212,6.3083
-0.065155,6.3129
-0.04837,6.319
-0.038452,6.3232
-0.027161,6.3281
-0.017548,6.3324
-0.010529,6.3376
-0.001831,6.3373
0.010529,6.3425
0.015411,6.3422
0.019989,6.3428
0.027618,6.3467
0.035095,6.3467
0.049286,6.3467
0.064087,6.3428
0.083618,6.3416
0.098114,6.3428
0.113983,6.337
0.130005,6.3333
0.135193,6.3272
0.137482,6.3223
0.130615,6.3184
0.099945,6.3135
0.053101,6.3031
-0.018463,6.2988
-0.085144,6.2891
-0.137024,6.2796
-0.167847,6.2738
-0.175171,6.2646
-0.175629,6.254
-0.167694,6.2451
-0.154266,6.2354
-0.139618,6.2256
-0.122986,6.2158
-0.104675,6.2057
-0.089569,6.1963
-0.077209,6.1862
-0.067444,6.1761
-0.057831,6.1661
-0.050507,6.1578
-0.048218,6.1472
-0.04837,6.1377
-0.045776,6.1285
-0.040741,6.1182
-0.038452,6.1087
-0.037384,6.0992
-0.033264,6.091
-0.030823,6.084
-0.028687,6.0745
-0.026398,6.0641
-0.023346,6.0553
-0.021057,6.0455
-0.016174,6.0397
-0.016174,6.0294
-0.014191,6.0208
-0.008698,6.0101
-0.010986,6.0025
-0.006866,5.9961
-0.001678,5.9872
-0.001526,5.9772
-0.001526,5.9662
0.000763,5.9573
0.003357,5.9479
0.003357,5.9378
0.005493,5.9299
0.002899,5.9195
0.003204,5.9088
0.00824,5.8997
0.010834,5.8878
0.008087,5.8795
0.00824,5.8691
0.010529,5.8591
0.00824,5.8453
0.007782,5.8353
0.010376,5.8249
0.01297,5.8105
0.010681,5.8008
0.010529,5.7864
0.013123,5.7758
0.010681,5.7623
0.010529,5.7526
0.01297,5.7373
0.020294,5.7278
0.037384,5.7126
0.066376,5.7031
0.054474,5.6885
0.068665,5.6757
0.040741,5.6641
-0.002594,5.6522
-0.021667,5.6396
-0.017395,5.6271
-0.013733,5.6155
-0.025024,5.6018
-0.029907,5.5908
-0.028839,5.5765
-0.023651,5.5658
-0.023499,5.5533
-0.018768,5.542
-0.014954,5.5283
-0.013885,5.5185
-0.079956,5.5032
-0.046387,5.4938
0.199432,5.4794
0.839844,5.4684
0.995483,5.4572
0.201111,5.4449
-0.368652,5.4349
-0.46875,5.4205
-0.321655,5.4105
-0.168152,5.397
-0.108185,5.3864
-0.081024,5.3723
-0.06546,5.3613
-0.048065,5.347
-0.03952,5.3348
-0.029602,5.3223
-0.018921,5.3091
-0.006714,5.2979
0.003357,5.2838
0.014191,5.274
0.019989,5.2597
0.032654,5.2493
0.041962,5.235
0.054321,5.2203
0.06134,5.2054
0.083313,5.1865
0.099487,5.1715
0.12146,5.152
0.139618,5.1321
0.15686,5.1126
0.169067,5.0931
0.166779,5.0751
0.151062,5.0504
0.112152,5.0305
0.050964,5.0064
-0.026703,4.9835
-0.10025,4.9619
-0.158997,4.9387
-0.19455,4.9158
-0.211792,4.8938
-0.211792,4.8697
-0.198364,4.8495
-0.182495,4.8264
-0.170288,4.8065
-0.152283,4.7845
-0.133514,4.7626
-0.116882,4.743
-0.100861,4.7241
-0.092163,4.7061
-0.077209,4.6893
-0.067902,4.6695
-0.057983,4.6555
-0.050659,4.6408
-0.04303,4.6255
-0.040741,4.6112
-0.0383,4.5963
-0.036011,4.584
-0.030975,4.5721
-0.033569,4.5615
-0.030975,4.552
-0.029907,4.5425
-0.023499,4.5334
-0.021515,4.5236
-0.026245,4.5142
-0.021362,4.509
-0.017395,4.5038
-0.014191,4.4937
-0.011444,4.4888
-0.00412,4.4843
-0.006561,4.4794
-0.00412,4.4791
-0.003815,4.4739
0.000763,4.4739
0.003357,4.4696
0.005493,4.4696
0.005798,4.4653
0.005798,4.4644
0.008087,4.4647
0.013123,4.4656
0.01297,4.465
0.011749,4.4647
0.010681,4.4644
0.010529,4.4647
0.01297,4.4638
0.015717,4.4647
0.015564,4.4696
0.015564,4.4693
0.015411,4.4696
0.015259,4.469
0.013123,4.4717
0.013123,4.4751
0.012817,4.4745
0.008087,4.4748
0.007935,4.4788
0.008087,4.4797
0.010681,4.4791
0.00824,4.4846
0.005493,4.4839
0.003357,4.4891
0.003204,4.4882
0.00824,4.4894
0.018921,4.4931
0.038757,4.494
0.035095,4.4986
0.012665,4.4992
0.018158,4.5038
-0.002441,4.5038
-0.016327,4.5087
-0.00412,4.5081
-0.001678,4.5139
-0.00412,4.5135
-0.00885,4.519
-0.007477,4.5184
-0.002747,4.523
-0.001373,4.5233
-0.002747,4.5251
-0.003967,4.5288
-0.001678,4.5282
-0.007935,4.5331
-0.073547,4.5334
-0.060272,4.538
0.172119,4.538
0.839081,4.5401
1.039276,4.5422
0.248566,4.5425
-0.341034,4.5477
-0.460358,4.5474
-0.325317,4.5486
-0.170593,4.5474
-0.109253,4.552
-0.083313,4.5523
-0.065155,4.5523
-0.052948,4.552
-0.040741,4.552
-0.030975,4.5551
-0.023956,4.5569
-0.011292,4.5578
-0.001831,4.5572
0.005798,4.5578
0.015564,4.5578
0.020752,4.5578
0.025177,4.5578
0.037079,4.5575
0.051727,4.5566
0.066528,4.5566
0.084686,4.5575
0.110168,4.5523
0.132141,4.5477
0.148468,4.5477
0.157013,4.5419
0.161896,4.538
0.152435,4.5331
0.11673,4.5285
0.054474,4.5193
-0.026703,4.5139
-0.100403,4.509
-0.161743,4.4995
-0.197144,4.4946
-0.209656,4.4858
-0.209351,4.4791
-0.198364,4.4751
-0.181274,4.4647
-0.166931,4.4598
-0.147705,4.4495
-0.130157,4.4452
-0.115662,4.4345
-0.09964,4.4296
-0.085144,4.4211
-0.077515,4.4156
-0.070038,4.4086
-0.061035,4.4009
-0.053253,4.3964
-0.050964,4.3912
-0.041046,4.386
-0.034637,4.382
-0.033722,4.3768
-0.033569,4.3716
-0.030975,4.3677
-0.026093,4.3674
-0.023804,4.3628
-0.028839,4.3613
-0.02121,4.3622
-0.018616,4.3622
-0.019073,4.3625
-0.016479,4.3619
-0.011444,4.3622
-0.00885,4.3619
-0.006714,4.3665
-0.001678,4.3674
0.001221,4.3671
0.005951,4.3723
0.005341,4.3762
0.00061,4.3762
0.004578,4.3823
0.003052,4.386
0.008392,4.3915
0.012817,4.3967
0.012817,4.4009
0.015564,4.4104
0.011749,4.4153
0.01297,4.4208
0.010986,4.4299
0.010834,4.4354
0.010681,4.4452
0.00824,4.454
0.010834,4.4592
0.008392,4.469
0.008392,4.4788
0.00824,4.4891
0.00824,4.4986
0.008392,4.5084
0.010986,4.523
0.008087,4.5331
0.015106,4.5432
0.020447,4.5572
0.022888,4.5676
-0.007324,4.5819
-0.017853,4.5938
-0.00061,4.6057
-0.013428,4.621
-0.004425,4.6359
0.005798,4.6497
0.008087,4.664
0.005493,4.6793
0.008087,4.6964
0.01297,4.7128
0.010529,4.7281
0.015106,4.7476
0.012817,4.7647
0.015411,4.7815
-0.012512,4.8013
-0.063171,4.8233
-0.001221,4.8447
0.318756,4.8642
1.027527,4.8868
0.746613,4.9081
0.078735,4.9319
-0.365448,4.9548
-0.446777,4.9765
-0.310974,5.0012
-0.168457,5.025
-0.106049,5.0504
-0.078125,5.0745
-0.058136,5.0986
-0.045776,5.1245
-0.040741,5.152
-0.030823,5.1764
-0.021057,5.2008
-0.013733,5.2283
-0.009003,5.2539
0.005951,5.278
0.00824,5.3055
0.010681,5.3317
0.018005,5.3571
0.032806,5.3809
0.044556,5.4053
0.059052,5.4294
0.07782,5.4532
0.090332,5.4736
0.109558,5.4971
0.125275,5.5179
0.132751,5.5374
0.13504,5.5569
0.124054,5.5762
0.089722,5.5963
0.035095,5.6161
-0.030518,5.6323
-0.097809,5.6488
-0.140076,5.6647
-0.168915,5.683
-0.177917,5.6985
-0.173187,5.7126
-0.165863,5.7272
-0.149536,5.7431
-0.131378,5.7565
-0.114441,5.7718
-0.101929,5.7858
-0.095825,5.8008
-0.087738,5.813
-0.072327,5.8252
-0.067444,5.8398
-0.058289,5.8539
-0.051575,5.864
-0.047913,5.8786
-0.043182,5.8908
-0.036163,5.9039
-0.033417,5.9174
-0.028381,5.928
-0.031128,5.9421
-0.026093,5.9518
-0.028687,5.9644
-0.02121,5.9769
-0.021362,5.986
-0.020752,6.0004
-0.015106,6.0104
-0.016174,6.0245
-0.013733,6.0349
-0.011292,6.0449
-0.00412,6.0583
-0.006561,6.0696
-0.001526,6.0791
0.00061,6.0925
0.003357,6.1041
0.00061,6.1124
0.003357,6.1224
0.005798,6.1374
0.003204,6.1481
0.003357,6.1569
0.008392,6.1661
0.005951,6.1768
0.008392,6.1908
0.010529,6.2009
0.013275,6.2106
0.013123,6.2204
0.010529,6.2305
0.011902,6.2399
0.0177,6.25
0.03479,6.2595
0.049591,6.2692
0.041962,6.2787
0.06134,6.2888
0.02655,6.2955
-0.005341,6.3031
-0.016327,6.3126
-0.003967,6.3229
-0.007935,6.3324
-0.013885,6.3376
-0.013885,6.3477
-0.009155,6.3568
-0.002594,6.3654
0.003204,6.3718
0.005646,6.3815
0.005646,6.391
-0.012207,6.3965
-0.072784,6.4056
-0.025024,6.4111
0.223541,6.4209
0.886383,6.4291
0.873871,6.4349
0.246277,6.4438
-0.252991,6.4493
-0.442963,6.4551
-0.354919,6.4642
-0.196381,6.4688
-0.113068,6.4786
-0.080109,6.4838
-0.066833,6.489
-0.050354,6.4963
-0.036011,6.5033
-0.028381,6.5082
-0.02121,6.5125
-0.016479,6.5176
-0.009155,6.5228
0.003052,6.5277
0.008087,6.5326
0.010529,6.5372
0.021515,6.543
0.037537,6.5472
0.045929,6.5469
0.060577,6.5527
0.075226,6.5567
0.094757,6.5576
0.117035,6.5622
0.127563,6.5619
0.127716,6.5619
0.135345,6.5616
0.125427,6.5616
0.096893,6.5616
0.043793,6.5616
-0.017548,6.5616
-0.077515,6.5622
-0.124969,6.5625
-0.154419,6.5622
-0.163116,6.5625
-0.160217,6.5573
-0.151062,6.5576
-0.138702,6.5576
-0.117493,6.5521
-0.101929,6.5527
-0.092163,6.5475
-0.082703,6.5472
-0.067596,6.5417
-0.058136,6.5424
-0.053101,6.5381
-0.050812,6.5381
-0.047607,6.5326
-0.046082,6.5326
-0.037994,6.528
-0.034637,6.5268
-0.033264,6.5228
-0.03067,6.5222
-0.027924,6.5179
-0.030975,6.5173
-0.027313,6.5155
-0.023956,6.5134
-0.016022,6.5125
-0.017548,6.5076
-0.017395,6.5082
-0.013733,6.5039
-0.011597,6.503
-0.00885,6.5033
-0.006561,6.4987
-0.006561,6.4978
-0.006561,6.4987
0.0,6.4935
0.000916,6.4941
0.003204,6.4941
0.003357,6.4929
0.005798,6.4886
0.005951,6.4886
0.005646,6.4883
0.00824,6.4847
0.013123,6.4838
0.02655,6.4847
0.055389,6.4841
0.056763,6.4789
0.066223,6.4795
0.057983,6.4789
0.015564,6.4789
-0.007782,6.474
-0.009766,6.474
-0.006409,6.474
-0.018616,6.4731
-0.023651,6.4697
-0.023499,6.4691
-0.016479,6.4685
-0.006409,6.4639
-0.00412,6.4636
0.000763,6.4642
-0.001526,6.46
-0.051575,6.459
-0.064087,6.46
0.076904,6.4572
0.54657,6.4551
1.11145,6.4554
0.532684,6.4545
-0.124969,6.4496
-0.442657,6.449
-0.4039,6.4471
-0.236664,6.445
-0.127869,6.445
-0.08606,6.4395
-0.062866,6.4398
-0.04837,6.4355
-0.036011,6.4355
-0.028381,6.4304
-0.016327,6.4297
-0.006409,6.4249
0.003052,6.4197
0.01297,6.4175
0.020142,6.4154
0.025482,6.4105
0.03418,6.4062
0.041962,6.3968
0.055542,6.3916
0.072632,6.3858
0.089874,6.376
0.114288,6.3675
0.132446,6.3614
0.151367,6.3519
0.158539,6.3425
0.158997,6.333
0.1474,6.3205
0.117188,6.3086
0.063019,6.2982
-0.014648,6.2842
-0.091705,6.2738
-0.149536,6.2598
-0.189056,6.2485
-0.206146,6.2354
-0.207062,6.221
-0.197449,6.2064
-0.180206,6.1957
-0.163116,6.1819
-0.14389,6.1664
-0.125427,6.1523
-0.107117,6.138
-0.089417,6.1276
-0.079956,6.1133
-0.072327,6.0989
-0.064087,6.0849
-0.052948,6.0742
-0.045776,6.059
-0.040588,6.0458
-0.038452,6.0355
-0.033417,6.0208
-0.031281,6.0114
-0.028229,5.9967
-0.028229,5.9866
-0.02594,5.9766
-0.02594,5.9665
-0.02594,5.9525
-0.023346,5.9427
-0.023193,5.9323
-0.018463,5.9229
-0.02121,5.9134
-0.018616,5.903
-0.016327,5.8936
-0.011597,5.8859
-0.006714,5.8792
-0.006409,5.8694
0.000305,5.8594
0.00351,5.8521
0.002136,5.845
0.002899,5.8356
0.005646,5.8276
0.008087,5.8203
0.013123,5.8105
0.010834,5.8057
0.008392,5.7956
0.013275,5.7861
0.01297,5.7806
0.015259,5.7712
0.018158,5.7614
0.015717,5.7541
0.024109,5.7474
0.03952,5.737
0.066681,5.7275
0.054626,5.7178
0.071411,5.7104
0.050507,5.7037
0.00412,5.6937
-0.016327,5.6839
-0.014343,5.6741
-0.011597,5.665
-0.016174,5.6595
-0.023804,5.6503
-0.021515,5.6396
-0.016479,5.6302
-0.016479,5.6229
-0.013733,5.6155
-0.007019,5.6058
-0.006561,5.596
-0.057831,5.5914
-0.06424,5.5814
0.084229,5.5719
0.583191,5.5667
1.133118,5.5573
0.484467,5.5496
-0.218201,5.5423
-0.47226,5.5334
-0.382233,5.527
-0.21225,5.5176
-0.127716,5.5133
-0.093231,5.5032
-0.072784,5.4935
-0.059052,5.4855
-0.043488,5.4785
-0.030823,5.4688
-0.021057,5.4593
-0.013885,5.4498
-0.003815,5.4401
0.005188,5.43
0.015411,5.4199
0.025482,5.4105
0.032806,5.4007
0.039673,5.3867
0.053864,5.3726
0.075226,5.3574
0.085754,5.3424
0.109253,5.3232
0.134125,5.3082
0.149689,5.289
0.161133,5.2661
0.160522,5.2454
0.149841,5.2252
0.123291,5.2029
0.06424,5.1807
-0.010071,5.1572
-0.085602,5.1349
-0.142059,5.1126
-0.180206,5.0891
-0.201263,5.0693
-0.204926,5.0458
-0.19577,5.0235
-0.180511,5.0006
-0.16571,4.9799
-0.149078,4.9576
-0.132446,4.938
-0.119019,4.9161
-0.097961,4.8965
-0.078125,4.8776
-0.065155,4.8569
-0.054016,4.8407
-0.047913,4.8203
-0.038452,4.8053
-0.0383,4.7873
-0.028534,4.7726
-0.031128,4.7577
-0.028687,4.7427
-0.026245,4.7311
-0.023651,4.7183
-0.023651,4.7046
-0.024719,4.6942
-0.025787,4.6838
-0.02594,4.6738
-0.017242,4.6649
-0.016327,4.6552
-0.021057,4.6448
-0.018311,4.6399
-0.013733,4.6298
-0.011444,4.6252
-0.006714,4.6207
-0.006561,4.6158
-0.009003,4.6106
-0.006561,4.6011
0.000763,4.599
0.003357,4.5959
-0.001526,4.5923
0.0,4.5914
0.007172,4.5862
0.00946,4.5868
0.013123,4.5862
0.015564,4.5825
0.01297,4.5816
0.01297,4.5816
0.013123,4.5822
0.008545,4.5813
0.013275,4.581
0.010681,4.581
0.014496,4.5816
0.02533,4.5816
0.053253,4.5816
0.066681,4.5813
0.05188,4.5816
0.071564,4.5816
0.036316,4.5813
-0.001526,4.5871
-0.018463,4.5865
-0.006714,4.5868
-0.006714,4.5865
-0.015259,4.5917
-0.023651,4.5914
-0.021057,4.5917
-0.016327,4.5914
-0.013885,4.5969
-0.013885,4.5963
-0.008545,4.5959
-0.006714,4.6011
-0.060425,4.6014
-0.067596,4.6011
0.09201,4.6069
0.630035,4.6057
1.123962,4.6109
0.431366,4.6109
-0.2388,4.6103
-0.466156,4.6161
-0.36911,4.6164
-0.202942,4.6155
-0.124969,4.6207
-0.089722,4.6213
-0.068512,4.6255
-0.055389,4.6252
-0.040741,4.6255
-0.033417,4.6304
-0.020752,4.6307
-0.013885,4.6301
-0.001831,4.6353
0.005493,4.6359
0.01297,4.6353
0.022736,4.6356
0.03006,4.6405
0.039673,4.6402
0.052032,4.6353
0.066528,4.635
0.083771,4.6332
0.102539,4.6262
0.123138,4.6207
0.142365,4.6066
0.149841,4.5963
0.151978,4.5773
0.145721,4.5621
0.118866,4.5422
0.065002,4.523
-0.013733,4.5035
-0.083008,4.48
-0.138855,4.4598
-0.173645,4.4351
-0.192413,4.411
-0.192261,4.3878
-0.184937,4.3661
-0.172577,4.343
-0.155487,4.3179
-0.13916,4.2944
-0.123749,4.2709
-0.109253,4.2502
-0.094452,4.2267
-0.078888,4.2065
-0.07019,4.1864
-0.06012,4.1669
-0.050659,4.1486
-0.043793,4.1321
-0.040588,4.1135
-0.035858,4.0985
-0.031128,4.0839
-0.023956,4.0707
-0.028687,4.0598
-0.024567,4.0491
-0.025787,4.0396
-0.021362,4.0308
-0.02121,4.0259
-0.023499,4.0207
-0.023193,4.0161
-0.022583,4.0112
-0.015869,4.0109
-0.011444,4.0112
-0.011444,4.0109
-0.00824,4.0106
-0.00412,4.0152
-0.006561,4.0158
-0.001678,4.0207
0.00061,4.0259
-0.00412,4.0298
-0.003967,4.0353
-0.003052,4.0454
0.001068,4.05
0.001068,4.0588
0.000916,4.0643
0.00824,4.0738
0.005798,4.0836
0.003357,4.0939
0.008392,4.1028
0.010681,4.1135
0.00824,4.1229
